-- MySQL dump 10.13  Distrib 5.5.32, for debian-linux-gnu (x86_64)
--
-- Host: localhost    Database: scafdb
-- ------------------------------------------------------
-- Server version	5.5.32-0ubuntu0.12.04.1

/*!40101 SET @OLD_CHARACTER_SET_CLIENT=@@CHARACTER_SET_CLIENT */;
/*!40101 SET @OLD_CHARACTER_SET_RESULTS=@@CHARACTER_SET_RESULTS */;
/*!40101 SET @OLD_COLLATION_CONNECTION=@@COLLATION_CONNECTION */;
/*!40101 SET NAMES utf8 */;
/*!40103 SET @OLD_TIME_ZONE=@@TIME_ZONE */;
/*!40103 SET TIME_ZONE='+00:00' */;
/*!40014 SET @OLD_UNIQUE_CHECKS=@@UNIQUE_CHECKS, UNIQUE_CHECKS=0 */;
/*!40014 SET @OLD_FOREIGN_KEY_CHECKS=@@FOREIGN_KEY_CHECKS, FOREIGN_KEY_CHECKS=0 */;
/*!40101 SET @OLD_SQL_MODE=@@SQL_MODE, SQL_MODE='NO_AUTO_VALUE_ON_ZERO' */;
/*!40111 SET @OLD_SQL_NOTES=@@SQL_NOTES, SQL_NOTES=0 */;

--
-- Table structure for table `acos`
--

DROP TABLE IF EXISTS `acos`;
/*!40101 SET @saved_cs_client     = @@character_set_client */;
/*!40101 SET character_set_client = utf8 */;
CREATE TABLE `acos` (
  `id` int(10) NOT NULL AUTO_INCREMENT,
  `parent_id` int(10) DEFAULT NULL,
  `model` varchar(255) COLLATE utf8_spanish_ci DEFAULT NULL,
  `foreign_key` int(10) DEFAULT NULL,
  `alias` varchar(255) COLLATE utf8_spanish_ci DEFAULT NULL,
  `lft` int(10) DEFAULT NULL,
  `rght` int(10) DEFAULT NULL,
  PRIMARY KEY (`id`)
) ENGINE=InnoDB AUTO_INCREMENT=634 DEFAULT CHARSET=utf8 COLLATE=utf8_spanish_ci;
/*!40101 SET character_set_client = @saved_cs_client */;

--
-- Dumping data for table `acos`
--

LOCK TABLES `acos` WRITE;
/*!40000 ALTER TABLE `acos` DISABLE KEYS */;
INSERT INTO `acos` VALUES (1,NULL,NULL,NULL,'controllers',1,132),(2,1,NULL,NULL,'Actuacionesfiscales',2,13),(3,2,NULL,NULL,'index',3,4),(4,2,NULL,NULL,'view',5,6),(5,2,NULL,NULL,'add',7,8),(6,2,NULL,NULL,'edit',9,10),(7,2,NULL,NULL,'delete',11,12),(8,1,NULL,NULL,'Equipotrabajos',14,25),(9,8,NULL,NULL,'index',15,16),(10,8,NULL,NULL,'view',17,18),(11,8,NULL,NULL,'add',19,20),(12,8,NULL,NULL,'edit',21,22),(13,8,NULL,NULL,'delete',23,24),(14,1,NULL,NULL,'Eventoinspecciones',26,37),(15,14,NULL,NULL,'index',27,28),(16,14,NULL,NULL,'view',29,30),(17,14,NULL,NULL,'add',31,32),(18,14,NULL,NULL,'edit',33,34),(19,14,NULL,NULL,'delete',35,36),(20,1,NULL,NULL,'Eventos',38,49),(21,20,NULL,NULL,'index',39,40),(22,20,NULL,NULL,'view',41,42),(23,20,NULL,NULL,'add',43,44),(24,20,NULL,NULL,'edit',45,46),(25,20,NULL,NULL,'delete',47,48),(26,1,NULL,NULL,'Eventualidades',50,63),(27,26,NULL,NULL,'index',51,52),(28,26,NULL,NULL,'view',53,54),(29,26,NULL,NULL,'add',55,56),(30,26,NULL,NULL,'edit',57,58),(31,26,NULL,NULL,'delete',0,0),(32,26,NULL,NULL,'delete',61,62),(33,1,NULL,NULL,'Groups',64,75),(34,33,NULL,NULL,'index',65,66),(35,33,NULL,NULL,'view',67,68),(36,33,NULL,NULL,'add',69,70),(37,33,NULL,NULL,'edit',71,72),(38,33,NULL,NULL,'delete',73,74),(39,1,NULL,NULL,'Operaciones',76,87),(40,39,NULL,NULL,'index',77,78),(41,39,NULL,NULL,'view',79,80),(42,39,NULL,NULL,'add',81,82),(43,39,NULL,NULL,'edit',83,84),(44,39,NULL,NULL,'delete',85,86),(45,1,NULL,NULL,'Pages',88,91),(46,45,NULL,NULL,'display',89,90),(47,1,NULL,NULL,'Prorrogas',92,103),(48,47,NULL,NULL,'index',93,94),(49,47,NULL,NULL,'view',95,96),(50,47,NULL,NULL,'add',97,98),(51,47,NULL,NULL,'edit',99,100),(52,47,NULL,NULL,'delete',101,102),(53,1,NULL,NULL,'Users',104,121),(54,53,NULL,NULL,'index',105,106),(55,53,NULL,NULL,'view',107,108),(56,53,NULL,NULL,'add',109,110),(57,53,NULL,NULL,'edit',111,112),(58,53,NULL,NULL,'delete',113,114),(59,53,NULL,NULL,'login',115,116),(60,53,NULL,NULL,'logout',117,118),(61,1,NULL,NULL,'AclExtras',122,123),(62,1,NULL,NULL,'DebugKit',124,131),(63,62,NULL,NULL,'ToolbarAccess',125,130),(64,63,NULL,NULL,'history_state',126,127),(65,63,NULL,NULL,'sql_explain',128,129),(66,53,NULL,NULL,'initDB',119,120),(67,NULL,NULL,NULL,'controllers',133,1084),(68,67,NULL,NULL,'Actuacionesfiscales',134,173),(69,68,NULL,NULL,'index',135,136),(71,68,NULL,NULL,'add',137,138),(92,67,NULL,NULL,'Eventualidades',174,213),(95,92,NULL,NULL,'add',175,176),(98,67,NULL,NULL,'Groups',214,247),(99,98,NULL,NULL,'index',215,216),(100,98,NULL,NULL,'view',217,218),(101,98,NULL,NULL,'add',219,220),(102,98,NULL,NULL,'edit',221,222),(104,67,NULL,NULL,'Operaciones',248,281),(107,104,NULL,NULL,'add',249,250),(110,67,NULL,NULL,'Pages',282,309),(111,110,NULL,NULL,'display',283,284),(112,67,NULL,NULL,'Prorrogas',310,347),(113,112,NULL,NULL,'index',311,312),(115,112,NULL,NULL,'add',313,314),(116,112,NULL,NULL,'edit',315,316),(118,67,NULL,NULL,'Users',348,391),(120,118,NULL,NULL,'index',349,350),(121,118,NULL,NULL,'view',351,352),(122,118,NULL,NULL,'add',353,354),(123,118,NULL,NULL,'edit',355,356),(124,118,NULL,NULL,'delete',357,358),(125,118,NULL,NULL,'login',359,360),(126,118,NULL,NULL,'logout',361,362),(127,67,NULL,NULL,'AclExtras',392,393),(128,67,NULL,NULL,'DebugKit',394,425),(129,128,NULL,NULL,'ToolbarAccess',395,424),(130,129,NULL,NULL,'history_state',396,397),(131,129,NULL,NULL,'sql_explain',398,399),(133,68,NULL,NULL,'details',139,140),(134,104,NULL,NULL,'marcar_recibida',251,252),(136,67,NULL,NULL,'ActuacionesfiscalesEventos',426,453),(137,136,NULL,NULL,'finalizar',427,428),(138,92,NULL,NULL,'marcar_revisada',177,178),(139,68,NULL,NULL,'cambiar_fase',141,142),(140,68,NULL,NULL,'terminar',143,144),(141,104,NULL,NULL,'edit',253,254),(142,92,NULL,NULL,'marcar_aprobada',179,180),(143,92,NULL,NULL,'marcar_negada',181,182),(144,92,NULL,NULL,'marcar',183,184),(145,92,NULL,NULL,'edit',185,186),(146,112,NULL,NULL,'marcar_aprobada',317,318),(147,112,NULL,NULL,'marcar_negada',319,320),(148,112,NULL,NULL,'marcar',321,322),(150,67,NULL,NULL,'Json',454,489),(151,150,NULL,NULL,'getPending',455,456),(153,150,NULL,NULL,'getNolaborables',457,458),(154,68,NULL,NULL,'getDiasHabiles',145,146),(155,136,NULL,NULL,'getDiasHabiles',429,430),(157,92,NULL,NULL,'getDiasHabiles',187,188),(158,98,NULL,NULL,'getDiasHabiles',223,224),(159,150,NULL,NULL,'getDiasHabiles',459,460),(160,104,NULL,NULL,'getDiasHabiles',255,256),(161,110,NULL,NULL,'getDiasHabiles',285,286),(162,112,NULL,NULL,'getDiasHabiles',323,324),(163,118,NULL,NULL,'getDiasHabiles',363,364),(164,129,NULL,NULL,'getDiasHabiles',400,401),(169,68,NULL,NULL,'esDiaHabil',147,148),(170,68,NULL,NULL,'getFechaFinFromDH',149,150),(171,136,NULL,NULL,'esDiaHabil',431,432),(172,136,NULL,NULL,'getFechaFinFromDH',433,434),(175,92,NULL,NULL,'esDiaHabil',189,190),(176,92,NULL,NULL,'getFechaFinFromDH',191,192),(177,98,NULL,NULL,'esDiaHabil',225,226),(178,98,NULL,NULL,'getFechaFinFromDH',227,228),(179,150,NULL,NULL,'esDiaHabil',461,462),(180,150,NULL,NULL,'getFechaFinFromDH',463,464),(181,104,NULL,NULL,'esDiaHabil',257,258),(182,104,NULL,NULL,'getFechaFinFromDH',259,260),(183,110,NULL,NULL,'esDiaHabil',287,288),(184,110,NULL,NULL,'getFechaFinFromDH',289,290),(185,112,NULL,NULL,'esDiaHabil',325,326),(186,112,NULL,NULL,'getFechaFinFromDH',327,328),(187,118,NULL,NULL,'esDiaHabil',365,366),(188,118,NULL,NULL,'getFechaFinFromDH',367,368),(189,129,NULL,NULL,'esDiaHabil',402,403),(190,129,NULL,NULL,'getFechaFinFromDH',404,405),(191,67,NULL,NULL,'Direccioncontroles',490,525),(192,191,NULL,NULL,'index',491,492),(193,191,NULL,NULL,'view',493,494),(194,191,NULL,NULL,'add',495,496),(195,191,NULL,NULL,'edit',497,498),(196,191,NULL,NULL,'delete',499,500),(197,191,NULL,NULL,'getDiasHabiles',501,502),(198,191,NULL,NULL,'esDiaHabil',503,504),(199,191,NULL,NULL,'getFechaFinFromDH',505,506),(200,67,NULL,NULL,'Actuacionesorigenes',526,561),(201,200,NULL,NULL,'index',527,528),(202,200,NULL,NULL,'view',529,530),(203,200,NULL,NULL,'add',531,532),(204,200,NULL,NULL,'edit',533,534),(205,200,NULL,NULL,'delete',535,536),(206,200,NULL,NULL,'getDiasHabiles',537,538),(207,200,NULL,NULL,'esDiaHabil',539,540),(208,200,NULL,NULL,'getFechaFinFromDH',541,542),(209,67,NULL,NULL,'Eventos',562,597),(210,209,NULL,NULL,'index',563,564),(211,209,NULL,NULL,'view',565,566),(212,209,NULL,NULL,'add',567,568),(213,209,NULL,NULL,'edit',569,570),(214,209,NULL,NULL,'delete',571,572),(215,209,NULL,NULL,'getDiasHabiles',573,574),(216,209,NULL,NULL,'esDiaHabil',575,576),(217,209,NULL,NULL,'getFechaFinFromDH',577,578),(218,67,NULL,NULL,'Fases',598,629),(219,218,NULL,NULL,'index',599,600),(220,218,NULL,NULL,'view',601,602),(222,218,NULL,NULL,'edit',603,604),(224,218,NULL,NULL,'getDiasHabiles',605,606),(225,218,NULL,NULL,'esDiaHabil',607,608),(226,218,NULL,NULL,'getFechaFinFromDH',609,610),(227,67,NULL,NULL,'Objetos',630,665),(228,227,NULL,NULL,'index',631,632),(229,227,NULL,NULL,'view',633,634),(230,227,NULL,NULL,'add',635,636),(231,227,NULL,NULL,'edit',637,638),(232,227,NULL,NULL,'delete',639,640),(233,227,NULL,NULL,'getDiasHabiles',641,642),(234,227,NULL,NULL,'esDiaHabil',643,644),(235,227,NULL,NULL,'getFechaFinFromDH',645,646),(236,67,NULL,NULL,'Actuaciontipos',666,701),(237,236,NULL,NULL,'index',667,668),(238,236,NULL,NULL,'view',669,670),(239,236,NULL,NULL,'add',671,672),(240,236,NULL,NULL,'edit',673,674),(241,236,NULL,NULL,'delete',675,676),(242,236,NULL,NULL,'getDiasHabiles',677,678),(243,236,NULL,NULL,'esDiaHabil',679,680),(244,236,NULL,NULL,'getFechaFinFromDH',681,682),(245,67,NULL,NULL,'Eventualidadtipos',702,737),(246,245,NULL,NULL,'index',703,704),(247,245,NULL,NULL,'view',705,706),(248,245,NULL,NULL,'add',707,708),(249,245,NULL,NULL,'edit',709,710),(250,245,NULL,NULL,'delete',711,712),(251,245,NULL,NULL,'getDiasHabiles',713,714),(252,245,NULL,NULL,'esDiaHabil',715,716),(253,245,NULL,NULL,'getFechaFinFromDH',717,718),(254,67,NULL,NULL,'Objetotipos',738,773),(255,254,NULL,NULL,'index',739,740),(256,254,NULL,NULL,'view',741,742),(257,254,NULL,NULL,'add',743,744),(258,254,NULL,NULL,'edit',745,746),(259,254,NULL,NULL,'delete',747,748),(260,254,NULL,NULL,'getDiasHabiles',749,750),(261,254,NULL,NULL,'esDiaHabil',751,752),(262,254,NULL,NULL,'getFechaFinFromDH',753,754),(263,67,NULL,NULL,'Anexos',774,809),(264,263,NULL,NULL,'index',775,776),(265,263,NULL,NULL,'view',777,778),(266,263,NULL,NULL,'add',779,780),(267,263,NULL,NULL,'edit',781,782),(268,263,NULL,NULL,'delete',783,784),(269,263,NULL,NULL,'getDiasHabiles',785,786),(270,263,NULL,NULL,'esDiaHabil',787,788),(271,263,NULL,NULL,'getFechaFinFromDH',789,790),(272,67,NULL,NULL,'Mediocomunicaciones',810,845),(273,272,NULL,NULL,'index',811,812),(274,272,NULL,NULL,'view',813,814),(275,272,NULL,NULL,'add',815,816),(276,272,NULL,NULL,'edit',817,818),(277,272,NULL,NULL,'delete',819,820),(278,272,NULL,NULL,'getDiasHabiles',821,822),(279,272,NULL,NULL,'esDiaHabil',823,824),(280,272,NULL,NULL,'getFechaFinFromDH',825,826),(281,67,NULL,NULL,'Funcionarioroles',846,881),(282,281,NULL,NULL,'index',847,848),(283,281,NULL,NULL,'view',849,850),(284,281,NULL,NULL,'add',851,852),(285,281,NULL,NULL,'edit',853,854),(286,281,NULL,NULL,'delete',855,856),(287,281,NULL,NULL,'getDiasHabiles',857,858),(288,281,NULL,NULL,'esDiaHabil',859,860),(289,281,NULL,NULL,'getFechaFinFromDH',861,862),(290,67,NULL,NULL,'Funcionarios',882,917),(291,290,NULL,NULL,'index',883,884),(292,290,NULL,NULL,'view',885,886),(293,290,NULL,NULL,'add',887,888),(294,290,NULL,NULL,'edit',889,890),(295,290,NULL,NULL,'delete',891,892),(296,290,NULL,NULL,'getDiasHabiles',893,894),(297,290,NULL,NULL,'esDiaHabil',895,896),(298,290,NULL,NULL,'getFechaFinFromDH',897,898),(299,68,NULL,NULL,'getAuthUser',151,152),(300,136,NULL,NULL,'getAuthUser',435,436),(301,200,NULL,NULL,'getAuthUser',543,544),(302,236,NULL,NULL,'getAuthUser',683,684),(303,263,NULL,NULL,'getAuthUser',791,792),(304,191,NULL,NULL,'getAuthUser',507,508),(306,209,NULL,NULL,'getAuthUser',579,580),(307,92,NULL,NULL,'getAuthUser',193,194),(308,245,NULL,NULL,'getAuthUser',719,720),(309,218,NULL,NULL,'getAuthUser',611,612),(310,281,NULL,NULL,'getAuthUser',863,864),(311,290,NULL,NULL,'getAuthUser',899,900),(312,98,NULL,NULL,'getAuthUser',229,230),(313,150,NULL,NULL,'getAuthUser',465,466),(314,272,NULL,NULL,'getAuthUser',827,828),(315,67,NULL,NULL,'Nolaborables',918,951),(316,315,NULL,NULL,'index',919,920),(318,315,NULL,NULL,'add',921,922),(319,315,NULL,NULL,'edit',923,924),(320,315,NULL,NULL,'delete',925,926),(321,315,NULL,NULL,'getDiasHabiles',927,928),(322,315,NULL,NULL,'esDiaHabil',929,930),(323,315,NULL,NULL,'getFechaFinFromDH',931,932),(324,315,NULL,NULL,'getAuthUser',933,934),(325,227,NULL,NULL,'getAuthUser',647,648),(326,254,NULL,NULL,'getAuthUser',755,756),(327,104,NULL,NULL,'getAuthUser',261,262),(328,110,NULL,NULL,'getAuthUser',291,292),(329,112,NULL,NULL,'getAuthUser',329,330),(330,118,NULL,NULL,'getAuthUser',369,370),(331,129,NULL,NULL,'getAuthUser',406,407),(332,67,NULL,NULL,'AnexosOperaciones',952,979),(338,332,NULL,NULL,'getDiasHabiles',953,954),(339,332,NULL,NULL,'esDiaHabil',955,956),(340,332,NULL,NULL,'getFechaFinFromDH',957,958),(341,332,NULL,NULL,'getAuthUser',959,960),(342,332,NULL,NULL,'recibidos',961,962),(343,67,NULL,NULL,'Reportes',980,1015),(344,343,NULL,NULL,'index',981,982),(345,343,NULL,NULL,'byStatus',983,984),(346,343,NULL,NULL,'byTime',985,986),(347,343,NULL,NULL,'byTimeDetail',987,988),(348,343,NULL,NULL,'getDiasHabiles',989,990),(349,343,NULL,NULL,'esDiaHabil',991,992),(350,343,NULL,NULL,'getFechaFinFromDH',993,994),(351,343,NULL,NULL,'getAuthUser',995,996),(352,150,NULL,NULL,'getOperacionesEvento',467,468),(353,150,NULL,NULL,'getEventualidadesEvento',469,470),(354,343,NULL,NULL,'consolidado',997,998),(355,68,NULL,NULL,'edit',153,154),(380,118,NULL,NULL,'initDB',371,372),(383,68,NULL,NULL,'runUnauthorized',155,156),(384,136,NULL,NULL,'runUnauthorized',437,438),(385,200,NULL,NULL,'runUnauthorized',545,546),(386,236,NULL,NULL,'runUnauthorized',685,686),(387,263,NULL,NULL,'runUnauthorized',793,794),(388,332,NULL,NULL,'runUnauthorized',963,964),(389,191,NULL,NULL,'runUnauthorized',509,510),(390,209,NULL,NULL,'runUnauthorized',581,582),(391,92,NULL,NULL,'runUnauthorized',195,196),(392,245,NULL,NULL,'runUnauthorized',721,722),(393,218,NULL,NULL,'runUnauthorized',613,614),(394,281,NULL,NULL,'runUnauthorized',865,866),(395,290,NULL,NULL,'runUnauthorized',901,902),(396,98,NULL,NULL,'runUnauthorized',231,232),(397,150,NULL,NULL,'runUnauthorized',471,472),(398,272,NULL,NULL,'runUnauthorized',829,830),(399,315,NULL,NULL,'runUnauthorized',935,936),(400,227,NULL,NULL,'runUnauthorized',649,650),(401,254,NULL,NULL,'runUnauthorized',757,758),(402,104,NULL,NULL,'runUnauthorized',263,264),(403,110,NULL,NULL,'runUnauthorized',293,294),(404,112,NULL,NULL,'runUnauthorized',331,332),(405,343,NULL,NULL,'runUnauthorized',999,1000),(406,118,NULL,NULL,'password',373,374),(407,118,NULL,NULL,'runUnauthorized',375,376),(408,129,NULL,NULL,'runUnauthorized',408,409),(421,68,NULL,NULL,'getNextNumeroAf',157,158),(422,68,NULL,NULL,'getFechasFromDH',159,160),(423,136,NULL,NULL,'getFechasFromDH',439,440),(424,200,NULL,NULL,'getFechasFromDH',547,548),(425,236,NULL,NULL,'getFechasFromDH',687,688),(426,263,NULL,NULL,'getFechasFromDH',795,796),(427,332,NULL,NULL,'getFechasFromDH',965,966),(428,67,NULL,NULL,'Credenciales',1016,1051),(429,428,NULL,NULL,'index',1017,1018),(430,428,NULL,NULL,'view',1019,1020),(431,428,NULL,NULL,'add',1021,1022),(432,428,NULL,NULL,'edit',1023,1024),(433,428,NULL,NULL,'delete',1025,1026),(434,428,NULL,NULL,'getDiasHabiles',1027,1028),(435,428,NULL,NULL,'esDiaHabil',1029,1030),(436,428,NULL,NULL,'getFechaFinFromDH',1031,1032),(437,428,NULL,NULL,'getFechasFromDH',1033,1034),(438,428,NULL,NULL,'getAuthUser',1035,1036),(439,428,NULL,NULL,'runUnauthorized',1037,1038),(440,191,NULL,NULL,'getFechasFromDH',511,512),(441,209,NULL,NULL,'getFechasFromDH',583,584),(442,92,NULL,NULL,'getFechasFromDH',197,198),(443,245,NULL,NULL,'getFechasFromDH',723,724),(444,218,NULL,NULL,'getFechasFromDH',615,616),(445,281,NULL,NULL,'getFechasFromDH',867,868),(446,290,NULL,NULL,'getFechasFromDH',903,904),(447,98,NULL,NULL,'getFechasFromDH',233,234),(448,150,NULL,NULL,'getFechasFromDH',473,474),(449,272,NULL,NULL,'getFechasFromDH',831,832),(450,315,NULL,NULL,'getFechasFromDH',937,938),(451,227,NULL,NULL,'getFechasFromDH',651,652),(452,254,NULL,NULL,'getFechasFromDH',759,760),(453,104,NULL,NULL,'getFechasFromDH',265,266),(454,110,NULL,NULL,'getFechasFromDH',295,296),(455,112,NULL,NULL,'getFechasFromDH',333,334),(456,343,NULL,NULL,'getFechasFromDH',1001,1002),(457,118,NULL,NULL,'getFechasFromDH',377,378),(458,129,NULL,NULL,'getFechasFromDH',410,411),(459,150,NULL,NULL,'getFuncionariosByRol',475,476),(460,68,NULL,NULL,'getOtrosNolaborablesByAF',161,162),(461,68,NULL,NULL,'getActuacionesfiscaleDetails',163,164),(462,68,NULL,NULL,'getFechasDiff',165,166),(463,68,NULL,NULL,'getProrrogasByAF',167,168),(464,68,NULL,NULL,'getFechasByFases',169,170),(465,68,NULL,NULL,'getDiasEjecutadosByEventosAF',171,172),(466,136,NULL,NULL,'getOtrosNolaborablesByAF',441,442),(467,136,NULL,NULL,'getActuacionesfiscaleDetails',443,444),(468,136,NULL,NULL,'getFechasDiff',445,446),(469,136,NULL,NULL,'getProrrogasByAF',447,448),(470,136,NULL,NULL,'getFechasByFases',449,450),(471,136,NULL,NULL,'getDiasEjecutadosByEventosAF',451,452),(472,200,NULL,NULL,'getOtrosNolaborablesByAF',549,550),(473,200,NULL,NULL,'getActuacionesfiscaleDetails',551,552),(474,200,NULL,NULL,'getFechasDiff',553,554),(475,200,NULL,NULL,'getProrrogasByAF',555,556),(476,200,NULL,NULL,'getFechasByFases',557,558),(477,200,NULL,NULL,'getDiasEjecutadosByEventosAF',559,560),(478,236,NULL,NULL,'getOtrosNolaborablesByAF',689,690),(479,236,NULL,NULL,'getActuacionesfiscaleDetails',691,692),(480,236,NULL,NULL,'getFechasDiff',693,694),(481,236,NULL,NULL,'getProrrogasByAF',695,696),(482,236,NULL,NULL,'getFechasByFases',697,698),(483,236,NULL,NULL,'getDiasEjecutadosByEventosAF',699,700),(484,263,NULL,NULL,'getOtrosNolaborablesByAF',797,798),(485,263,NULL,NULL,'getActuacionesfiscaleDetails',799,800),(486,263,NULL,NULL,'getFechasDiff',801,802),(487,263,NULL,NULL,'getProrrogasByAF',803,804),(488,263,NULL,NULL,'getFechasByFases',805,806),(489,263,NULL,NULL,'getDiasEjecutadosByEventosAF',807,808),(490,332,NULL,NULL,'getOtrosNolaborablesByAF',967,968),(491,332,NULL,NULL,'getActuacionesfiscaleDetails',969,970),(492,332,NULL,NULL,'getFechasDiff',971,972),(493,332,NULL,NULL,'getProrrogasByAF',973,974),(494,332,NULL,NULL,'getFechasByFases',975,976),(495,332,NULL,NULL,'getDiasEjecutadosByEventosAF',977,978),(496,428,NULL,NULL,'getOtrosNolaborablesByAF',1039,1040),(497,428,NULL,NULL,'getActuacionesfiscaleDetails',1041,1042),(498,428,NULL,NULL,'getFechasDiff',1043,1044),(499,428,NULL,NULL,'getProrrogasByAF',1045,1046),(500,428,NULL,NULL,'getFechasByFases',1047,1048),(501,428,NULL,NULL,'getDiasEjecutadosByEventosAF',1049,1050),(502,191,NULL,NULL,'getOtrosNolaborablesByAF',513,514),(503,191,NULL,NULL,'getActuacionesfiscaleDetails',515,516),(504,191,NULL,NULL,'getFechasDiff',517,518),(505,191,NULL,NULL,'getProrrogasByAF',519,520),(506,191,NULL,NULL,'getFechasByFases',521,522),(507,191,NULL,NULL,'getDiasEjecutadosByEventosAF',523,524),(508,209,NULL,NULL,'getOtrosNolaborablesByAF',585,586),(509,209,NULL,NULL,'getActuacionesfiscaleDetails',587,588),(510,209,NULL,NULL,'getFechasDiff',589,590),(511,209,NULL,NULL,'getProrrogasByAF',591,592),(512,209,NULL,NULL,'getFechasByFases',593,594),(513,209,NULL,NULL,'getDiasEjecutadosByEventosAF',595,596),(514,92,NULL,NULL,'delete',199,200),(515,92,NULL,NULL,'getOtrosNolaborablesByAF',201,202),(516,92,NULL,NULL,'getActuacionesfiscaleDetails',203,204),(517,92,NULL,NULL,'getFechasDiff',205,206),(518,92,NULL,NULL,'getProrrogasByAF',207,208),(519,92,NULL,NULL,'getFechasByFases',209,210),(520,92,NULL,NULL,'getDiasEjecutadosByEventosAF',211,212),(521,245,NULL,NULL,'getOtrosNolaborablesByAF',725,726),(522,245,NULL,NULL,'getActuacionesfiscaleDetails',727,728),(523,245,NULL,NULL,'getFechasDiff',729,730),(524,245,NULL,NULL,'getProrrogasByAF',731,732),(525,245,NULL,NULL,'getFechasByFases',733,734),(526,245,NULL,NULL,'getDiasEjecutadosByEventosAF',735,736),(527,218,NULL,NULL,'getOtrosNolaborablesByAF',617,618),(528,218,NULL,NULL,'getActuacionesfiscaleDetails',619,620),(529,218,NULL,NULL,'getFechasDiff',621,622),(530,218,NULL,NULL,'getProrrogasByAF',623,624),(531,218,NULL,NULL,'getFechasByFases',625,626),(532,218,NULL,NULL,'getDiasEjecutadosByEventosAF',627,628),(533,281,NULL,NULL,'getOtrosNolaborablesByAF',869,870),(534,281,NULL,NULL,'getActuacionesfiscaleDetails',871,872),(535,281,NULL,NULL,'getFechasDiff',873,874),(536,281,NULL,NULL,'getProrrogasByAF',875,876),(537,281,NULL,NULL,'getFechasByFases',877,878),(538,281,NULL,NULL,'getDiasEjecutadosByEventosAF',879,880),(539,290,NULL,NULL,'getOtrosNolaborablesByAF',905,906),(540,290,NULL,NULL,'getActuacionesfiscaleDetails',907,908),(541,290,NULL,NULL,'getFechasDiff',909,910),(542,290,NULL,NULL,'getProrrogasByAF',911,912),(543,290,NULL,NULL,'getFechasByFases',913,914),(544,290,NULL,NULL,'getDiasEjecutadosByEventosAF',915,916),(545,98,NULL,NULL,'getOtrosNolaborablesByAF',235,236),(546,98,NULL,NULL,'getActuacionesfiscaleDetails',237,238),(547,98,NULL,NULL,'getFechasDiff',239,240),(548,98,NULL,NULL,'getProrrogasByAF',241,242),(549,98,NULL,NULL,'getFechasByFases',243,244),(550,98,NULL,NULL,'getDiasEjecutadosByEventosAF',245,246),(551,150,NULL,NULL,'getOtrosNolaborablesByAF',477,478),(552,150,NULL,NULL,'getActuacionesfiscaleDetails',479,480),(553,150,NULL,NULL,'getFechasDiff',481,482),(554,150,NULL,NULL,'getProrrogasByAF',483,484),(555,150,NULL,NULL,'getFechasByFases',485,486),(556,150,NULL,NULL,'getDiasEjecutadosByEventosAF',487,488),(557,272,NULL,NULL,'getOtrosNolaborablesByAF',833,834),(558,272,NULL,NULL,'getActuacionesfiscaleDetails',835,836),(559,272,NULL,NULL,'getFechasDiff',837,838),(560,272,NULL,NULL,'getProrrogasByAF',839,840),(561,272,NULL,NULL,'getFechasByFases',841,842),(562,272,NULL,NULL,'getDiasEjecutadosByEventosAF',843,844),(563,315,NULL,NULL,'getOtrosNolaborablesByAF',939,940),(564,315,NULL,NULL,'getActuacionesfiscaleDetails',941,942),(565,315,NULL,NULL,'getFechasDiff',943,944),(566,315,NULL,NULL,'getProrrogasByAF',945,946),(567,315,NULL,NULL,'getFechasByFases',947,948),(568,315,NULL,NULL,'getDiasEjecutadosByEventosAF',949,950),(569,227,NULL,NULL,'getOtrosNolaborablesByAF',653,654),(570,227,NULL,NULL,'getActuacionesfiscaleDetails',655,656),(571,227,NULL,NULL,'getFechasDiff',657,658),(572,227,NULL,NULL,'getProrrogasByAF',659,660),(573,227,NULL,NULL,'getFechasByFases',661,662),(574,227,NULL,NULL,'getDiasEjecutadosByEventosAF',663,664),(575,254,NULL,NULL,'getOtrosNolaborablesByAF',761,762),(576,254,NULL,NULL,'getActuacionesfiscaleDetails',763,764),(577,254,NULL,NULL,'getFechasDiff',765,766),(578,254,NULL,NULL,'getProrrogasByAF',767,768),(579,254,NULL,NULL,'getFechasByFases',769,770),(580,254,NULL,NULL,'getDiasEjecutadosByEventosAF',771,772),(581,104,NULL,NULL,'delete',267,268),(582,104,NULL,NULL,'getOtrosNolaborablesByAF',269,270),(583,104,NULL,NULL,'getActuacionesfiscaleDetails',271,272),(584,104,NULL,NULL,'getFechasDiff',273,274),(585,104,NULL,NULL,'getProrrogasByAF',275,276),(586,104,NULL,NULL,'getFechasByFases',277,278),(587,104,NULL,NULL,'getDiasEjecutadosByEventosAF',279,280),(588,110,NULL,NULL,'getOtrosNolaborablesByAF',297,298),(589,110,NULL,NULL,'getActuacionesfiscaleDetails',299,300),(590,110,NULL,NULL,'getFechasDiff',301,302),(591,110,NULL,NULL,'getProrrogasByAF',303,304),(592,110,NULL,NULL,'getFechasByFases',305,306),(593,110,NULL,NULL,'getDiasEjecutadosByEventosAF',307,308),(594,112,NULL,NULL,'getOtrosNolaborablesByAF',335,336),(595,112,NULL,NULL,'getActuacionesfiscaleDetails',337,338),(596,112,NULL,NULL,'getFechasDiff',339,340),(597,112,NULL,NULL,'getProrrogasByAF',341,342),(598,112,NULL,NULL,'getFechasByFases',343,344),(599,112,NULL,NULL,'getDiasEjecutadosByEventosAF',345,346),(600,343,NULL,NULL,'getOtrosNolaborablesByAF',1003,1004),(601,343,NULL,NULL,'getActuacionesfiscaleDetails',1005,1006),(602,343,NULL,NULL,'getFechasDiff',1007,1008),(603,343,NULL,NULL,'getProrrogasByAF',1009,1010),(604,343,NULL,NULL,'getFechasByFases',1011,1012),(605,343,NULL,NULL,'getDiasEjecutadosByEventosAF',1013,1014),(606,118,NULL,NULL,'getOtrosNolaborablesByAF',379,380),(607,118,NULL,NULL,'getActuacionesfiscaleDetails',381,382),(608,118,NULL,NULL,'getFechasDiff',383,384),(609,118,NULL,NULL,'getProrrogasByAF',385,386),(610,118,NULL,NULL,'getFechasByFases',387,388),(611,118,NULL,NULL,'getDiasEjecutadosByEventosAF',389,390),(612,129,NULL,NULL,'getOtrosNolaborablesByAF',412,413),(613,129,NULL,NULL,'getActuacionesfiscaleDetails',414,415),(614,129,NULL,NULL,'getFechasDiff',416,417),(615,129,NULL,NULL,'getProrrogasByAF',418,419),(616,129,NULL,NULL,'getFechasByFases',420,421),(617,129,NULL,NULL,'getDiasEjecutadosByEventosAF',422,423),(618,67,NULL,NULL,'Equipotrabajos',1052,1079),(619,618,NULL,NULL,'delete',1053,1054),(620,618,NULL,NULL,'getDiasHabiles',1055,1056),(621,618,NULL,NULL,'esDiaHabil',1057,1058),(622,618,NULL,NULL,'getFechaFinFromDH',1059,1060),(623,618,NULL,NULL,'getFechasFromDH',1061,1062),(624,618,NULL,NULL,'getAuthUser',1063,1064),(625,618,NULL,NULL,'runUnauthorized',1065,1066),(626,618,NULL,NULL,'getOtrosNolaborablesByAF',1067,1068),(627,618,NULL,NULL,'getActuacionesfiscaleDetails',1069,1070),(628,618,NULL,NULL,'getFechasDiff',1071,1072),(629,618,NULL,NULL,'getProrrogasByAF',1073,1074),(630,618,NULL,NULL,'getFechasByFases',1075,1076),(631,618,NULL,NULL,'getDiasEjecutadosByEventosAF',1077,1078),(632,67,NULL,NULL,'AuditLog',1080,1081),(633,67,NULL,NULL,'FilterResults',1082,1083);
/*!40000 ALTER TABLE `acos` ENABLE KEYS */;
UNLOCK TABLES;

--
-- Table structure for table `actuacionesfiscales`
--

DROP TABLE IF EXISTS `actuacionesfiscales`;
/*!40101 SET @saved_cs_client     = @@character_set_client */;
/*!40101 SET character_set_client = utf8 */;
CREATE TABLE `actuacionesfiscales` (
  `id` int(11) NOT NULL AUTO_INCREMENT,
  `numero` varchar(8) COLLATE utf8_spanish_ci NOT NULL,
  `alcance` text COLLATE utf8_spanish_ci,
  `obj_general` text COLLATE utf8_spanish_ci NOT NULL,
  `fecha_inicio_estimada` date DEFAULT NULL,
  `fecha_fin_estimada` date DEFAULT NULL,
  `fecha_inicio` date DEFAULT NULL,
  `fecha_fin` date DEFAULT NULL,
  `dh_planificacion` int(2) NOT NULL,
  `dh_ejecucion` int(2) NOT NULL,
  `dh_resultados` int(2) NOT NULL,
  `ejercicio_economico` varchar(4) COLLATE utf8_spanish_ci NOT NULL,
  `fase_id` int(11) NOT NULL DEFAULT '1',
  `actuacionesorigene_id` int(11) NOT NULL,
  `actuaciontipo_id` int(11) NOT NULL,
  `objeto_id` int(11) NOT NULL,
  `user_id` int(11) NOT NULL,
  `direccioncontrole_id` int(11) NOT NULL,
  PRIMARY KEY (`id`),
  KEY `fk_actuacionesfiscales_fases_idx` (`fase_id`),
  KEY `fk_actuacionesfiscales_actuacionesorigenes1_idx` (`actuacionesorigene_id`),
  KEY `fk_actuacionesfiscales_actuaciontipos1_idx` (`actuaciontipo_id`),
  KEY `fk_actuacionesfiscales_organos1_idx` (`objeto_id`),
  KEY `fk_actuacionesfiscales_users1_idx` (`user_id`),
  KEY `fk_actuacionesfiscales_direccioncontroles1_idx` (`direccioncontrole_id`),
  CONSTRAINT `fk_actuacionesfiscales_actuacionesorigenes1` FOREIGN KEY (`actuacionesorigene_id`) REFERENCES `actuacionesorigenes` (`id`) ON DELETE CASCADE ON UPDATE CASCADE,
  CONSTRAINT `fk_actuacionesfiscales_actuaciontipos1` FOREIGN KEY (`actuaciontipo_id`) REFERENCES `actuaciontipos` (`id`) ON DELETE CASCADE ON UPDATE CASCADE,
  CONSTRAINT `fk_actuacionesfiscales_direccioncontroles1` FOREIGN KEY (`direccioncontrole_id`) REFERENCES `direccioncontroles` (`id`) ON DELETE CASCADE ON UPDATE CASCADE,
  CONSTRAINT `fk_actuacionesfiscales_fases` FOREIGN KEY (`fase_id`) REFERENCES `fases` (`id`) ON DELETE CASCADE ON UPDATE CASCADE,
  CONSTRAINT `fk_actuacionesfiscales_organos1` FOREIGN KEY (`objeto_id`) REFERENCES `objetos` (`id`) ON DELETE CASCADE ON UPDATE CASCADE,
  CONSTRAINT `fk_actuacionesfiscales_users1` FOREIGN KEY (`user_id`) REFERENCES `users` (`id`) ON DELETE CASCADE ON UPDATE CASCADE
) ENGINE=InnoDB DEFAULT CHARSET=utf8 COLLATE=utf8_spanish_ci;
/*!40101 SET character_set_client = @saved_cs_client */;

--
-- Dumping data for table `actuacionesfiscales`
--

LOCK TABLES `actuacionesfiscales` WRITE;
/*!40000 ALTER TABLE `actuacionesfiscales` DISABLE KEYS */;
/*!40000 ALTER TABLE `actuacionesfiscales` ENABLE KEYS */;
UNLOCK TABLES;

--
-- Table structure for table `actuacionesfiscales_eventos`
--

DROP TABLE IF EXISTS `actuacionesfiscales_eventos`;
/*!40101 SET @saved_cs_client     = @@character_set_client */;
/*!40101 SET character_set_client = utf8 */;
CREATE TABLE `actuacionesfiscales_eventos` (
  `id` int(11) NOT NULL AUTO_INCREMENT,
  `evento_id` int(11) NOT NULL,
  `actuacionesfiscale_id` int(11) NOT NULL,
  `fecha_inicio` datetime DEFAULT NULL,
  `fecha_fin` datetime DEFAULT NULL,
  `es_completado` tinyint(1) NOT NULL DEFAULT '0',
  `es_activo` tinyint(1) NOT NULL DEFAULT '0',
  PRIMARY KEY (`id`),
  KEY `fk_eventos_has_actuacionesfiscales_actuacionesfiscales1_idx` (`actuacionesfiscale_id`),
  KEY `fk_eventos_has_actuacionesfiscales_eventos1_idx` (`evento_id`),
  CONSTRAINT `actuacionesfiscales_eventos_ibfk_2` FOREIGN KEY (`evento_id`) REFERENCES `eventos` (`id`) ON DELETE CASCADE ON UPDATE CASCADE,
  CONSTRAINT `fk_eventos_has_actuacionesfiscales_actuacionesfiscales1` FOREIGN KEY (`actuacionesfiscale_id`) REFERENCES `actuacionesfiscales` (`id`) ON DELETE CASCADE ON UPDATE CASCADE
) ENGINE=InnoDB AUTO_INCREMENT=56 DEFAULT CHARSET=utf8 COLLATE=utf8_spanish_ci;
/*!40101 SET character_set_client = @saved_cs_client */;

--
-- Dumping data for table `actuacionesfiscales_eventos`
--

LOCK TABLES `actuacionesfiscales_eventos` WRITE;
/*!40000 ALTER TABLE `actuacionesfiscales_eventos` DISABLE KEYS */;
/*!40000 ALTER TABLE `actuacionesfiscales_eventos` ENABLE KEYS */;
UNLOCK TABLES;

--
-- Table structure for table `actuacionesorigenes`
--

DROP TABLE IF EXISTS `actuacionesorigenes`;
/*!40101 SET @saved_cs_client     = @@character_set_client */;
/*!40101 SET character_set_client = utf8 */;
CREATE TABLE `actuacionesorigenes` (
  `id` int(11) NOT NULL AUTO_INCREMENT,
  `denominacion` varchar(200) COLLATE utf8_spanish_ci NOT NULL,
  PRIMARY KEY (`id`)
) ENGINE=InnoDB AUTO_INCREMENT=6 DEFAULT CHARSET=utf8 COLLATE=utf8_spanish_ci;
/*!40101 SET character_set_client = @saved_cs_client */;

--
-- Dumping data for table `actuacionesorigenes`
--

LOCK TABLES `actuacionesorigenes` WRITE;
/*!40000 ALTER TABLE `actuacionesorigenes` DISABLE KEYS */;
INSERT INTO `actuacionesorigenes` VALUES (1,'Plan de Actuaciones Fiscales'),(2,'Solicitudes de Investigación o Actuaciones Encomendadas por el Contralor del Estado Mérida'),(3,'Solicitudes de Investigación o Actuaciones Encomendadas por la Contraloría General de la República'),(4,'Requerimiento de Autoridad u Órgano de la Administración Pública Estadal'),(5,'Denuncias Valoradas y Tramitadas por la Oficina de Atención al Ciudadano');
/*!40000 ALTER TABLE `actuacionesorigenes` ENABLE KEYS */;
UNLOCK TABLES;

--
-- Table structure for table `actuaciontipos`
--

DROP TABLE IF EXISTS `actuaciontipos`;
/*!40101 SET @saved_cs_client     = @@character_set_client */;
/*!40101 SET character_set_client = utf8 */;
CREATE TABLE `actuaciontipos` (
  `id` int(11) NOT NULL AUTO_INCREMENT,
  `denominacion` varchar(200) COLLATE utf8_spanish_ci NOT NULL,
  PRIMARY KEY (`id`)
) ENGINE=InnoDB AUTO_INCREMENT=5 DEFAULT CHARSET=utf8 COLLATE=utf8_spanish_ci;
/*!40101 SET character_set_client = @saved_cs_client */;

--
-- Dumping data for table `actuaciontipos`
--

LOCK TABLES `actuaciontipos` WRITE;
/*!40000 ALTER TABLE `actuaciontipos` DISABLE KEYS */;
INSERT INTO `actuaciontipos` VALUES (1,'Auditoria Operativa'),(2,'Auditoria de Gestión Ambiental'),(3,'Seguimiento de actuación fiscal'),(4,'Auditoria de Cumplimiento');
/*!40000 ALTER TABLE `actuaciontipos` ENABLE KEYS */;
UNLOCK TABLES;

--
-- Table structure for table `anexos`
--

DROP TABLE IF EXISTS `anexos`;
/*!40101 SET @saved_cs_client     = @@character_set_client */;
/*!40101 SET character_set_client = utf8 */;
CREATE TABLE `anexos` (
  `id` int(11) NOT NULL AUTO_INCREMENT,
  `denominacion` varchar(100) COLLATE utf8_spanish_ci NOT NULL,
  `fase_id` int(11) NOT NULL,
  PRIMARY KEY (`id`),
  KEY `fk_anexos_fases1_idx` (`fase_id`),
  CONSTRAINT `fk_anexos_fases1` FOREIGN KEY (`fase_id`) REFERENCES `fases` (`id`) ON DELETE CASCADE ON UPDATE CASCADE
) ENGINE=InnoDB AUTO_INCREMENT=15 DEFAULT CHARSET=utf8 COLLATE=utf8_spanish_ci;
/*!40101 SET character_set_client = @saved_cs_client */;

--
-- Dumping data for table `anexos`
--

LOCK TABLES `anexos` WRITE;
/*!40000 ALTER TABLE `anexos` DISABLE KEYS */;
INSERT INTO `anexos` VALUES (1,'Oficio solicitud de información inicial',1),(2,'Programa de trabajo',1),(3,'Cuestionario de evaluación de control interno',1),(4,'Oficio de requerimientos',1),(5,'Evaluación de riesgo',1),(6,'Oficios credenciales del equipo auditor',1),(7,'Oficio de remisión del cuestionario del control interno',1),(8,'Autorización de salida de equipos',2),(9,'Acta de culminación',2),(10,'Informe Original',3),(11,'Informe Preliminar',3),(12,'Informe Definitivo',3),(13,'Resumen Ejecutivo',3),(14,'Valoraciones del informe preliminar',1);
/*!40000 ALTER TABLE `anexos` ENABLE KEYS */;
UNLOCK TABLES;

--
-- Table structure for table `anexos_eventos`
--

DROP TABLE IF EXISTS `anexos_eventos`;
/*!40101 SET @saved_cs_client     = @@character_set_client */;
/*!40101 SET character_set_client = utf8 */;
CREATE TABLE `anexos_eventos` (
  `id` int(11) NOT NULL AUTO_INCREMENT,
  `anexo_id` int(11) NOT NULL,
  `evento_id` int(11) NOT NULL,
  PRIMARY KEY (`id`),
  KEY `fk_anexos_eventos_anexos1_idx` (`anexo_id`),
  KEY `fk_anexos_eventos_eventos1_idx` (`evento_id`)
) ENGINE=InnoDB AUTO_INCREMENT=18 DEFAULT CHARSET=utf8 COLLATE=utf8_spanish_ci;
/*!40101 SET character_set_client = @saved_cs_client */;

--
-- Dumping data for table `anexos_eventos`
--

LOCK TABLES `anexos_eventos` WRITE;
/*!40000 ALTER TABLE `anexos_eventos` DISABLE KEYS */;
INSERT INTO `anexos_eventos` VALUES (3,2,1),(4,2,2),(5,3,2),(6,4,2),(7,5,2),(8,6,3),(9,9,5),(10,10,6),(11,11,7),(12,12,8),(13,13,9),(14,1,1),(16,8,3),(17,14,10);
/*!40000 ALTER TABLE `anexos_eventos` ENABLE KEYS */;
UNLOCK TABLES;

--
-- Table structure for table `anexos_operaciones`
--

DROP TABLE IF EXISTS `anexos_operaciones`;
/*!40101 SET @saved_cs_client     = @@character_set_client */;
/*!40101 SET character_set_client = utf8 */;
CREATE TABLE `anexos_operaciones` (
  `id` int(11) NOT NULL AUTO_INCREMENT,
  `anexo_id` int(11) NOT NULL,
  `operacione_id` int(11) NOT NULL,
  `remitido` tinyint(1) DEFAULT '0',
  `recibido` tinyint(1) DEFAULT '0',
  PRIMARY KEY (`id`),
  KEY `fk_anexos_operaciones_anexos1_idx` (`anexo_id`),
  KEY `fk_anexos_operaciones_operaciones1_idx` (`operacione_id`),
  CONSTRAINT `anexos_operaciones_ibfk_1` FOREIGN KEY (`anexo_id`) REFERENCES `anexos` (`id`) ON DELETE CASCADE ON UPDATE CASCADE,
  CONSTRAINT `anexos_operaciones_ibfk_2` FOREIGN KEY (`operacione_id`) REFERENCES `operaciones` (`id`) ON DELETE CASCADE ON UPDATE CASCADE
) ENGINE=InnoDB AUTO_INCREMENT=5 DEFAULT CHARSET=utf8 COLLATE=utf8_spanish_ci;
/*!40101 SET character_set_client = @saved_cs_client */;

--
-- Dumping data for table `anexos_operaciones`
--

LOCK TABLES `anexos_operaciones` WRITE;
/*!40000 ALTER TABLE `anexos_operaciones` DISABLE KEYS */;
/*!40000 ALTER TABLE `anexos_operaciones` ENABLE KEYS */;
UNLOCK TABLES;

--
-- Table structure for table `aros`
--

DROP TABLE IF EXISTS `aros`;
/*!40101 SET @saved_cs_client     = @@character_set_client */;
/*!40101 SET character_set_client = utf8 */;
CREATE TABLE `aros` (
  `id` int(10) NOT NULL AUTO_INCREMENT,
  `parent_id` int(10) DEFAULT NULL,
  `model` varchar(255) COLLATE utf8_spanish_ci DEFAULT NULL,
  `foreign_key` int(10) DEFAULT NULL,
  `alias` varchar(255) COLLATE utf8_spanish_ci DEFAULT NULL,
  `lft` int(10) DEFAULT NULL,
  `rght` int(10) DEFAULT NULL,
  PRIMARY KEY (`id`)
) ENGINE=InnoDB AUTO_INCREMENT=54 DEFAULT CHARSET=utf8 COLLATE=utf8_spanish_ci;
/*!40101 SET character_set_client = @saved_cs_client */;

--
-- Dumping data for table `aros`
--

LOCK TABLES `aros` WRITE;
/*!40000 ALTER TABLE `aros` DISABLE KEYS */;
INSERT INTO `aros` VALUES (1,NULL,'Group',1,NULL,1,8),(2,1,'User',1,NULL,2,3),(3,16,'User',2,NULL,80,81),(4,1,'User',3,NULL,4,5),(5,16,'User',4,NULL,82,83),(6,12,'User',5,NULL,14,15),(7,12,'User',6,NULL,18,19),(8,11,'User',7,NULL,10,11),(9,16,'User',8,NULL,84,85),(10,21,'User',9,NULL,88,89),(11,NULL,'Group',2,NULL,9,12),(12,NULL,'Group',3,NULL,13,20),(13,NULL,'Group',4,NULL,21,64),(14,NULL,'Group',5,NULL,65,76),(15,NULL,'Group',6,NULL,77,78),(16,NULL,'Group',7,NULL,79,86),(18,13,'User',11,NULL,22,23),(19,14,'User',12,NULL,66,67),(20,14,'User',13,NULL,68,69),(21,NULL,'Group',8,NULL,87,90),(22,14,'User',14,NULL,70,71),(23,14,'User',15,NULL,72,73),(24,14,'User',16,NULL,74,75),(25,13,'User',17,NULL,24,25),(26,13,'User',18,NULL,26,27),(27,12,'User',19,NULL,16,17),(28,13,'User',20,NULL,28,29),(29,13,'User',21,NULL,30,31),(30,13,'User',22,NULL,32,33),(31,13,'User',23,NULL,34,35),(32,13,'User',24,NULL,36,37),(33,13,'User',25,NULL,38,39),(34,13,'User',26,NULL,40,41),(35,13,'User',27,NULL,42,43),(36,13,'User',28,NULL,44,45),(37,13,'User',29,NULL,46,47),(38,13,'User',30,NULL,48,49),(39,13,'User',31,NULL,50,51),(40,13,'User',32,NULL,52,53),(41,13,'User',33,NULL,54,55),(42,13,'User',34,NULL,56,57),(43,13,'User',35,NULL,58,59),(44,13,'User',36,NULL,60,61),(45,13,'User',37,NULL,62,63),(46,NULL,'Group',9,NULL,91,104),(47,46,'User',38,NULL,92,93),(48,46,'User',39,NULL,94,95),(49,46,'User',40,NULL,96,97),(50,46,'User',41,NULL,98,99),(51,46,'User',42,NULL,100,101),(52,46,'User',43,NULL,102,103),(53,1,'User',45,NULL,6,7);
/*!40000 ALTER TABLE `aros` ENABLE KEYS */;
UNLOCK TABLES;

--
-- Table structure for table `aros_acos`
--

DROP TABLE IF EXISTS `aros_acos`;
/*!40101 SET @saved_cs_client     = @@character_set_client */;
/*!40101 SET character_set_client = utf8 */;
CREATE TABLE `aros_acos` (
  `id` int(10) NOT NULL AUTO_INCREMENT,
  `aro_id` int(10) NOT NULL,
  `aco_id` int(10) NOT NULL,
  `_create` varchar(2) COLLATE utf8_spanish_ci NOT NULL DEFAULT '0',
  `_read` varchar(2) COLLATE utf8_spanish_ci NOT NULL DEFAULT '0',
  `_update` varchar(2) COLLATE utf8_spanish_ci NOT NULL DEFAULT '0',
  `_delete` varchar(2) COLLATE utf8_spanish_ci NOT NULL DEFAULT '0',
  PRIMARY KEY (`id`),
  UNIQUE KEY `ARO_ACO_KEY` (`aro_id`,`aco_id`)
) ENGINE=InnoDB AUTO_INCREMENT=151 DEFAULT CHARSET=utf8 COLLATE=utf8_spanish_ci;
/*!40101 SET character_set_client = @saved_cs_client */;

--
-- Dumping data for table `aros_acos`
--

LOCK TABLES `aros_acos` WRITE;
/*!40000 ALTER TABLE `aros_acos` DISABLE KEYS */;
INSERT INTO `aros_acos` VALUES (1,1,1,'1','1','1','1'),(2,1,67,'1','1','1','1'),(3,11,67,'-1','-1','-1','-1'),(4,11,69,'1','1','1','1'),(5,11,71,'1','1','1','1'),(6,11,133,'1','1','1','1'),(7,12,67,'-1','-1','-1','-1'),(8,12,68,'1','1','1','1'),(9,13,67,'-1','-1','-1','-1'),(10,13,69,'1','1','1','1'),(11,13,133,'1','1','1','1'),(12,14,67,'-1','-1','-1','-1'),(13,14,69,'1','1','1','1'),(14,14,133,'1','1','1','1'),(15,15,67,'-1','-1','-1','-1'),(16,15,69,'1','1','1','1'),(17,15,133,'1','1','1','1'),(18,11,355,'1','1','1','1'),(19,12,69,'1','1','1','1'),(20,12,71,'1','1','1','1'),(21,12,355,'1','1','1','1'),(22,12,133,'1','1','1','1'),(23,11,104,'1','1','1','1'),(24,12,104,'1','1','1','1'),(25,13,104,'1','1','1','1'),(26,14,104,'1','1','1','1'),(27,11,150,'1','1','1','1'),(28,12,150,'1','1','1','1'),(29,13,150,'1','1','1','1'),(30,14,150,'1','1','1','1'),(31,15,150,'1','1','1','1'),(32,11,332,'1','1','1','1'),(33,11,136,'-1','-1','-1','-1'),(34,12,332,'1','1','1','1'),(35,12,136,'1','1','1','1'),(36,13,332,'1','1','1','1'),(37,13,136,'-1','-1','-1','-1'),(38,14,332,'1','1','1','1'),(39,14,136,'-1','-1','-1','-1'),(40,11,92,'1','1','1','1'),(41,12,92,'1','1','1','1'),(42,12,137,'1','1','1','1'),(43,13,92,'-1','-1','-1','-1'),(44,14,92,'1','1','1','1'),(45,12,115,'1','1','1','1'),(46,11,112,'1','1','1','1'),(47,11,343,'1','1','1','1'),(48,12,343,'1','1','1','1'),(49,11,115,'-1','-1','-1','-1'),(50,11,201,'1','1','1','1'),(51,11,202,'1','1','1','1'),(52,11,237,'1','1','1','1'),(53,11,238,'1','1','1','1'),(54,11,264,'1','1','1','1'),(55,11,265,'1','1','1','1'),(56,11,192,'1','1','1','1'),(57,11,193,'1','1','1','1'),(58,11,210,'1','1','1','1'),(59,11,211,'1','1','1','1'),(60,11,219,'1','1','1','1'),(61,11,220,'1','1','1','1'),(62,11,282,'1','1','1','1'),(63,11,283,'1','1','1','1'),(64,11,273,'1','1','1','1'),(65,11,274,'1','1','1','1'),(66,11,315,'1','1','1','1'),(67,11,228,'1','1','1','1'),(68,11,229,'1','1','1','1'),(69,11,255,'1','1','1','1'),(70,11,256,'1','1','1','1'),(71,11,406,'1','1','1','1'),(72,12,406,'1','1','1','1'),(73,13,406,'1','1','1','1'),(74,14,406,'1','1','1','1'),(75,11,123,'1','1','1','1'),(76,12,123,'1','1','1','1'),(77,13,123,'1','1','1','1'),(78,14,123,'1','1','1','1'),(80,16,67,'-1','-1','-1','-1'),(81,16,69,'1','1','1','1'),(82,16,71,'1','1','1','1'),(83,16,355,'1','1','1','1'),(84,16,133,'1','1','1','1'),(85,16,104,'1','1','1','1'),(87,16,92,'1','1','1','1'),(88,16,332,'1','1','1','1'),(89,16,137,'1','1','1','1'),(90,16,112,'1','1','1','1'),(91,16,343,'1','1','1','1'),(92,16,150,'1','1','1','1'),(93,16,406,'1','1','1','1'),(94,16,123,'1','1','1','1'),(98,11,291,'1','1','1','1'),(99,11,292,'1','1','1','1'),(100,21,67,'-1','-1','-1','-1'),(101,21,69,'1','1','1','1'),(102,21,71,'1','1','1','1'),(103,21,355,'1','1','1','1'),(104,21,133,'1','1','1','1'),(105,21,104,'1','1','1','1'),(106,21,92,'1','1','1','1'),(107,21,332,'1','1','1','1'),(108,21,112,'1','1','1','1'),(109,21,115,'-1','-1','-1','-1'),(110,21,343,'1','1','1','1'),(111,21,150,'1','1','1','1'),(112,21,201,'1','1','1','1'),(113,21,202,'1','1','1','1'),(114,21,237,'1','1','1','1'),(115,21,238,'1','1','1','1'),(116,21,264,'1','1','1','1'),(117,21,265,'1','1','1','1'),(118,21,192,'1','1','1','1'),(119,21,193,'1','1','1','1'),(120,21,210,'1','1','1','1'),(121,21,211,'1','1','1','1'),(122,21,219,'1','1','1','1'),(123,21,220,'1','1','1','1'),(124,21,282,'1','1','1','1'),(125,21,283,'1','1','1','1'),(126,21,273,'1','1','1','1'),(127,21,274,'1','1','1','1'),(128,21,315,'1','1','1','1'),(129,21,228,'1','1','1','1'),(130,21,229,'1','1','1','1'),(131,21,255,'1','1','1','1'),(132,21,256,'1','1','1','1'),(133,21,406,'1','1','1','1'),(134,21,123,'1','1','1','1'),(135,21,428,'1','1','1','1'),(136,21,291,'1','1','1','1'),(137,21,292,'1','1','1','1'),(138,16,428,'1','1','1','1'),(139,12,428,'1','1','1','1'),(140,13,428,'1','1','1','1'),(141,14,428,'1','1','1','1'),(142,11,428,'1','1','1','1'),(143,13,68,'1','1','1','1'),(144,13,95,'1','1','1','1'),(145,13,145,'1','1','1','1'),(146,13,514,'1','1','1','1'),(147,13,71,'-1','-1','-1','-1'),(148,13,355,'-1','-1','-1','-1'),(149,16,619,'1','1','1','1'),(150,12,619,'1','1','1','1');
/*!40000 ALTER TABLE `aros_acos` ENABLE KEYS */;
UNLOCK TABLES;

--
-- Table structure for table `audit_deltas`
--

DROP TABLE IF EXISTS `audit_deltas`;
/*!40101 SET @saved_cs_client     = @@character_set_client */;
/*!40101 SET character_set_client = utf8 */;
CREATE TABLE `audit_deltas` (
  `id` varchar(36) NOT NULL,
  `audit_id` varchar(36) NOT NULL,
  `property_name` varchar(255) NOT NULL,
  `old_value` text,
  `new_value` text,
  PRIMARY KEY (`id`),
  KEY `audit_id` (`audit_id`),
  CONSTRAINT `audit_deltas_ibfk_4` FOREIGN KEY (`audit_id`) REFERENCES `audits` (`id`) ON DELETE CASCADE ON UPDATE CASCADE
) ENGINE=InnoDB DEFAULT CHARSET=utf8;
/*!40101 SET character_set_client = @saved_cs_client */;

--
-- Dumping data for table `audit_deltas`
--

LOCK TABLES `audit_deltas` WRITE;
/*!40000 ALTER TABLE `audit_deltas` DISABLE KEYS */;
INSERT INTO `audit_deltas` VALUES ('52d83e4a-e5b8-4380-ada3-5b2bc0a80086','52d83e4a-2440-4297-ac82-5b2bc0a80086','value','04-14-00','04-14-01'),('52d84129-f5dc-4fbc-aae2-5e05c0a80086','52d84129-dcc4-4e08-8514-5e05c0a80086','value','04-14-00','04-14-01'),('52d84163-44cc-4ff7-af9b-5e03c0a80086','52d84163-60f4-46c8-b7e9-5e03c0a80086','value','04-14-01','04-14-02');
/*!40000 ALTER TABLE `audit_deltas` ENABLE KEYS */;
UNLOCK TABLES;

--
-- Table structure for table `audits`
--

DROP TABLE IF EXISTS `audits`;
/*!40101 SET @saved_cs_client     = @@character_set_client */;
/*!40101 SET character_set_client = utf8 */;
CREATE TABLE `audits` (
  `id` varchar(36) NOT NULL,
  `event` varchar(255) NOT NULL,
  `model` varchar(255) NOT NULL,
  `entity_id` varchar(36) NOT NULL,
  `json_object` text NOT NULL,
  `description` text,
  `source_id` varchar(255) DEFAULT NULL,
  `created` datetime NOT NULL,
  PRIMARY KEY (`id`)
) ENGINE=InnoDB DEFAULT CHARSET=utf8;
/*!40101 SET character_set_client = @saved_cs_client */;

--
-- Dumping data for table `audits`
--

LOCK TABLES `audits` WRITE;
/*!40000 ALTER TABLE `audits` DISABLE KEYS */;
INSERT INTO `audits` VALUES ('52d83e49-0da8-4fc4-a769-5b2bc0a80086','CREATE','ActuacionesfiscalesEvento','33','{\"ActuacionesfiscalesEvento\":{\"id\":\"33\",\"evento_id\":\"11\",\"actuacionesfiscale_id\":\"2\",\"fecha_inicio\":null,\"fecha_fin\":null,\"es_completado\":false,\"es_activo\":false}}','horclemenr','6','2014-01-16 15:47:13'),('52d83e49-2cfc-4000-8f81-5b2bc0a80086','CREATE','ActuacionesfiscalesEvento','23','{\"ActuacionesfiscalesEvento\":{\"id\":\"23\",\"evento_id\":\"1\",\"actuacionesfiscale_id\":\"2\",\"fecha_inicio\":null,\"fecha_fin\":null,\"es_completado\":false,\"es_activo\":true}}','horclemenr','6','2014-01-16 15:47:13'),('52d83e49-2d80-4e71-b3e4-5b2bc0a80086','CREATE','Equipotrabajo','127','{\"Equipotrabajo\":{\"id\":\"127\",\"actuacionesfiscale_id\":\"2\",\"funcionario_id\":\"15\",\"funcionariorole_id\":\"5\",\"credenciale_id\":null,\"nota_designacion\":\"11-11-11-111\",\"fecha\":\"16-01-2014\"}}','horclemenr','6','2014-01-16 15:47:13'),('52d83e49-2e90-419c-bbb3-5b2bc0a80086','CREATE','ActuacionesfiscalesEvento','27','{\"ActuacionesfiscalesEvento\":{\"id\":\"27\",\"evento_id\":\"5\",\"actuacionesfiscale_id\":\"2\",\"fecha_inicio\":null,\"fecha_fin\":null,\"es_completado\":false,\"es_activo\":false}}','horclemenr','6','2014-01-16 15:47:13'),('52d83e49-33c4-4944-825c-5b2bc0a80086','CREATE','Equipotrabajo','126','{\"Equipotrabajo\":{\"id\":\"126\",\"actuacionesfiscale_id\":\"2\",\"funcionario_id\":\"56\",\"funcionariorole_id\":\"4\",\"credenciale_id\":null,\"nota_designacion\":\"11-11-11-111\",\"fecha\":\"16-01-2014\"}}','horclemenr','6','2014-01-16 15:47:13'),('52d83e49-52bc-4434-9e0f-5b2bc0a80086','CREATE','ActuacionesfiscalesEvento','26','{\"ActuacionesfiscalesEvento\":{\"id\":\"26\",\"evento_id\":\"4\",\"actuacionesfiscale_id\":\"2\",\"fecha_inicio\":null,\"fecha_fin\":null,\"es_completado\":false,\"es_activo\":false}}','horclemenr','6','2014-01-16 15:47:13'),('52d83e49-58ec-458d-ba74-5b2bc0a80086','CREATE','Equipotrabajo','123','{\"Equipotrabajo\":{\"id\":\"123\",\"actuacionesfiscale_id\":\"2\",\"funcionario_id\":\"29\",\"funcionariorole_id\":\"1\",\"credenciale_id\":null,\"nota_designacion\":\"11-11-11-111\",\"fecha\":\"16-01-2014\"}}','horclemenr','6','2014-01-16 15:47:13'),('52d83e49-5a34-4a34-8704-5b2bc0a80086','CREATE','ActuacionesfiscalesEvento','32','{\"ActuacionesfiscalesEvento\":{\"id\":\"32\",\"evento_id\":\"10\",\"actuacionesfiscale_id\":\"2\",\"fecha_inicio\":null,\"fecha_fin\":null,\"es_completado\":false,\"es_activo\":false}}','horclemenr','6','2014-01-16 15:47:13'),('52d83e49-6f70-4585-84a5-5b2bc0a80086','CREATE','ActuacionesfiscalesEvento','29','{\"ActuacionesfiscalesEvento\":{\"id\":\"29\",\"evento_id\":\"7\",\"actuacionesfiscale_id\":\"2\",\"fecha_inicio\":null,\"fecha_fin\":null,\"es_completado\":false,\"es_activo\":false}}','horclemenr','6','2014-01-16 15:47:13'),('52d83e49-7ba0-40ad-a432-5b2bc0a80086','CREATE','Actuacionesfiscale','2','{\"Actuacionesfiscale\":{\"id\":\"2\",\"numero\":\"04-14-01\",\"alcance\":\"adsd\",\"obj_general\":\"asd\",\"fecha_inicio_estimada\":\"16-01-2014\",\"fecha_fin_estimada\":\"13-03-2014\",\"fecha_inicio\":null,\"fecha_fin\":null,\"dh_planificacion\":\"15\",\"dh_ejecucion\":\"15\",\"dh_resultados\":\"10\",\"ejercicio_economico\":\"2013\",\"fase_id\":\"1\",\"actuacionesorigene_id\":\"1\",\"actuaciontipo_id\":\"1\",\"objeto_id\":\"39\",\"user_id\":\"6\",\"direccioncontrole_id\":\"5\",\"Evento\":\"\"}}','horclemenr','6','2014-01-16 15:47:13'),('52d83e49-8bdc-4879-b087-5b2bc0a80086','CREATE','Equipotrabajo','124','{\"Equipotrabajo\":{\"id\":\"124\",\"actuacionesfiscale_id\":\"2\",\"funcionario_id\":\"28\",\"funcionariorole_id\":\"2\",\"credenciale_id\":null,\"nota_designacion\":\"11-22-22-222\",\"fecha\":\"16-01-2014\"}}','horclemenr','6','2014-01-16 15:47:13'),('52d83e49-8e48-455d-b3ab-5b2bc0a80086','CREATE','Equipotrabajo','125','{\"Equipotrabajo\":{\"id\":\"125\",\"actuacionesfiscale_id\":\"2\",\"funcionario_id\":\"31\",\"funcionariorole_id\":\"3\",\"credenciale_id\":null,\"nota_designacion\":\"11-11-11-111\",\"fecha\":\"16-01-2014\"}}','horclemenr','6','2014-01-16 15:47:13'),('52d83e49-9734-4fb5-82f7-5b2bc0a80086','CREATE','Objetivoespecifico','6','{\"Objetivoespecifico\":{\"id\":\"6\",\"denominacion\":\"2\",\"actuacionesfiscale_id\":\"2\"}}','horclemenr','6','2014-01-16 15:47:13'),('52d83e49-9ac8-4f25-acc9-5b2bc0a80086','CREATE','ActuacionesfiscalesEvento','28','{\"ActuacionesfiscalesEvento\":{\"id\":\"28\",\"evento_id\":\"6\",\"actuacionesfiscale_id\":\"2\",\"fecha_inicio\":null,\"fecha_fin\":null,\"es_completado\":false,\"es_activo\":false}}','horclemenr','6','2014-01-16 15:47:13'),('52d83e49-bf38-4dc1-9b5e-5b2bc0a80086','CREATE','Objetivoespecifico','5','{\"Objetivoespecifico\":{\"id\":\"5\",\"denominacion\":\"1\",\"actuacionesfiscale_id\":\"2\"}}','horclemenr','6','2014-01-16 15:47:13'),('52d83e49-c084-401c-a36c-5b2bc0a80086','CREATE','ActuacionesfiscalesEvento','30','{\"ActuacionesfiscalesEvento\":{\"id\":\"30\",\"evento_id\":\"8\",\"actuacionesfiscale_id\":\"2\",\"fecha_inicio\":null,\"fecha_fin\":null,\"es_completado\":false,\"es_activo\":false}}','horclemenr','6','2014-01-16 15:47:13'),('52d83e49-c174-4d4a-a7e0-5b2bc0a80086','CREATE','ActuacionesfiscalesEvento','31','{\"ActuacionesfiscalesEvento\":{\"id\":\"31\",\"evento_id\":\"9\",\"actuacionesfiscale_id\":\"2\",\"fecha_inicio\":null,\"fecha_fin\":null,\"es_completado\":false,\"es_activo\":false}}','horclemenr','6','2014-01-16 15:47:13'),('52d83e49-cc3c-4a50-aaf5-5b2bc0a80086','CREATE','Objetivoespecifico','7','{\"Objetivoespecifico\":{\"id\":\"7\",\"denominacion\":\"3\",\"actuacionesfiscale_id\":\"2\"}}','horclemenr','6','2014-01-16 15:47:13'),('52d83e49-d0d4-4fad-9863-5b2bc0a80086','CREATE','ActuacionesfiscalesEvento','25','{\"ActuacionesfiscalesEvento\":{\"id\":\"25\",\"evento_id\":\"3\",\"actuacionesfiscale_id\":\"2\",\"fecha_inicio\":null,\"fecha_fin\":null,\"es_completado\":false,\"es_activo\":false}}','horclemenr','6','2014-01-16 15:47:13'),('52d83e49-fa38-41f7-bdce-5b2bc0a80086','CREATE','ActuacionesfiscalesEvento','24','{\"ActuacionesfiscalesEvento\":{\"id\":\"24\",\"evento_id\":\"2\",\"actuacionesfiscale_id\":\"2\",\"fecha_inicio\":null,\"fecha_fin\":null,\"es_completado\":false,\"es_activo\":false}}','horclemenr','6','2014-01-16 15:47:13'),('52d83e4a-2440-4297-ac82-5b2bc0a80086','EDIT','Parametro','1','{\"Parametro\":{\"id\":\"1\",\"name\":\"numero_af\",\"value\":\"04-14-01\",\"description\":null}}','horclemenr','6','2014-01-16 15:47:14'),('52d84128-05b4-4ecc-8fe6-5e05c0a80086','CREATE','ActuacionesfiscalesEvento','38','{\"ActuacionesfiscalesEvento\":{\"id\":\"38\",\"evento_id\":\"5\",\"actuacionesfiscale_id\":\"1\",\"fecha_inicio\":null,\"fecha_fin\":null,\"es_completado\":false,\"es_activo\":false}}','horclemenr','6','2014-01-16 15:59:28'),('52d84128-2c28-40bf-9bdc-5e05c0a80086','CREATE','Equipotrabajo','130','{\"Equipotrabajo\":{\"id\":\"130\",\"actuacionesfiscale_id\":\"1\",\"funcionario_id\":\"57\",\"funcionariorole_id\":\"4\",\"credenciale_id\":null,\"nota_designacion\":\"31-23-12-312\",\"fecha\":\"16-01-2014\"}}','horclemenr','6','2014-01-16 15:59:28'),('52d84128-3e5c-42c0-9eeb-5e05c0a80086','CREATE','ActuacionesfiscalesEvento','35','{\"ActuacionesfiscalesEvento\":{\"id\":\"35\",\"evento_id\":\"2\",\"actuacionesfiscale_id\":\"1\",\"fecha_inicio\":null,\"fecha_fin\":null,\"es_completado\":false,\"es_activo\":false}}','horclemenr','6','2014-01-16 15:59:28'),('52d84128-4480-4fdd-b70d-5e05c0a80086','CREATE','ActuacionesfiscalesEvento','40','{\"ActuacionesfiscalesEvento\":{\"id\":\"40\",\"evento_id\":\"7\",\"actuacionesfiscale_id\":\"1\",\"fecha_inicio\":null,\"fecha_fin\":null,\"es_completado\":false,\"es_activo\":false}}','horclemenr','6','2014-01-16 15:59:28'),('52d84128-4e90-4dbe-b0d5-5e05c0a80086','CREATE','ActuacionesfiscalesEvento','42','{\"ActuacionesfiscalesEvento\":{\"id\":\"42\",\"evento_id\":\"9\",\"actuacionesfiscale_id\":\"1\",\"fecha_inicio\":null,\"fecha_fin\":null,\"es_completado\":false,\"es_activo\":false}}','horclemenr','6','2014-01-16 15:59:28'),('52d84128-6a58-44e2-a82a-5e05c0a80086','CREATE','Equipotrabajo','131','{\"Equipotrabajo\":{\"id\":\"131\",\"actuacionesfiscale_id\":\"1\",\"funcionario_id\":\"15\",\"funcionariorole_id\":\"5\",\"credenciale_id\":null,\"nota_designacion\":\"23-12-31-231\",\"fecha\":\"16-01-2014\"}}','horclemenr','6','2014-01-16 15:59:28'),('52d84128-7354-4b15-ade3-5e05c0a80086','CREATE','Objetivoespecifico','9','{\"Objetivoespecifico\":{\"id\":\"9\",\"denominacion\":\"3\",\"actuacionesfiscale_id\":\"1\"}}','horclemenr','6','2014-01-16 15:59:28'),('52d84128-7a6c-4d11-9987-5e05c0a80086','CREATE','ActuacionesfiscalesEvento','37','{\"ActuacionesfiscalesEvento\":{\"id\":\"37\",\"evento_id\":\"4\",\"actuacionesfiscale_id\":\"1\",\"fecha_inicio\":null,\"fecha_fin\":null,\"es_completado\":false,\"es_activo\":false}}','horclemenr','6','2014-01-16 15:59:28'),('52d84128-812c-4319-98cd-5e05c0a80086','CREATE','Objetivoespecifico','8','{\"Objetivoespecifico\":{\"id\":\"8\",\"denominacion\":\"3\",\"actuacionesfiscale_id\":\"1\"}}','horclemenr','6','2014-01-16 15:59:28'),('52d84128-a01c-4dcc-8179-5e05c0a80086','CREATE','ActuacionesfiscalesEvento','44','{\"ActuacionesfiscalesEvento\":{\"id\":\"44\",\"evento_id\":\"11\",\"actuacionesfiscale_id\":\"1\",\"fecha_inicio\":null,\"fecha_fin\":null,\"es_completado\":false,\"es_activo\":false}}','horclemenr','6','2014-01-16 15:59:28'),('52d84128-a2ac-491e-ad57-5e05c0a80086','CREATE','ActuacionesfiscalesEvento','34','{\"ActuacionesfiscalesEvento\":{\"id\":\"34\",\"evento_id\":\"1\",\"actuacionesfiscale_id\":\"1\",\"fecha_inicio\":null,\"fecha_fin\":null,\"es_completado\":false,\"es_activo\":true}}','horclemenr','6','2014-01-16 15:59:28'),('52d84128-acb8-44ca-8c62-5e05c0a80086','CREATE','ActuacionesfiscalesEvento','39','{\"ActuacionesfiscalesEvento\":{\"id\":\"39\",\"evento_id\":\"6\",\"actuacionesfiscale_id\":\"1\",\"fecha_inicio\":null,\"fecha_fin\":null,\"es_completado\":false,\"es_activo\":false}}','horclemenr','6','2014-01-16 15:59:28'),('52d84128-c5a8-434a-855f-5e05c0a80086','CREATE','Equipotrabajo','128','{\"Equipotrabajo\":{\"id\":\"128\",\"actuacionesfiscale_id\":\"1\",\"funcionario_id\":\"29\",\"funcionariorole_id\":\"1\",\"credenciale_id\":null,\"nota_designacion\":\"11-23-23-232\",\"fecha\":\"16-01-2014\"}}','horclemenr','6','2014-01-16 15:59:28'),('52d84128-c6cc-4837-b9af-5e05c0a80086','CREATE','ActuacionesfiscalesEvento','41','{\"ActuacionesfiscalesEvento\":{\"id\":\"41\",\"evento_id\":\"8\",\"actuacionesfiscale_id\":\"1\",\"fecha_inicio\":null,\"fecha_fin\":null,\"es_completado\":false,\"es_activo\":false}}','horclemenr','6','2014-01-16 15:59:28'),('52d84128-ced4-46f9-abd3-5e05c0a80086','CREATE','Actuacionesfiscale','1','{\"Actuacionesfiscale\":{\"id\":\"1\",\"numero\":\"04-14-01\",\"alcance\":\"2\",\"obj_general\":\"1\",\"fecha_inicio_estimada\":\"16-01-2014\",\"fecha_fin_estimada\":\"12-02-2014\",\"fecha_inicio\":null,\"fecha_fin\":null,\"dh_planificacion\":\"10\",\"dh_ejecucion\":\"2\",\"dh_resultados\":\"7\",\"ejercicio_economico\":\"2013\",\"fase_id\":\"1\",\"actuacionesorigene_id\":\"1\",\"actuaciontipo_id\":\"1\",\"objeto_id\":\"39\",\"user_id\":\"6\",\"direccioncontrole_id\":\"5\",\"Evento\":\"\"}}','horclemenr','6','2014-01-16 15:59:28'),('52d84128-f62c-44c9-91f9-5e05c0a80086','CREATE','ActuacionesfiscalesEvento','36','{\"ActuacionesfiscalesEvento\":{\"id\":\"36\",\"evento_id\":\"3\",\"actuacionesfiscale_id\":\"1\",\"fecha_inicio\":null,\"fecha_fin\":null,\"es_completado\":false,\"es_activo\":false}}','horclemenr','6','2014-01-16 15:59:28'),('52d84128-f884-4103-bbb4-5e05c0a80086','CREATE','Equipotrabajo','129','{\"Equipotrabajo\":{\"id\":\"129\",\"actuacionesfiscale_id\":\"1\",\"funcionario_id\":\"28\",\"funcionariorole_id\":\"2\",\"credenciale_id\":null,\"nota_designacion\":\"12-31-23-123\",\"fecha\":\"16-01-2014\"}}','horclemenr','6','2014-01-16 15:59:28'),('52d84128-ffbc-42cc-89ee-5e05c0a80086','CREATE','ActuacionesfiscalesEvento','43','{\"ActuacionesfiscalesEvento\":{\"id\":\"43\",\"evento_id\":\"10\",\"actuacionesfiscale_id\":\"1\",\"fecha_inicio\":null,\"fecha_fin\":null,\"es_completado\":false,\"es_activo\":false}}','horclemenr','6','2014-01-16 15:59:28'),('52d84129-dcc4-4e08-8514-5e05c0a80086','EDIT','Parametro','1','{\"Parametro\":{\"id\":\"1\",\"name\":\"numero_af\",\"value\":\"04-14-01\",\"description\":null}}','horclemenr','6','2014-01-16 15:59:29'),('52d84163-0ddc-4298-af5d-5e03c0a80086','CREATE','ActuacionesfiscalesEvento','45','{\"ActuacionesfiscalesEvento\":{\"id\":\"45\",\"evento_id\":\"1\",\"actuacionesfiscale_id\":\"2\",\"fecha_inicio\":null,\"fecha_fin\":null,\"es_completado\":false,\"es_activo\":true}}','horclemenr','6','2014-01-16 16:00:27'),('52d84163-20e4-4584-ae1e-5e03c0a80086','CREATE','ActuacionesfiscalesEvento','50','{\"ActuacionesfiscalesEvento\":{\"id\":\"50\",\"evento_id\":\"6\",\"actuacionesfiscale_id\":\"2\",\"fecha_inicio\":null,\"fecha_fin\":null,\"es_completado\":false,\"es_activo\":false}}','horclemenr','6','2014-01-16 16:00:27'),('52d84163-3c64-46f8-8b15-5e03c0a80086','CREATE','Objetivoespecifico','10','{\"Objetivoespecifico\":{\"id\":\"10\",\"denominacion\":\"3\",\"actuacionesfiscale_id\":\"2\"}}','horclemenr','6','2014-01-16 16:00:27'),('52d84163-4410-4aaa-af1b-5e03c0a80086','CREATE','ActuacionesfiscalesEvento','47','{\"ActuacionesfiscalesEvento\":{\"id\":\"47\",\"evento_id\":\"3\",\"actuacionesfiscale_id\":\"2\",\"fecha_inicio\":null,\"fecha_fin\":null,\"es_completado\":false,\"es_activo\":false}}','horclemenr','6','2014-01-16 16:00:27'),('52d84163-5010-4c1c-ae65-5e03c0a80086','CREATE','ActuacionesfiscalesEvento','52','{\"ActuacionesfiscalesEvento\":{\"id\":\"52\",\"evento_id\":\"8\",\"actuacionesfiscale_id\":\"2\",\"fecha_inicio\":null,\"fecha_fin\":null,\"es_completado\":false,\"es_activo\":false}}','horclemenr','6','2014-01-16 16:00:27'),('52d84163-5edc-41ea-a65f-5e03c0a80086','CREATE','Equipotrabajo','132','{\"Equipotrabajo\":{\"id\":\"132\",\"actuacionesfiscale_id\":\"2\",\"funcionario_id\":\"29\",\"funcionariorole_id\":\"1\",\"credenciale_id\":null,\"nota_designacion\":\"12-31-23-123\",\"fecha\":\"16-01-2014\"}}','horclemenr','6','2014-01-16 16:00:27'),('52d84163-60f4-46c8-b7e9-5e03c0a80086','EDIT','Parametro','1','{\"Parametro\":{\"id\":\"1\",\"name\":\"numero_af\",\"value\":\"04-14-02\",\"description\":null}}','horclemenr','6','2014-01-16 16:00:27'),('52d84163-7708-4a83-bfcb-5e03c0a80086','CREATE','ActuacionesfiscalesEvento','54','{\"ActuacionesfiscalesEvento\":{\"id\":\"54\",\"evento_id\":\"10\",\"actuacionesfiscale_id\":\"2\",\"fecha_inicio\":null,\"fecha_fin\":null,\"es_completado\":false,\"es_activo\":false}}','horclemenr','6','2014-01-16 16:00:27'),('52d84163-840c-4008-9a03-5e03c0a80086','CREATE','Equipotrabajo','133','{\"Equipotrabajo\":{\"id\":\"133\",\"actuacionesfiscale_id\":\"2\",\"funcionario_id\":\"28\",\"funcionariorole_id\":\"2\",\"credenciale_id\":null,\"nota_designacion\":\"12-31-23-123\",\"fecha\":\"16-01-2014\"}}','horclemenr','6','2014-01-16 16:00:27'),('52d84163-86c4-4811-9b80-5e03c0a80086','CREATE','ActuacionesfiscalesEvento','49','{\"ActuacionesfiscalesEvento\":{\"id\":\"49\",\"evento_id\":\"5\",\"actuacionesfiscale_id\":\"2\",\"fecha_inicio\":null,\"fecha_fin\":null,\"es_completado\":false,\"es_activo\":false}}','horclemenr','6','2014-01-16 16:00:27'),('52d84163-b140-4473-8d3c-5e03c0a80086','CREATE','ActuacionesfiscalesEvento','51','{\"ActuacionesfiscalesEvento\":{\"id\":\"51\",\"evento_id\":\"7\",\"actuacionesfiscale_id\":\"2\",\"fecha_inicio\":null,\"fecha_fin\":null,\"es_completado\":false,\"es_activo\":false}}','horclemenr','6','2014-01-16 16:00:27'),('52d84163-b29c-410b-8e56-5e03c0a80086','CREATE','Equipotrabajo','134','{\"Equipotrabajo\":{\"id\":\"134\",\"actuacionesfiscale_id\":\"2\",\"funcionario_id\":\"56\",\"funcionariorole_id\":\"4\",\"credenciale_id\":null,\"nota_designacion\":\"31-23-12-312\",\"fecha\":\"16-01-2014\"}}','horclemenr','6','2014-01-16 16:00:27'),('52d84163-c098-46be-b813-5e03c0a80086','CREATE','ActuacionesfiscalesEvento','46','{\"ActuacionesfiscalesEvento\":{\"id\":\"46\",\"evento_id\":\"2\",\"actuacionesfiscale_id\":\"2\",\"fecha_inicio\":null,\"fecha_fin\":null,\"es_completado\":false,\"es_activo\":false}}','horclemenr','6','2014-01-16 16:00:27'),('52d84163-c8b4-4cb8-b452-5e03c0a80086','CREATE','ActuacionesfiscalesEvento','48','{\"ActuacionesfiscalesEvento\":{\"id\":\"48\",\"evento_id\":\"4\",\"actuacionesfiscale_id\":\"2\",\"fecha_inicio\":null,\"fecha_fin\":null,\"es_completado\":false,\"es_activo\":false}}','horclemenr','6','2014-01-16 16:00:27'),('52d84163-cb30-4502-97da-5e03c0a80086','CREATE','Objetivoespecifico','11','{\"Objetivoespecifico\":{\"id\":\"11\",\"denominacion\":\"3\",\"actuacionesfiscale_id\":\"2\"}}','horclemenr','6','2014-01-16 16:00:27'),('52d84163-daa8-4bd5-80a4-5e03c0a80086','CREATE','Actuacionesfiscale','2','{\"Actuacionesfiscale\":{\"id\":\"2\",\"numero\":\"04-14-02\",\"alcance\":\"2\",\"obj_general\":\"1\",\"fecha_inicio_estimada\":\"16-01-2014\",\"fecha_fin_estimada\":\"12-02-2014\",\"fecha_inicio\":null,\"fecha_fin\":null,\"dh_planificacion\":\"10\",\"dh_ejecucion\":\"2\",\"dh_resultados\":\"7\",\"ejercicio_economico\":\"2013\",\"fase_id\":\"1\",\"actuacionesorigene_id\":\"1\",\"actuaciontipo_id\":\"1\",\"objeto_id\":\"39\",\"user_id\":\"6\",\"direccioncontrole_id\":\"5\",\"Evento\":\"\"}}','horclemenr','6','2014-01-16 16:00:27'),('52d84163-e09c-4ee2-abcd-5e03c0a80086','CREATE','ActuacionesfiscalesEvento','55','{\"ActuacionesfiscalesEvento\":{\"id\":\"55\",\"evento_id\":\"11\",\"actuacionesfiscale_id\":\"2\",\"fecha_inicio\":null,\"fecha_fin\":null,\"es_completado\":false,\"es_activo\":false}}','horclemenr','6','2014-01-16 16:00:27'),('52d84163-e258-4829-b654-5e03c0a80086','CREATE','Equipotrabajo','135','{\"Equipotrabajo\":{\"id\":\"135\",\"actuacionesfiscale_id\":\"2\",\"funcionario_id\":\"15\",\"funcionariorole_id\":\"5\",\"credenciale_id\":null,\"nota_designacion\":\"31-23-12-321\",\"fecha\":\"16-01-2014\"}}','horclemenr','6','2014-01-16 16:00:27'),('52d84163-f2c8-47a3-b1b0-5e03c0a80086','CREATE','ActuacionesfiscalesEvento','53','{\"ActuacionesfiscalesEvento\":{\"id\":\"53\",\"evento_id\":\"9\",\"actuacionesfiscale_id\":\"2\",\"fecha_inicio\":null,\"fecha_fin\":null,\"es_completado\":false,\"es_activo\":false}}','horclemenr','6','2014-01-16 16:00:27'),('52d84163-f84c-427b-83f6-5e03c0a80086','CREATE','Equipotrabajo','136','{\"Equipotrabajo\":{\"id\":\"136\",\"actuacionesfiscale_id\":\"2\",\"funcionario_id\":\"31\",\"funcionariorole_id\":\"3\",\"credenciale_id\":null,\"nota_designacion\":\"12-31-23-123\",\"fecha\":\"16-01-2014\"}}','horclemenr','6','2014-01-16 16:00:27');
/*!40000 ALTER TABLE `audits` ENABLE KEYS */;
UNLOCK TABLES;

--
-- Table structure for table `credenciales`
--

DROP TABLE IF EXISTS `credenciales`;
/*!40101 SET @saved_cs_client     = @@character_set_client */;
/*!40101 SET character_set_client = utf8 */;
CREATE TABLE `credenciales` (
  `id` int(11) NOT NULL AUTO_INCREMENT,
  `numero` varchar(17) COLLATE utf8_spanish_ci NOT NULL,
  `fecha` date NOT NULL,
  `actuacionesfiscale_id` int(11) NOT NULL,
  PRIMARY KEY (`id`),
  KEY `fk_credenciales_actuacionesfiscales1_idx` (`actuacionesfiscale_id`),
  CONSTRAINT `fk_credenciales_actuacionesfiscales1` FOREIGN KEY (`actuacionesfiscale_id`) REFERENCES `actuacionesfiscales` (`id`) ON DELETE CASCADE ON UPDATE CASCADE
) ENGINE=InnoDB DEFAULT CHARSET=utf8 COLLATE=utf8_spanish_ci;
/*!40101 SET character_set_client = @saved_cs_client */;

--
-- Dumping data for table `credenciales`
--

LOCK TABLES `credenciales` WRITE;
/*!40000 ALTER TABLE `credenciales` DISABLE KEYS */;
/*!40000 ALTER TABLE `credenciales` ENABLE KEYS */;
UNLOCK TABLES;

--
-- Table structure for table `direccioncontroles`
--

DROP TABLE IF EXISTS `direccioncontroles`;
/*!40101 SET @saved_cs_client     = @@character_set_client */;
/*!40101 SET character_set_client = utf8 */;
CREATE TABLE `direccioncontroles` (
  `id` int(11) NOT NULL AUTO_INCREMENT,
  `denominacion` varchar(300) COLLATE utf8_spanish_ci NOT NULL,
  PRIMARY KEY (`id`)
) ENGINE=InnoDB AUTO_INCREMENT=7 DEFAULT CHARSET=utf8 COLLATE=utf8_spanish_ci;
/*!40101 SET character_set_client = @saved_cs_client */;

--
-- Dumping data for table `direccioncontroles`
--

LOCK TABLES `direccioncontroles` WRITE;
/*!40000 ALTER TABLE `direccioncontroles` DISABLE KEYS */;
INSERT INTO `direccioncontroles` VALUES (5,'Dirección de Control de la Administración Central y Otro Poder'),(6,'Dirección de Control de la Administración Descentralizada');
/*!40000 ALTER TABLE `direccioncontroles` ENABLE KEYS */;
UNLOCK TABLES;

--
-- Table structure for table `equipotrabajos`
--

DROP TABLE IF EXISTS `equipotrabajos`;
/*!40101 SET @saved_cs_client     = @@character_set_client */;
/*!40101 SET character_set_client = utf8 */;
CREATE TABLE `equipotrabajos` (
  `id` int(11) NOT NULL AUTO_INCREMENT,
  `actuacionesfiscale_id` int(11) NOT NULL,
  `funcionario_id` int(11) NOT NULL,
  `funcionariorole_id` int(11) NOT NULL,
  `credenciale_id` int(11) DEFAULT NULL,
  `nota_designacion` varchar(12) COLLATE utf8_spanish_ci NOT NULL,
  `fecha` date NOT NULL,
  PRIMARY KEY (`id`),
  KEY `fk_equipotrabajos_actuacionesfiscales1_idx` (`actuacionesfiscale_id`),
  KEY `fk_equipotrabajos_funcionarios1_idx` (`funcionario_id`),
  KEY `fk_equipotrabajos_funcionarioroles1_idx` (`funcionariorole_id`),
  KEY `fk_equipotrabajos_credenciales1_idx` (`credenciale_id`),
  CONSTRAINT `fk_equipotrabajos_actuacionesfiscales1` FOREIGN KEY (`actuacionesfiscale_id`) REFERENCES `actuacionesfiscales` (`id`) ON DELETE CASCADE ON UPDATE CASCADE,
  CONSTRAINT `fk_equipotrabajos_credenciales1` FOREIGN KEY (`credenciale_id`) REFERENCES `credenciales` (`id`) ON DELETE CASCADE ON UPDATE CASCADE,
  CONSTRAINT `fk_equipotrabajos_funcionarioroles1` FOREIGN KEY (`funcionariorole_id`) REFERENCES `funcionarioroles` (`id`) ON DELETE CASCADE ON UPDATE CASCADE,
  CONSTRAINT `fk_equipotrabajos_funcionarios1` FOREIGN KEY (`funcionario_id`) REFERENCES `funcionarios` (`id`) ON DELETE CASCADE ON UPDATE CASCADE
) ENGINE=InnoDB AUTO_INCREMENT=137 DEFAULT CHARSET=utf8 COLLATE=utf8_spanish_ci;
/*!40101 SET character_set_client = @saved_cs_client */;

--
-- Dumping data for table `equipotrabajos`
--

LOCK TABLES `equipotrabajos` WRITE;
/*!40000 ALTER TABLE `equipotrabajos` DISABLE KEYS */;
/*!40000 ALTER TABLE `equipotrabajos` ENABLE KEYS */;
UNLOCK TABLES;

--
-- Table structure for table `eventoinspecciones`
--

DROP TABLE IF EXISTS `eventoinspecciones`;
/*!40101 SET @saved_cs_client     = @@character_set_client */;
/*!40101 SET character_set_client = utf8 */;
CREATE TABLE `eventoinspecciones` (
  `id` int(11) NOT NULL AUTO_INCREMENT,
  `evento_id` int(11) NOT NULL,
  `municipio` varchar(255) COLLATE utf8_spanish_ci DEFAULT NULL,
  `lugar` text COLLATE utf8_spanish_ci,
  PRIMARY KEY (`id`),
  KEY `fk_lugarinspecciones_eventos1_idx` (`evento_id`)
) ENGINE=InnoDB DEFAULT CHARSET=utf8 COLLATE=utf8_spanish_ci;
/*!40101 SET character_set_client = @saved_cs_client */;

--
-- Dumping data for table `eventoinspecciones`
--

LOCK TABLES `eventoinspecciones` WRITE;
/*!40000 ALTER TABLE `eventoinspecciones` DISABLE KEYS */;
/*!40000 ALTER TABLE `eventoinspecciones` ENABLE KEYS */;
UNLOCK TABLES;

--
-- Table structure for table `eventos`
--

DROP TABLE IF EXISTS `eventos`;
/*!40101 SET @saved_cs_client     = @@character_set_client */;
/*!40101 SET character_set_client = utf8 */;
CREATE TABLE `eventos` (
  `id` int(11) NOT NULL AUTO_INCREMENT,
  `denominacion` text COLLATE utf8_spanish_ci NOT NULL,
  `descripcion` text COLLATE utf8_spanish_ci,
  `posicion` varchar(2) COLLATE utf8_spanish_ci DEFAULT NULL,
  `es_opcional` tinyint(1) DEFAULT '0',
  `es_inspeccion` tinyint(1) DEFAULT '0',
  `parent_id` int(11) DEFAULT NULL,
  `bloqueado` tinyint(1) DEFAULT '0',
  `fase_id` int(11) NOT NULL,
  PRIMARY KEY (`id`),
  KEY `fk_eventos_fases1_idx` (`fase_id`),
  CONSTRAINT `fk_eventos_fases1` FOREIGN KEY (`fase_id`) REFERENCES `fases` (`id`) ON DELETE CASCADE ON UPDATE CASCADE
) ENGINE=InnoDB AUTO_INCREMENT=12 DEFAULT CHARSET=utf8 COLLATE=utf8_spanish_ci;
/*!40101 SET character_set_client = @saved_cs_client */;

--
-- Dumping data for table `eventos`
--

LOCK TABLES `eventos` WRITE;
/*!40000 ALTER TABLE `eventos` DISABLE KEYS */;
INSERT INTO `eventos` VALUES (1,'Elaboración del Programa de Trabajo','Desarrollo del programa, verificacion, validacion, correccion y todo lo correspondiente al mismo','10',0,0,NULL,0,1),(2,'Entrega final del Programa de Trabajo','En este paso se debe entregar el Programa de Trabajo al Contralor','20',0,0,1,0,1),(3,'Instalación del equipo en el ente u órgano','Corresponde con la instalacion del equipo auditor en el organo. Entrega oficios credenciales, oficio de requerimientos, de remision y cuestionario de evaluacion','30',0,0,2,0,2),(4,'Ejecución de los objetivos específicos del programa','Requiere la ejecucion de cada una de las actividades definidas, inspecciones, supervisiones, y todo evento definido en el programa','40',0,0,3,0,2),(5,'Levantamiento de acta de culminación y entrega de espacio físico','Consiste en redactar el acta, entregar los espacios fisicos, y registrar las supervisiones llevadas a cabo','50',0,0,4,0,2),(6,'Elaboración del Informe Original','Consiste en consolidar toda la informacion y elaborar el informe original, papeles de trabajo debidamente organizados y refernciacion...','60',0,0,5,0,3),(7,'Elaboración del Informe Preliminar','Consiste en la elaboracion del informe preliminar, su revision, correcciones y otras','70',0,0,10,0,3),(8,'Elaboración del Informe Definitivo','Consiste en la elaboracion del informe definitivo, su revision, correcciones y otras','80',0,0,7,0,3),(9,'Realización del Resumen Ejecutivo','Consiste en elaborar el informe ejecutivo','90',0,0,8,0,3),(10,'Valoración de las observaciones sobre los resultados preliminares','Consiste en evaluar los resultados antes de hacer el informe preliminar','65',0,0,6,0,3),(11,'Solicitud del Plan de Acciones Correctivas','Se le debe solicitar al ente u órgano evaluado el plan de acciones correctivas','95',0,0,9,0,3);
/*!40000 ALTER TABLE `eventos` ENABLE KEYS */;
UNLOCK TABLES;

--
-- Table structure for table `eventualidades`
--

DROP TABLE IF EXISTS `eventualidades`;
/*!40101 SET @saved_cs_client     = @@character_set_client */;
/*!40101 SET character_set_client = utf8 */;
CREATE TABLE `eventualidades` (
  `id` int(11) NOT NULL AUTO_INCREMENT,
  `fecha_deteccion` datetime NOT NULL,
  `fecha_verificacion` datetime DEFAULT NULL,
  `numero` int(2) NOT NULL DEFAULT '1',
  `actuacionesfiscale_id` int(11) NOT NULL,
  `evento_id` int(11) NOT NULL,
  `detecta_id` int(11) NOT NULL COMMENT 'funcionario_id es Responsable de la correcion',
  `corrige_id` int(11) DEFAULT NULL,
  `eventualidadtipo_id` int(11) NOT NULL,
  `mediocomunicacione_id` int(11) NOT NULL,
  `asunto` text COLLATE utf8_spanish_ci NOT NULL,
  `observaciones` text COLLATE utf8_spanish_ci,
  `estado` enum('NR','A','N','R') COLLATE utf8_spanish_ci NOT NULL DEFAULT 'NR',
  `municipio` varchar(200) COLLATE utf8_spanish_ci DEFAULT NULL,
  `lugar` varchar(200) COLLATE utf8_spanish_ci DEFAULT NULL,
  PRIMARY KEY (`id`),
  KEY `fk_correcciones_eventos1_idx` (`evento_id`),
  KEY `fk_correcciones_funcionarios1_idx` (`detecta_id`),
  KEY `fk_eventualidades_eventualidadtipos1_idx` (`eventualidadtipo_id`),
  KEY `fk_eventualidades_mediocomunicaciones1_idx` (`mediocomunicacione_id`),
  KEY `fk_eventualidades_funcionarios1_idx` (`corrige_id`),
  KEY `fk_eventualidades_actuacionesfiscales1_idx` (`actuacionesfiscale_id`),
  CONSTRAINT `fk_correcciones_funcionarios1` FOREIGN KEY (`detecta_id`) REFERENCES `funcionarios` (`id`) ON DELETE CASCADE ON UPDATE CASCADE,
  CONSTRAINT `fk_eventualidades_actuacionesfiscales1` FOREIGN KEY (`actuacionesfiscale_id`) REFERENCES `actuacionesfiscales` (`id`) ON DELETE CASCADE ON UPDATE CASCADE,
  CONSTRAINT `fk_eventualidades_eventualidadtipos1` FOREIGN KEY (`eventualidadtipo_id`) REFERENCES `eventualidadtipos` (`id`) ON DELETE CASCADE ON UPDATE CASCADE,
  CONSTRAINT `fk_eventualidades_funcionarios1` FOREIGN KEY (`corrige_id`) REFERENCES `funcionarios` (`id`) ON DELETE CASCADE ON UPDATE CASCADE,
  CONSTRAINT `fk_eventualidades_mediocomunicaciones1` FOREIGN KEY (`mediocomunicacione_id`) REFERENCES `mediocomunicaciones` (`id`) ON DELETE CASCADE ON UPDATE CASCADE
) ENGINE=InnoDB DEFAULT CHARSET=utf8 COLLATE=utf8_spanish_ci;
/*!40101 SET character_set_client = @saved_cs_client */;

--
-- Dumping data for table `eventualidades`
--

LOCK TABLES `eventualidades` WRITE;
/*!40000 ALTER TABLE `eventualidades` DISABLE KEYS */;
/*!40000 ALTER TABLE `eventualidades` ENABLE KEYS */;
UNLOCK TABLES;

--
-- Table structure for table `eventualidadtipos`
--

DROP TABLE IF EXISTS `eventualidadtipos`;
/*!40101 SET @saved_cs_client     = @@character_set_client */;
/*!40101 SET character_set_client = utf8 */;
CREATE TABLE `eventualidadtipos` (
  `id` int(11) NOT NULL AUTO_INCREMENT,
  `denominacion` varchar(300) COLLATE utf8_spanish_ci NOT NULL COMMENT 'Denominacion: correccion, asesoria, supervision',
  `posicion` varchar(2) COLLATE utf8_spanish_ci NOT NULL,
  `afecta_dh` tinyint(1) DEFAULT NULL,
  `numero_dh` int(11) DEFAULT NULL,
  `suma_resta` tinyint(1) DEFAULT NULL,
  `evento_id` int(11) DEFAULT NULL,
  `bloqueado` tinyint(1) DEFAULT '0',
  `es_operacion` tinyint(1) NOT NULL DEFAULT '1',
  `es_eventualidad` tinyint(1) NOT NULL DEFAULT '0',
  PRIMARY KEY (`id`),
  KEY `fk_eventualidadtipos_eventos1_idx` (`evento_id`)
) ENGINE=InnoDB AUTO_INCREMENT=12 DEFAULT CHARSET=utf8 COLLATE=utf8_spanish_ci;
/*!40101 SET character_set_client = @saved_cs_client */;

--
-- Dumping data for table `eventualidadtipos`
--

LOCK TABLES `eventualidadtipos` WRITE;
/*!40000 ALTER TABLE `eventualidadtipos` DISABLE KEYS */;
INSERT INTO `eventualidadtipos` VALUES (1,'Realizar Corrección','30',0,0,1,NULL,0,1,1),(2,'Solicitud de Asesoría','30',0,0,1,NULL,0,1,1),(3,'Ejecutar Revisión','30',0,0,1,NULL,0,1,1),(4,'Proceder con Supervisión','30',0,0,1,NULL,0,1,1),(6,'Establecer día no laborable','30',1,1,1,NULL,0,0,1),(7,'Instalación en el Organo o Ente luego de requ','30',1,2,1,3,0,1,1),(8,'Realizar Inspección','30',0,0,1,NULL,0,1,1),(9,'Solicitud de Información','10',0,0,0,NULL,0,1,0),(10,'Consignación Información','20',0,0,0,NULL,0,1,0),(11,'Diferimiento por asignación a otra actuación','70',1,15,1,6,0,0,1);
/*!40000 ALTER TABLE `eventualidadtipos` ENABLE KEYS */;
UNLOCK TABLES;

--
-- Table structure for table `fases`
--

DROP TABLE IF EXISTS `fases`;
/*!40101 SET @saved_cs_client     = @@character_set_client */;
/*!40101 SET character_set_client = utf8 */;
CREATE TABLE `fases` (
  `id` int(11) NOT NULL AUTO_INCREMENT,
  `denominacion` varchar(40) COLLATE utf8_spanish_ci NOT NULL,
  `inicioauto` tinyint(1) NOT NULL DEFAULT '0',
  `has_formulario` tinyint(1) DEFAULT NULL,
  `formulario` varchar(200) COLLATE utf8_spanish_ci DEFAULT NULL,
  `evento_id` int(11) DEFAULT NULL,
  PRIMARY KEY (`id`),
  KEY `fk_fases_eventos1_idx` (`evento_id`),
  CONSTRAINT `fk_fases_eventos1` FOREIGN KEY (`evento_id`) REFERENCES `eventos` (`id`) ON DELETE CASCADE ON UPDATE CASCADE
) ENGINE=InnoDB AUTO_INCREMENT=4 DEFAULT CHARSET=utf8 COLLATE=utf8_spanish_ci;
/*!40101 SET character_set_client = @saved_cs_client */;

--
-- Dumping data for table `fases`
--

LOCK TABLES `fases` WRITE;
/*!40000 ALTER TABLE `fases` DISABLE KEYS */;
INSERT INTO `fases` VALUES (1,'Planificación',0,0,'',NULL),(2,'Ejecución',0,1,'Credenciales/add',3),(3,'Presentación de Resultados',1,0,NULL,NULL);
/*!40000 ALTER TABLE `fases` ENABLE KEYS */;
UNLOCK TABLES;

--
-- Table structure for table `funcionarioroles`
--

DROP TABLE IF EXISTS `funcionarioroles`;
/*!40101 SET @saved_cs_client     = @@character_set_client */;
/*!40101 SET character_set_client = utf8 */;
CREATE TABLE `funcionarioroles` (
  `id` int(11) NOT NULL AUTO_INCREMENT,
  `denominacion` varchar(100) COLLATE utf8_spanish_ci NOT NULL,
  `requerido` tinyint(1) DEFAULT '1',
  PRIMARY KEY (`id`)
) ENGINE=InnoDB AUTO_INCREMENT=7 DEFAULT CHARSET=utf8 COLLATE=utf8_spanish_ci;
/*!40101 SET character_set_client = @saved_cs_client */;

--
-- Dumping data for table `funcionarioroles`
--

LOCK TABLES `funcionarioroles` WRITE;
/*!40000 ALTER TABLE `funcionarioroles` DISABLE KEYS */;
INSERT INTO `funcionarioroles` VALUES (1,'Supervisor',1),(2,'Coordinador',1),(3,'Colaborador (Auditor Fiscal)',0),(4,'Colaborador (Asistente de Auditor Fiscal)',0),(5,'Abogado Actuante',1),(6,'Apoyo Profesional y/o Especialista',0);
/*!40000 ALTER TABLE `funcionarioroles` ENABLE KEYS */;
UNLOCK TABLES;

--
-- Table structure for table `funcionarioroles_groups`
--

DROP TABLE IF EXISTS `funcionarioroles_groups`;
/*!40101 SET @saved_cs_client     = @@character_set_client */;
/*!40101 SET character_set_client = utf8 */;
CREATE TABLE `funcionarioroles_groups` (
  `id` int(11) NOT NULL AUTO_INCREMENT,
  `group_id` int(11) NOT NULL,
  `funcionariorole_id` int(11) NOT NULL,
  PRIMARY KEY (`id`),
  KEY `fk_groups_has_funcionarioroles_funcionarioroles1_idx` (`funcionariorole_id`),
  KEY `fk_groups_has_funcionarioroles_groups1_idx` (`group_id`),
  CONSTRAINT `fk_groups_has_funcionarioroles_funcionarioroles1` FOREIGN KEY (`funcionariorole_id`) REFERENCES `funcionarioroles` (`id`) ON DELETE CASCADE ON UPDATE CASCADE,
  CONSTRAINT `fk_groups_has_funcionarioroles_groups1` FOREIGN KEY (`group_id`) REFERENCES `groups` (`id`) ON DELETE CASCADE ON UPDATE CASCADE
) ENGINE=InnoDB AUTO_INCREMENT=8 DEFAULT CHARSET=utf8 COLLATE=utf8_spanish_ci;
/*!40101 SET character_set_client = @saved_cs_client */;

--
-- Dumping data for table `funcionarioroles_groups`
--

LOCK TABLES `funcionarioroles_groups` WRITE;
/*!40000 ALTER TABLE `funcionarioroles_groups` DISABLE KEYS */;
INSERT INTO `funcionarioroles_groups` VALUES (1,3,1),(3,4,2),(4,5,5),(5,1,6),(6,4,3),(7,9,4);
/*!40000 ALTER TABLE `funcionarioroles_groups` ENABLE KEYS */;
UNLOCK TABLES;

--
-- Table structure for table `funcionarios`
--

DROP TABLE IF EXISTS `funcionarios`;
/*!40101 SET @saved_cs_client     = @@character_set_client */;
/*!40101 SET character_set_client = utf8 */;
CREATE TABLE `funcionarios` (
  `id` int(11) NOT NULL AUTO_INCREMENT,
  `nombre` varchar(200) COLLATE utf8_spanish_ci NOT NULL,
  `es_mostrado` tinyint(1) DEFAULT '1',
  `direccioncontrole_id` int(11) DEFAULT NULL,
  `bloqueado` tinyint(1) DEFAULT '0',
  PRIMARY KEY (`id`),
  KEY `fk_funcionarios_direccioncontroles1_idx` (`direccioncontrole_id`),
  CONSTRAINT `fk_funcionarios_direccioncontroles1` FOREIGN KEY (`direccioncontrole_id`) REFERENCES `direccioncontroles` (`id`) ON DELETE SET NULL ON UPDATE SET NULL
) ENGINE=InnoDB AUTO_INCREMENT=63 DEFAULT CHARSET=utf8 COLLATE=utf8_spanish_ci;
/*!40101 SET character_set_client = @saved_cs_client */;

--
-- Dumping data for table `funcionarios`
--

LOCK TABLES `funcionarios` WRITE;
/*!40000 ALTER TABLE `funcionarios` DISABLE KEYS */;
INSERT INTO `funcionarios` VALUES (1,'Richard José García Perdomo',0,NULL,0),(2,'Javier Augusto Esteva Araujo',0,NULL,0),(3,'Jorge Eliezer Pacheco Gallo',1,NULL,0),(8,'Wuilliam Alexander Lacruz Moreno',0,NULL,0),(15,'Milagro Del Valle Angulo',1,5,0),(16,'Belkis Joneiza Marquez Ramirez',1,6,0),(17,'Silely Pierina Spina Moreno',1,6,0),(18,'Mairelis Yosiret Sanchez Bastardo',1,5,0),(19,'Mireya Irene Echeverria',1,5,0),(28,'Noemi Mendoza Sanchez',1,5,0),(29,'Horclemen E. Roa Marquez',1,5,0),(30,'Yesenia Carolina Valero',1,6,0),(31,'Aura Leticia Quintero Mendoza',1,5,0),(32,'Liset Del Carmen Rivas Acosta',1,5,0),(33,'Maria Carolina Altuve Montes',1,6,0),(34,'Milagros Del Valle Puentes Andrade',1,5,0),(35,'Kary Yuselin Uzcategui Nava',1,6,0),(36,'Francisco Javier Valero',1,6,0),(37,'Felipe Gutierrez Marquez',1,6,0),(39,'Aura Haidee Carmona Gil',1,6,0),(40,'Jose Daniel Uzcategui',1,5,0),(41,'Neida Josefina Maldonado Andrade',1,5,0),(42,'Joselyn Carolina Maldonado Araujo',1,6,0),(43,'Nancy Santiago Paredes',1,5,0),(44,'Mirleny Parra De Uzcategui',1,6,0),(45,'Carmen Yolanda Echeverria De Rangel',1,6,0),(46,'Zaida Beatriz Romero Camacho',1,5,0),(47,'Ana Isabel Duarte Davila',1,6,0),(48,'Ernesto Ruben Avila Carrizales',1,5,0),(49,'Jose Luis Diaz Silva',1,6,0),(50,'Betty Margarita Fernandez Ramirez',1,6,0),(51,'Frank Andres Fajardo',1,5,0),(52,'Coylu Sikyu Arias Angulo',1,6,0),(55,'Zaida Uzcategui De Garcia',1,6,0),(56,'Rosario del Carmen Contreras Rangel',1,5,0),(57,'Jenniffer Dayana Rodriguez Bermudez',1,5,0),(58,'Lisbeth Andreina Cerrada Medina',1,5,0),(59,'Candice Beltran Zerpa',1,6,0),(60,'Maria Dolores Garcia Martinez',1,6,0),(61,'Mariela Andreina Gonzalez',1,6,0);
/*!40000 ALTER TABLE `funcionarios` ENABLE KEYS */;
UNLOCK TABLES;

--
-- Table structure for table `groups`
--

DROP TABLE IF EXISTS `groups`;
/*!40101 SET @saved_cs_client     = @@character_set_client */;
/*!40101 SET character_set_client = utf8 */;
CREATE TABLE `groups` (
  `id` int(11) NOT NULL AUTO_INCREMENT,
  `name` varchar(100) COLLATE utf8_spanish_ci NOT NULL,
  `created` datetime DEFAULT NULL,
  `modified` datetime DEFAULT NULL,
  `participa` tinyint(1) DEFAULT NULL,
  PRIMARY KEY (`id`)
) ENGINE=InnoDB AUTO_INCREMENT=10 DEFAULT CHARSET=utf8 COLLATE=utf8_spanish_ci;
/*!40101 SET character_set_client = @saved_cs_client */;

--
-- Dumping data for table `groups`
--

LOCK TABLES `groups` WRITE;
/*!40000 ALTER TABLE `groups` DISABLE KEYS */;
INSERT INTO `groups` VALUES (1,'Administradores','2013-04-12 10:22:12','2013-04-12 10:22:12',0),(2,'Contralor','2013-05-14 10:00:38','2013-07-01 16:14:19',1),(3,'Supervisores','2013-05-28 08:35:25','2013-05-28 08:35:25',1),(4,'Coordinadores','2013-05-28 08:35:31','2013-05-28 08:35:31',1),(5,'Abogados Actuantes','2013-05-28 08:35:48','2013-05-28 08:35:57',1),(6,'Asistentes Administrativos','2013-05-28 08:36:09','2013-05-28 08:36:09',0),(7,'Directores','2013-06-27 14:56:43','2013-06-27 14:56:43',0),(8,'Director General','2013-07-01 16:14:05','2013-07-01 16:14:25',1),(9,'Asistentes de Auditor Fiscal','2013-10-02 13:34:45','2013-10-02 13:34:45',NULL);
/*!40000 ALTER TABLE `groups` ENABLE KEYS */;
UNLOCK TABLES;

--
-- Table structure for table `mediocomunicaciones`
--

DROP TABLE IF EXISTS `mediocomunicaciones`;
/*!40101 SET @saved_cs_client     = @@character_set_client */;
/*!40101 SET character_set_client = utf8 */;
CREATE TABLE `mediocomunicaciones` (
  `id` int(11) NOT NULL AUTO_INCREMENT,
  `denominacion` varchar(100) COLLATE utf8_spanish_ci NOT NULL,
  PRIMARY KEY (`id`)
) ENGINE=InnoDB AUTO_INCREMENT=7 DEFAULT CHARSET=utf8 COLLATE=utf8_spanish_ci;
/*!40101 SET character_set_client = @saved_cs_client */;

--
-- Dumping data for table `mediocomunicaciones`
--

LOCK TABLES `mediocomunicaciones` WRITE;
/*!40000 ALTER TABLE `mediocomunicaciones` DISABLE KEYS */;
INSERT INTO `mediocomunicaciones` VALUES (1,'SCAF Web'),(2,'Telefono'),(3,'Fax'),(4,'SMS'),(5,'Correo'),(6,'Otro');
/*!40000 ALTER TABLE `mediocomunicaciones` ENABLE KEYS */;
UNLOCK TABLES;

--
-- Table structure for table `nolaborables`
--

DROP TABLE IF EXISTS `nolaborables`;
/*!40101 SET @saved_cs_client     = @@character_set_client */;
/*!40101 SET character_set_client = utf8 */;
CREATE TABLE `nolaborables` (
  `id` int(11) NOT NULL AUTO_INCREMENT,
  `dia` date NOT NULL,
  `descripcion` varchar(200) COLLATE utf8_spanish_ci NOT NULL,
  `repetitivo` tinyint(1) NOT NULL DEFAULT '1',
  PRIMARY KEY (`id`)
) ENGINE=InnoDB AUTO_INCREMENT=4 DEFAULT CHARSET=utf8 COLLATE=utf8_spanish_ci;
/*!40101 SET character_set_client = @saved_cs_client */;

--
-- Dumping data for table `nolaborables`
--

LOCK TABLES `nolaborables` WRITE;
/*!40000 ALTER TABLE `nolaborables` DISABLE KEYS */;
INSERT INTO `nolaborables` VALUES (1,'2013-05-22','Dia jubilo regional',0),(2,'2013-05-23','Dia jubilo regional',0),(3,'2013-06-04','Feriado Nacional',1);
/*!40000 ALTER TABLE `nolaborables` ENABLE KEYS */;
UNLOCK TABLES;

--
-- Table structure for table `objetivoespecificos`
--

DROP TABLE IF EXISTS `objetivoespecificos`;
/*!40101 SET @saved_cs_client     = @@character_set_client */;
/*!40101 SET character_set_client = utf8 */;
CREATE TABLE `objetivoespecificos` (
  `id` int(11) NOT NULL AUTO_INCREMENT,
  `denominacion` text COLLATE utf8_spanish_ci NOT NULL,
  `actuacionesfiscale_id` int(11) NOT NULL,
  PRIMARY KEY (`id`),
  KEY `fk_objetivoespecificos_actuacionesfiscales1_idx` (`actuacionesfiscale_id`),
  CONSTRAINT `fk_objetivoespecificos_actuacionesfiscales1` FOREIGN KEY (`actuacionesfiscale_id`) REFERENCES `actuacionesfiscales` (`id`) ON DELETE CASCADE ON UPDATE CASCADE
) ENGINE=InnoDB AUTO_INCREMENT=12 DEFAULT CHARSET=utf8 COLLATE=utf8_spanish_ci;
/*!40101 SET character_set_client = @saved_cs_client */;

--
-- Dumping data for table `objetivoespecificos`
--

LOCK TABLES `objetivoespecificos` WRITE;
/*!40000 ALTER TABLE `objetivoespecificos` DISABLE KEYS */;
/*!40000 ALTER TABLE `objetivoespecificos` ENABLE KEYS */;
UNLOCK TABLES;

--
-- Table structure for table `objetos`
--

DROP TABLE IF EXISTS `objetos`;
/*!40101 SET @saved_cs_client     = @@character_set_client */;
/*!40101 SET character_set_client = utf8 */;
CREATE TABLE `objetos` (
  `id` int(11) NOT NULL AUTO_INCREMENT,
  `denominacion` varchar(1500) COLLATE utf8_spanish_ci NOT NULL,
  `objetotipo_id` int(11) NOT NULL,
  `siglas` varchar(45) COLLATE utf8_spanish_ci DEFAULT NULL,
  `direccion` text COLLATE utf8_spanish_ci,
  `telefonos` text COLLATE utf8_spanish_ci,
  PRIMARY KEY (`id`),
  KEY `fk_objetos_objetotipos1_idx` (`objetotipo_id`),
  CONSTRAINT `fk_objetos_objetotipos1` FOREIGN KEY (`objetotipo_id`) REFERENCES `objetotipos` (`id`) ON DELETE CASCADE ON UPDATE CASCADE
) ENGINE=InnoDB AUTO_INCREMENT=8438 DEFAULT CHARSET=utf8 COLLATE=utf8_spanish_ci;
/*!40101 SET character_set_client = @saved_cs_client */;

--
-- Dumping data for table `objetos`
--

LOCK TABLES `objetos` WRITE;
/*!40000 ALTER TABLE `objetos` DISABLE KEYS */;
INSERT INTO `objetos` VALUES (1,'CONSEJO LEGISLATIVO DEL ESTADO MÉRIDA',1,'CLEM','ESQUINA DE LA CALLE 22, ENTRE AV. 3 Y 4 EDIFICIO CINCO ÁGUILAS BLANCAS MÉRIDA ESTADO MÉRIDA','0274-2523555/5510102'),(2,'PROCURADURÍA GENERAL DEL ESTADO',1,'PGEM','CALLE 18, ENTRE AV. 3 Y 4, CASA N° 3-37','0274-2523874 / 2512236 / 2513092'),(3,'SECRETARIA GENERAL DE GOBIERNO',1,'SGG','GOBERNACIÓN DEL ESTADO MÉRIDA CALLE 23 AV. 3 Y 4','0274-2523555/5510102'),(4,'DIRECCIÓN ESTADAL DEL PODER POPULAR DE PLANIFICACIÓN Y PRESUPUESTO',1,'DEPPPP','GOBERNACIÓN DEL ESTADO MÉRIDA CALLE 23 ENTRE AV. 3 Y 4','0274-2525147/2511516; FAX:2510395'),(5,'DIRECCIÓN ESTADAL DEL PODER POPULAR DE ADMINISTRACIÓN',1,'DEPPA','CALLE 23 ENTRE AV. 3 Y 4 PALACIO DE GOBIERNO PLANTA BAJA','0274-2522264/2526875'),(6,'DIRECCIÓN ESTADAL DEL PODER POPULAR DE TESORERÍA',1,'DEPPT','GOBERNACIÓN DEL ESTADO MÉRIDA, CALLE 23 ENTRE AV. 3 Y 4','0274-2525604/2521472'),(7,'DIRECCIÓN ESTADAL DEL PODER POPULAR DE RECURSOS HUMANOS',1,'DEPPRH','AV. 4 BOLÍVAR CRUCE CALLE 23 EDIFICO HERMES, PALACIO DE JUSTICIA 5TO. PISO','0274-2528596/2524770/ 2512054'),(8,'DIRECCIÓN ESTADAL DEL PODER POPULAR DE PARTICIPACIÓN CIUDADANA',1,'DEPPPC','SECTOR LA PARROQUIA AV. 5 RESIDENCIAS AGUAS BLANCAS, TORRE B, PLANTA BAJA','0274-2716512'),(9,'UNIDAD DE AUDITORÍA INTERNA',1,'','PALACIO DE GOBIERNO, CALLE 23 ENTRE AV. 3 Y 4, FRENTE A LA PLAZA BOLÍVAR','0274-2511243/ 2510110'),(10,'UNIDAD DE CONTROL DE GESTIÓN',1,'UCG','LA PARROQUIA RESIDENCIAS AGUAS BLANCAS, TORRE B, PISO 2 OFIC. 1 Y 2','0274-2713771'),(11,'OFICINA DE ASISTENCIA AL GOBERNADOR',1,'','PALACIO DE GOBIERNO, CALLE 23 ENTRE AV. 3 Y 4, FRENTE A LA PLAZA BOLÍVAR, PISO 2','0274-2522477'),(12,'OFICINA DE SECRETARÍA PRIVADA',1,'OSP','PALACIO DE GOBIERNO, CALLE 23 ENTRE AV. 3 Y 4, FRENTE A LA PLAZA BOLÍVAR','0274-2525662 / 2510731'),(13,'CASA DE LOS ANTIGUOS GOBERNADORES',1,'','AV. 3 INDEPENDENCIA CALLE 20 CASA DE LOS ANTIGUOS GOBERNADORES','0274-2522045'),(14,'RESIDENCIA DEL GOBERNADOR',1,'','URB. LAS TAPIAS CALLE LA ORQUÍDEA QUINTA SIERRA NEVADA','0274-2663133'),(15,'OFICINA DE COMUNICACIÓN INSTITUCIONAL',1,'OCI','PALACIO DE GOBIERNO, CALLE 23 ENTRE AV. 3 Y 4, FRENTE A LA PLAZA BOLÍVA','0274-2521682/ 2512406'),(16,'OFICINA ESTADAL ANTIDROGAS',1,'OEA','LA PARROQUIA AV. 5, CALLE LAS PEÑAS RESIDENCIAS AGUAS BLANCAS, TORRE B, PISO 1','0274-2711887'),(17,'OFICINA DE ATENCIÓN A LA INFANCIA Y ADOLESCENCIA',1,'OAIA','RESIDENCIAS AGUAS BLANCAS, TORRE B, PISO 2, APTO 2-3 Y 2-4 SECTOR LA PARROQUIA','0274-2668116/2668040'),(18,'SECRETARIA EJECUTIVA DEL CONSEJO ESTADAL DE PLANIFICACIÓN Y COORDINACIÓN DE POLÍTICAS PUBLICAS',1,'CEPCPP','AV. 4 BOLÍVAR ENTRE CALLES 23 Y 24. EDIFICO HERMES, PALACIO DE JUSTICIA PISO 6','0274-2510567 / 2512472'),(19,'OFICINA TÉCNICA DE PROYECTOS',1,'OTP','AV. BOLÍVAR CON CALLE 23, EDIFICIO HERMES, PALACIO DE JUSTICIA 5TO PISO','0274-2522294 / 2523349'),(20,'FONDO MERIDEÑO PARA EL FINANCIAMIENTO DE LOS CONSEJOS COMUNALES',1,'FOMFICC','SECTOR LA PARROQUIA AV. 5, RESIDENCIAS AGUAS BLANCAS, TORRE B, PLANTA BAJA',''),(21,'ACADEMÍA DE MÉRIDA',1,'','AV. 3 INDEPENDENCIA CALLE 20 CASA DE LOS ANTIGUOS GOBERNADORES','0274-2523094'),(22,'DIRECCIÓN ESTADAL DEL PODER POPULAR DE POLITICA INTEGRAL',1,'','',''),(23,'DIRECCIÓN ESTADAL DEL PODER POPULAR DE SEGURIDAD CIUDADANA',1,'DEPPSCEM','PALACIO DE GOBIERNO CALLE 23 ENTRE AVS. 3 Y 4 FRENTE PLAZA BOLÍVAR','0274-4510192/251000'),(24,'CUERPO DE BOMBEROS DEL ESTADO MÉRIDA',1,'CBM','FINAL DE LA AVENIDA LAS AMÉRICAS, URB. HUMBOLDT','0274-2663612/FAX 2667007'),(25,'DIRECCIÓN DEL PODER POPULAR ESTADAL DE TELEINFORMÁTICA (EXTINTO SATEM)',1,'DPPET','AV. LOS PRÓCERES SEDE DE INPRADEM',''),(26,'CIRCUNSCRIPCIÓN MILITAR DEL ESTADO MÉRIDA',1,'CIRMIL','AV. PRINCIPAL DE SAN JACINTO SECTOR LA PAZ CUARTEL DE CONSCRIPTO','0274-2525101'),(27,'CENTRO PENITENCIARIO DE LA REGIÓN ANDINA',1,'CPRA','ESTANQUILLO ALTO SAN JUAN DE LAGUNILLAS','0274-4178849'),(28,'INSTITUTO PARA LA DEFENSA DE LAS PERSONAS EN EL ACCESO A LOS BIENES Y SERVICIOS (PROVIDENCIA ADMINISTRATIVA)',1,'INDEPABIS','CALLE 23 ESQUINA, AVENIDA 4, EDIFICIO HERMES PISO 5','0274-2522920'),(29,'SERVICIO AUTONOMO CENTRO DE CONVENCIONES MUCUMBARILA',1,'','AV. LOS PRÓCERES SECTOR LA MILAGROSA \"PARQUE LA ISLA\", ESTADO MÉRIDA','0274-2440561'),(30,'SERVICIO AUTÓNOMO DEL PUERTO Y AEROPUERTOS DEL ESTADO MÉRIDA',1,'SAPAM','AV. URDANETA AEROPUERTO ALBERTO CARNEVALLI, ESTADO MÉRIDA','0274-2634352'),(31,'DIRECCIÓN ESTADAL DEL PODER POPULAR DE EDUCACIÓN, CULTURA Y DEPORTES',1,'DEPPECD','SECTOR LA PARROQUIA (DETRÁS DEL LICEO CARACCIOLO PARRA Y OLMEDO) EDIF. AGUAS BLANCA TORRE A','0274-2712233/2715634'),(32,'ARCHIVO GENERAL DEL ESTADO MÉRIDA',1,'AGEM','SECTOR GLORIAS PATRIAS AV. 3 INDEPENDENCIA CON CALLE 34','0274-2623286/2620720'),(33,'ZONA LIBRE CULTURAL, CIENTÍFICA Y TECNOLÓGICA',1,'ZOLCCYT','AV. 3 CON CALLE 20, EDIFICIO LA VENCEDORA, PH','0274-2523438'),(34,'DIRECCIÓN ESTADAL DEL PODER POPULAR DE INFRAESTRUCTURA ',1,'DINFRAM','LA PARROQUIA RESIDENCIAS AGUAS BLANCAS, TORRE B, PISO1','0274-2710751/2714477'),(35,'SERVICIO AUTÓNOMO DE MEDICAMENTOS E INSUMOS ESENCIALES DEL ESTADO MÉRIDA',1,'SAMIN','AV. 2 LORA ENTRE CALLES 33 Y 34 LOCAL Nº 33-35','0274-2635255 / CEL: 0424-7265685'),(36,'INSTITUTO NACIONAL DE ASISTENCIA SOCIAL',1,'INASS','AV. 25 DE NOVIEMBRE. VÍA MANZANO BAJO. FRENTE AL IUTEM - EJIDO','0274-2213679 CEL: 0416-6205635 0414-4978310'),(37,'DIRECCIÓN ESTADAL DEL PODER POPULAR DE DESARROLLO SOCIAL',1,'DEPPDS','AV. 4 BOLÍVAR CRUCE CALLE 23 EDIFICO HERMES, PALACIO DE JUSTICIA PISO 6','0274-2510876'),(38,'DIRECCIÓN ESTADAL DEL PODER POPULAR DE ECONOMÍA POPULAR',1,'DEPPEP','SECTOR LA PARROQUIA RESIDENCIAS AGUAS BLANCAS, TORRE B, PISO','0274-2711271/FAX: 2715340'),(39,'SERVICIO AUTÓNOMO DE ESTADIO METROPOLITANO DEL ESTADO MÉRIDA',1,'SAEM','COMPLEJO DEPORTIVO CINCO ÁGUILAS BLANCAS SECTOR ZUMBA LA PARROQUIA, ESTADO MÉRIDA','0274-2668136'),(40,'FUNDACIÓN NIÑO SIMÓN',1,'','AV. URDANETA EDIF. FUNDACIÓN DEL NIÑO ESTADO MÉRIDA','0274-2636151'),(41,'IMPRENTA DEL ESTADO MÉRIDA, C.A.',2,'IMMECA','',''),(42,'INSTITUTO DE PROTECCIÓN CIVIL Y ADMINISTRACIÓN DE DESASTRES DEL ESTADO MÉRIDA.',2,'INPRADEM','',''),(43,'INSTITUTO MERIDEÑO DE DESARROLLO RURAL.',2,'IMDERURAL','',''),(44,'FONDO MERIDEÑO PARA EL DESARROLLO ECONÓMICO SUSTENTABLE.',2,'FOMDES','',''),(45,'CORPORACIÓN MERIDEÑA DE TURISMO.',2,'CORMETUR','',''),(46,'INSTITUTO DE PREVENCIÓN Y ASISTENCIA AL PROFESORADO DEL ESTADO MÉRIDA.',2,'IPAS ESTADAL','',''),(47,'FUNDACIÓN PARA EL DESARROLLO CULTURAL DEL ESTADO MÉRIDA.',2,'FUNDECEM','',''),(48,'INSTITUTO AUTÓNOMO DE SERVICIOS DE BIBLIOTECAS E INFORMACIÓN DEL ESTADO MÉRIDA.',2,'IBIME','',''),(49,'AAA',1,'AAA','',''),(50,'FUNDACIÓN PARA EL DESARROLLO DE LA CIENCIA Y LA TECNOLOGÍA DEL ESTADO MÉRIDA.',2,'FUNDACITE','',''),(51,'FUNDACIÓN MUSEO DE CIENCIA Y TECNOLOGÍA',2,'MUCYT','',''),(52,'FONDO PARA EL DESARROLLO INTEGRAL DE LA VIVIENDA Y HÁBITAT DEL ESTADO MÉRIDA ',2,'FONHVIM','',''),(53,'INSTITUTO MERIDEÑO DE INFRAESTRUCTURA Y VIALIDAD',2,'INMIVI','',''),(54,'AGUAS DE MÉRIDA, C.A. ',2,'AGUAMERCA','',''),(55,'PEAJES EMPRESA SOCIALISTA DE VIALIDAD, C.A.',2,'PESOVIALCA','',''),(56,'INSTITUTO AUTÓNOMO DE ALIMENTACIÓN Y NUTRICIÓN DE ESTADO MÉRIDA.',2,'IAANEM','',''),(57,'INSTITUTO AUTÓNOMO HOSPITAL UNIVERSITARIO DE LOS ANDES.',2,'IAHULA','',''),(58,'DISTRITO SANITARIO MÉRIDA (HOSPITAL SOR JUANA INÉS DE LA CRUZ).',2,'','',''),(59,'DISTRITO SANITARIO EL VIGÍA (HOSPITAL EL VIGÍA)',2,'','',''),(60,'HOSPITAL JOSÉ ANTONIO UZCÁTEGUI (DISTRITO SANITARIO EL VIGÍA).',2,'','',''),(61,'DISTRITO SANITARIO TOVAR (HOSPITAL SAN JOSÉ DE TOVAR)',2,'','',''),(62,'HOSPITAL HERIBERTO ROMERO (DISTRITO SANITARIO TOVAR)',2,'','',''),(63,'HOSPITAL DE BAILADORES (DISTRITO SANITARIO TOVAR)',2,'','',''),(64,'DISTRITO SANITARIO MUCUCHÍES (HOSPITAL RAFAEL RANGEL).',2,'','',''),(65,'HOSPITAL DE TIMOTES (DISTRITO SANITARIO MUCUCHÍES).',2,'','',''),(66,'HOSPITAL SANTO DOMINGO (DISTRITO SANITARIO MUCUCHÍES).',2,'','',''),(67,'HOSPITAL PUEBLO LLANO (DISTRITO SANITARIO MUCUCHÍES).',2,'','',''),(68,'DISTRITO SANITARIO LAGUNILLAS (HOSPITAL DE LAGUNILLAS).',2,'','',''),(69,'HOSPITAL DE CANAGUÁ (DISTRITO SANITARIO LAGUNILLAS).',2,'','',''),(70,'INSTITUTO MERIDEÑO DE LA MUJER Y LA FAMILIA.',2,'IMMFA','',''),(71,'FUNDACIÓN DEL DEPORTE Y LA RECREACIÓN DEL ESTADO MÉRIDA.',2,'FUNDEMER','',''),(72,'INSTITUTO DE LA JUVENTUD DEL ESTADO MÉRIDA.',2,'INJUVEM','',''),(73,'SOCIEDAD CIVIL ESTUDIANTES DE MÉRIDA F.C.',2,'','',''),(74,'TERMINAL DE PASAJEROS Y SERVICIOS DE INTERÉS SOCIAL, C.A.',2,'TERMIPACA','',''),(75,'COMPLEJO RECREACIONAL ALBARREGAS, S.A.',2,'COREALSA','',''),(76,'SOCIEDAD DE GARANTÍAS RECÍPROCAS PARA LA PEQUEÑA Y MEDIANA EMPRESA DEL ESTADO MÉRIDA, S.A.',2,'SGR, MERIDA S.A','',''),(77,'CORPORACIÓN SOCIALISTA MERIDEÑA DE INFRAESTRUCTURA, S.A.',2,'CORSOMEINSA','',''),(78,'GOBERNACIÓN DEL ESTADO MÉRIDA',6,'','','0274-2522477 / 2510936'),(79,'ALCALDÍA DE LA CIUDAD',6,'','','0274-2633682 / 2633202'),(80,'DEFENSORIA DEL PUEBLO',6,'','','0274-2620675 / 2622171'),(81,'FISCALÍA SUPERIOR',6,'','','0274-2510306 / 2510246'),(82,'OFICINA REGIONAL DEL COSEJO NACIONAL ELECTORAL',6,'','','0274-2637270'),(83,'ARZOBISPADO METROPOLITANO',6,'','','0274-2525786 / 2445647'),(84,'MILICIA BOLIVARIANA ZONA OCCIDENTAL',6,'','',''),(85,'22 BRIGADA DE INFANERÍA Y GUARNICIÓN DE MÉRIDA',6,'','','0274-2631253 / 2638253'),(86,'221 BATALLÓN DE INFANTERÍA GENERAL \"JUSTO BRICEÑO\"',6,'','','0274-2527511'),(87,'DESTACAMENTO N° 16 DE LA GUARDIA NACIONAL BOLIVARIANA',6,'','','0274-2710832'),(88,'716 BATALLÓN DE RESERVA DE PASO DE LOS ANDES',6,'','','0274-2510179'),(89,'2201 COMPAÑÍA DE COMANDO',6,'','','0274-2631253'),(90,'3502 COMPAÑÍA DE POLICIA MILITAR \"STTE. GABRIEL PICÓN GONZALEZ\"',6,'','','0274-2527511 / 2512710'),(91,'PUNTO DE ABASTECIMIENTO MILITAR DE MÉRIDA (PEBASTO)',6,'','','0274-2634490'),(92,'INSTITUTO DE OFICIALES RETIRADOS DE LA FUERZA ARMADA NACONAL ',6,'IOFRAN','','0274-2667404'),(93,'BANDA MARCIAL CAYETANO CARREÑO N° 15',6,'','','0274-2527511'),(94,'COMANDO REGIONAL NO.1. SAN CRISTOBAL ESTADO TÁCHIRA',6,'CORE 1','',''),(95,'CASA MILITAR',6,'','',''),(96,'CLUB MILITAR DIVAS DÁVILA',6,'','',''),(97,'CORPORACIÓN DE LOS ANDES ',6,'CORPOANDES','','0274-2440511, 2446293, 2440451'),(98,'CONSULADO COLOMBIA',6,'','','0274-2623105, 2623077'),(99,'CONSULADO DE BOLIVIA',6,'','','0274-2713514, 2711165'),(100,'CONSULADO DE ECUADOR',6,'','','0274-2529576'),(101,'CONSULADO DE PERÚ',6,'','',''),(102,'CONSULADO DE ESPAÑA (VICECONSULADO)',6,'','','0274-4160522, 2661715'),(103,'UNIVERSIDAD NACIONAL EXPERIMENTAL POLITÉCNICA DE LA FUERZA ARMADA (B)',6,'','','0414-1139189; 0212-9082389; 0212-9082058'),(104,'UNIVERSIDAD NACIONAL EXPERIMENTAL POLITÉCNICA DE LA FUERZA ARMADA ',6,'UNEFA','',''),(105,'UNIVERSIDAD BOLIVARIANA DE VENEZUELA',6,'UBV','',''),(106,'INSTITUTO POLITÉCNICO SANTIAGO MARIÑO',6,'','','0274-2662278, 2664390'),(107,'INSTITUTO TECNOLÓGICO DE EJIDO',6,'IUTE','','0274-2211591, 2215239, 2211272'),(108,'INSTITUTO UNIVERSITARIO DE LA FRONTERA',6,'IUFRONT','','0274-2661421, 662043, 4162626'),(109,'INSTITUTO TECNOLÓGICO CRISTOBAL MENDOZA',6,'','','0274-2633049, 2622852'),(110,'INSTITUTO TECNOLÓGICO ANTONIO JOSÉ DE SUCRE',6,'','','0274-2667061, 2667731'),(111,'FUNDACIÓN ORQUESTA SINFÓNICA DEL ESTADO MÉRIDA',6,'','','0274-8085644, 2529886'),(112,'COLEGIO UNIVERSITARIO HOTEL ESCUELA DE LOS ANDES VENEZOLANOS',6,'','','0274-2529825, 2524081,2522239,2522907'),(113,'FEDERACIÓN DE CENTRO DE ESTUDIANTES IUTE',6,'','',''),(114,'CONCEJO MUNICIPAL ZEA',6,'','FINAL CARRERA 5. VIA NIÑO DE LA CUCHILLA ZEA. EDO. MERIDA.',''),(115,'CONCEJO MUNICIPAL ALBERTO ADRIANI (EL VIGÍA) ',6,'','AVENIDA BOLÍVAR, EDIFICIO SEDE ALCALDÍA ALBERTO ADRIANI- EL VIGÍA',''),(116,'CONCEJO MUNICIPAL CARACCIOLO PARRA Y OLMEDO (TUCANÍ) ',6,'','SECTOR LA INMACULADA. CALLE PRINCIPAL VIA SANTA MARIA.',''),(117,'CONCEJO MUNICIPAL JULIO CESAR SALAS (ARAPUEY) ',6,'','ARAPUEY, CALLE 3 ENTRE AVENIDAS 3 Y 4 PARTE ALTA C.C. MARIANA',''),(118,'CONCEJO MUNICIPAL ANDRÉS BELLO (LA AZULITA) ',6,'','CALLE 3, CRUCE CON AV. BOLIVAR, EDIF MUNICIPAL, LA AZULITA.',''),(119,'CONCEJO MUNICIPAL TULIO FEBRES CORDERO (NUEVA BOLIVIA)',6,'','AV. PRINCIPAL, AL LADO DEL CUERPO DE BOMBEROS, MODULO DE SERVICIO NUEVA BOLIVIA.',''),(120,'CONCEJO MUNICIPAL JUSTO BRICEÑO (TORONDOY) ',6,'','ZONA PANAMERICANA NUEVA BOLIVIA, FRENTE AL BANCO UNION BOLIVAR.',''),(121,'UNIVERSIDAD DE LOS ANDES',6,'ULA','MERIDA','0274-2401111'),(122,'DASD',1,'ASD','',''),(123,'CONCEJO MUNICIPAL ANTONIO PINTO SALINAS (SANTA CRUZ DE MORA) ',6,'','CALLE AYACUCHO, FRENTE A LA PLAZA BOLIVAR Y EL COLEGIO SRA. DEL CARME, EDO. MERIDA,',''),(124,'CONTRALORÍA GENERAL DE LA REPÚBLICA',6,'','AVENIDA ANDRÉS BELLO, SECTOR GUAICAIPURO, SEDE EDIFICIO DE LA CONTRALORÍA GENERAL DE LA REPÚBLICA','0212-5083315-3714-3389-3000-5760011.FAX: 0212-5083609-5083201-3571, PROTOCOLO: 0212- 5718986'),(125,'CONTRALORÍA DEL ESTADO AMAZONAS',6,'','',''),(126,'CONTRALORÍA DEL ESTADO ANZOÁTEGUI',6,'','AVENIDA FUERZAS ARMADAS, EDIFICIO BICENTENARIO 3 Y 4 PISO BARCELONA-ANZOÁTEGUI','0281-276-3939, 2763911, 2763920. FAX:0281-2764610'),(127,'CONTRALORÍA DEL ESTADO APURE',6,'','AVENIDA ARÉVALO GONZÁLEZ C/C CALLE BOLÍVAR , EDIFICIO GIULIO GAGGIA, SAN FERNANDO DE APURE','0247-3421522- 3410038.FAX:0247-3421522'),(128,'CONTRALORÍA DEL ESTADO ARAGUA',6,'','CALLE PÁEZ ENTRE BRION Y BERMÚDEZ AL LADO DEL CONSEJO LEGISLATIVO','0243-2378176-2332119-2335886.FAX:0243-2334302'),(129,'CONTRALORÍA DEL ESTADO PORTUGUESA',6,'','CARRERA 4 Y 5, CALLE 16, PLAZA BOLÍVAR. EDIFICIO SAN AGUSTÍN','0257-2531575 – 2512950 - 5029. FAX: 0257-2515801'),(130,'CONTRALORÍA DEL ESTADO SUCRE',6,'','AVENIDA ARISMENDI. EDIFICIO CONTRALORÍA GENERAL, CUMANÁ, ESTADO SUCRE',''),(131,'CONTRALORÍA DEL ESTADO TÁCHIRA',6,'','SÉPTIMA AVENIDA, EDIFICIO CENTRO CÍVICO, TORRE B, 2 PISO, SAN CRISTÓBAL','0276-6515545 – 6515544 - FAX: 0276- 3469322'),(132,'CONTRALORÍA DEL ESTADO TRUJILLO',6,'','SEDE DEL PALACIO DE GOBIERNO, 2 PISO, AVENIDA INDEPENDENCIA, FRENTE LA PLAZA BOLÍVAR',''),(133,'CONTRALORÍA DEL ESTADO BARINAS',6,'','',''),(134,'CONTRALORÍA DEL ESTADO BOLÍVAR',6,'','BOULEVARD BOLÍVAR, EDIF. ROQUE CENTRE 63-A, CASCO HISTÓRICO, CIUDAD BOLÍVAR',': 0285-6325655-8364-0424-5844. FAX:0285-6328364'),(135,'CONTRALORÍA DEL ESTADO CARABOBO',6,'','SECTOR ISABELITA, AVENIDA HENRY FORD, EDIFICIO ORION, 1ER PISO VALENCIA','0241-8336057-5134-9575. FAX:0241-8335593'),(136,'CONTRALORÍA DEL ESTADO COJEDES',6,'','CALLE MANRIQUE CRUCE CON BOLÍVAR, EDIFICIO ANJOMAR 2DO PISO, SAN CARLOS','0258-4330552-0563.FAX:0258-4330563-4334729'),(137,'CONTRALORÍA DEL ESTADO DELTA AMACURO',6,'','CALLE CENTURION, QUINTA PAOLO Nº 36, TUCUPITA','0287-7211344 - 7211655. FAX:0287-7211344'),(138,'CONTRALORÍA DEL ESTADO FALCÓN',6,'','AVENIDA INDEPENDENCIA ENTRE AVENIDA PINTO SALINAS Y RAFAEL, CORO','0268-2539412-2529710-252. FAX:0268-2539710'),(139,'CONTRALORÍA DEL ESTADO GUÁRICO',6,'','CALLE MARIÑO ENTRE BOLIVAR Y MONSEÑOR SENDREA, EDIFICIO DON VITO, PISO 1,2 Y 4 SAN JUAN DE LOS MORROS','0246-4312874-7477.FAX:0246-4320110'),(140,'CONTRALORÍA DEL ESTADO LARA',6,'','URBANIZACIÓN EL PARQUE, CALLE A1, AL LADO DE LA TORRE DELTA ','0251-2552547. FAX:0251-2543355'),(141,'CONTRALORÍA DEL ESTADO BOLIVARIANO DE MIRANDA',6,'','CALLE PÁEZ CON GUAICAIPURO, RESIDENCIAS PÁEZ PLAZA, MEZZANINA. LOS TEQUES',''),(142,'CONTRALORÍA DEL ESTADO MONAGAS',6,'','CALLE 15. EDIFICIO ANEXO A LA GOBERNACIÓN. MATURÍN','0291-6410441 – 6432713. FAX: 0291-6432713'),(143,'CONTRALORÍA DEL ESTADO NUEVA ESPARTA',6,'','AVENIDA CONSTITUCIÓN. EDIFICIO VIEJA SEDE DE LA GOBERNACIÓN DEL ESTADO, 1ER PISO. LA ASUNCIÓN','0295-2424260-2659813. FAX: 0295-2424206'),(144,'CONTRALORÍA DEL ESTADO SUCRE',6,'','ARISMENDI. EDIFICIO CONTRALORÍA GENERAL, CUMANÁ, ESTADO SUCRE','0293-4320708. FAX: 0293 4323447'),(145,'CONTRALORÍA DEL ESTADO VARGAS',6,'',': AVENIDA LA ATLANTIDA, ENTRE CALLE 4 Y 5, EDIFICIO COMERCIAL, PISO 1 Y 2, CATIA LA MAR','0212-3514855-4072-7521'),(146,'CONTRALORÍA DEL ESTADO YARACUY',6,'','AVENIDA LIBERTADOR ENTRE CALLE 8 Y 9, EDIFICIO EL PALACIO, LOCAL NRO 5, SAN FELIPE','0254-2310604-2310782'),(147,'CONTRALORÍA DEL ESTADO ZULIA',6,'','AVENIDA 1 B, ENTRE CALLE 97 Y 98 AL LADO DE LA SEDE PORTUARIA, MARACAIBO','0261-7225041'),(148,'CONTRALORÍA METROPOLITANA DE CARACAS',6,'','AVENIDA URDANETA, ESQUINA DE ANIMAS A PLAZA ESPAÑA, CENTRO FINANCIERO LATINO, PISO 24, DISTRITO CAPITAL',''),(149,'CONTRALORÍA MUNICIPIO LIBERTADOR',6,'','AVENIDA LECUNA DE MIRANDA AREDUCTO, EDIFICIO BAN VENEZ, PISO 8 AL 12',''),(150,'CONTRALORÍA MUNICIPAL DE LIBERTADOR',6,'','AV. URDANETA SEDE ALCALDÍA DEL MNCPIO. LIBERTADOR. ','04147173196 '),(151,'CONTRALORÍA MUNICIPAL DE CAMPO ELÍAS (EJIDO)',6,'',' C.C. CENTENARIO, LOCAL 54 EJIDO',' 04162749656 02744147001'),(152,'CONTRALORÍA MUNICIPAL DE SANTOS MÁRQUINA (TABAY) ',6,'','AV. BOLÍVAR EDIF. MUNICIPAL, FRENTE A LA PLAZA BOLÍVAR. TABAY','02742830455 02742830434 04265117548 '),(153,'CONTRALORÍA MUNICIPAL DE SUCRE',6,'','LAGUNILLAS, EDO. MÉRIDA',' 02749961542 04247352977 04266260265'),(154,'CONTRALORÍA MUNICIPAL CARDENAL QUINTERO (SANTO CONTRALORÍA MUNICIPAL DE DOMINGO) ',6,'','AV. PRINCIPAL SANTO DOMINGO FRENTE AL RESTAURANTE BRISAS DE LA SIERRA','04265710143 04269730094 02744145759 '),(155,'CONTRALORÍA MUNICIPAL DE MIRANDA (TIMOTES) ',6,'','MERCADO ARTESANAL, CALLE CARABOBO AV. BOLÍVAR Y GUAICAIPURO, DETRÁS DE LA ALCALDÍA','0424-7403518 0416-6281282 0271-3118876 '),(156,'CONTRALORÍA MUNICIPAL DE PUEBLO LLANO',6,'','AV. BOLÍVAR CON CALLE INDEPENDENCIA, FRENTE A PLAZA BOLÍVAR','04247710914 02748483325 '),(157,'CONTRALORÍA MUNICIPAL RANGEL (MUCUCHÍES) ',6,'','CONSEJO MUNICIPAL, FRENTE AL COLEGIO CARDENAL QUINTERO. ','0416-7742109 0274-8720777'),(158,'CONTRALORÍA MUNICIPAL DE ANTONIO PINTO SALINAS (SANTA CRUZ DE MORA) ',6,'','EDIF. MUNICIPAL 2DO. PISO, FRENTE A LA PLAZA BOLÍVAR STA. CRUZ DE MORA ','4163708864'),(159,'CONTRALORÍA MUNICIPAL DE RIVAS DÁVILA (BAILADORES) ',6,'','CARRERA 3EDIF. MUNICIPAL FRENTE A LA PLAZA BOLÍVAR, BAILADORES SEDE DE LA ALCALDÍA MNCPIO. RIVAS DÁVILA ',' 04165176432 02754114003'),(160,'CONTRALORÍA MUNICIPAL DE TOVAR',6,'','CALLE 6  ENTRE CARRERAS 3 Y 4 EDIF. MUNICIPAL: TOVAR',' 04145758809'),(161,'CONTRALORÍA MUNICIPAL DE ZEA',6,'','CARRERA 6TA (FINAL VÍA NIÑO DE LA CUCHILLA) ',' 02758776837'),(162,'CONCEJO MUNICIPAL LIBERTADOR',6,'','AV. URDANETA, AL LADO DEL COLEGIO DE MEDICOS, MERIDA. ',''),(163,'CONCEJO MUNICIPAL CAMPO ELÍAS (EJIDO',6,'','AV. BOLIVAR, EDIF. MUNICIPAL, FRENTE A LA PLAZA BOLIVAR, EJIDO. EDO. MERIDA.',''),(164,'CONCEJO MUNICIPAL SANTOS MÁRQUINA (TABAY) ',6,'','JUNTA COMUNAL DE TABAY, EDO MERIDA.',''),(165,'CONCEJO MUNICIPAL SUCRE',6,'','CALLE LAS PALMAS, CONSEJO MUNICIPAL, FRRENTE A PLAZA BOLIVAR. EDO MERIDA.',''),(166,'CONCEJO MUNICIPAL CARDENAL QUINTERO (SANTO DOMINGO) ',6,'','VEREDA URDANETA, FRENTE A LA PLAZA BOLIVAR, EDO. MERIDA.',''),(167,'CONCEJO MUNICIPAL MIRANDA (TIMOTES) ',6,'','AV. BOLIVAR, EDIF. MUNICIPAL, FRENTE A LA PLAZA BOLIVAR, TIMOTES. EDO. MERIDA.',''),(168,'CONCEJO MUNICIPAL PUEBLO LLANO',6,'','AV. BOLIVAR A MEDIA CUADRA DE LA PLAZA BOLIVAR, PUEBLO LLANO, EDO. MERIDA.',''),(169,'CONCEJO MUNICIPAL RANGEL (MUCUCHÍES) ',6,'','CALLE BOLÍVAR, CONCEJO MUNICIPAL, FRENTE AL COLEGIO CARDENAL QUINTERO, MUCUCHÍES, EDO MÉRIDA ',''),(170,'CONCEJO MUNICIPAL RIVAS DÁVILA (BAILADORES) ',6,'','EDIF. MUNICIPAL CARRERA 2 FRENTE A PLAZA BOLIVAR, EDO MERIDA.',''),(171,'CONCEJO MUNICIPAL TOVAR',6,'','CALLE 6 ENTRE CARRERAS 3 Y 4 ESQUINA DE LA PLAZA BOLIVAR TOVAR, MERIDA',''),(172,'BBB',2,'WEREWR','',''),(173,'ALCALDÍA LIBERTADOR',6,'','AV. URDANETA, AL LADO DEL COLEGIO DE MEDICOS, MERIDA. ','0274- 2622397'),(174,'ALCALDÍA CAMPO ELÍAS (EJIDO',6,'','AV. BOLIVAR, EDIF. MUNICIPAL, FRENTE A LA PLAZA BOLIVAR, EJIDO. EDO. MERIDA.','0274-2212098'),(175,'ALCALDÍA SANTOS MÁRQUINA (TABAY) ',6,'','JUNTA COMUNAL DE TABAY, EDO MERIDA.','0274- 2830194'),(176,'ALCALDÍA SUCRE',6,'','CALLE LAS PALMAS, CONSEJO MUNICIPAL, FRRENTE A PLAZA BOLIVAR. EDO MERIDA.','0274-9961987 0274-9991249'),(177,'ALCALDÍA CARDENAL QUINTERO (SANTO DOMINGO) ',6,'','VEREDA URDANETA, FRENTE A LA PLAZA BOLIVAR, EDO. MERIDA.','0274-8988322'),(178,'ALCALDÍA MIRANDA (TIMOTES) ',6,'','AV. BOLIVAR, EDIF. MUNICIPAL, FRENTE A LA PLAZA BOLIVAR, TIMOTES. EDO. MERIDA.','0271-8289043 0271-8289152'),(179,'ALCALDÍA PUEBLO LLANO',6,'','AV. BOLIVAR A MEDIA CUADRA DE LA PLAZA BOLIVAR, PUEBLO LLANO, EDO. MERIDA.','0274-8483325 0274-8483339'),(180,'ALCALDÍA RANGEL (MUCUCHÍES) ',6,'','CALLE BOLÍVAR, CONCEJO MUNICIPAL, FRENTE AL COLEGIO CARDENAL QUINTERO, MUCUCHÍES, EDO MÉRIDA ','0274-8720124'),(181,'ALCALDÍA ANTONIO PINTO SALINAS (SANTA CRUZ DE MORA) ',6,'','CALLE AYACUCHO, FRENTE A LA PLAZA BOLIVAR Y EL COLEGIO SRA. DEL CARME, EDO. MERIDA,','0275-5670116E'),(182,'ALCALDÍA RIVAS DÁVILA (BAILADORES) ',6,'','EDIF. MUNICIPAL CARRERA 2 FRENTE A PLAZA BOLIVAR, EDO MERIDA.','0275-8570081 0275-8570330'),(183,'ALCALDÍA TOVAR',6,'','CALLE 6 ENTRE CARRERAS 3 Y 4 ESQUINA DE LA PLAZA BOLIVAR TOVAR, MERIDA','0275-8731674'),(184,'ALCALDÍA ZEA',6,'','FINAL CARRERA 5. VIA NIÑO DE LA CUCHILLA ZEA. EDO. MERIDA.','0275-8776347 0275-8773178'),(185,'ALCALDÍA ALBERTO ADRIANI (EL VIGÍA) ',6,'','AVENIDA BOLÍVAR, EDIFICIO SEDE ALCALDÍA ALBERTO ADRIANI- EL VIGÍA','0275-8814386 0275-8812046'),(186,'ALCALDÍA CARACCIOLO PARRA Y OLMEDO (TUCANÍ) ',6,'','SECTOR LA INMACULADA. CALLE PRINCIPAL VIA SANTA MARIA.','0275-4441013 0275-8731674'),(187,'ALCALDÍA JULIO CESAR SALAS (ARAPUEY) ',6,'','ARAPUEY, CALLE 3 ENTRE AVENIDAS 3 Y 4 PARTE ALTA C.C. MARIANA','0271-7781450 0271-7781250'),(188,'ALCALDÍA OBISPO RAMOS DE LORA (SANTA ELENA DE ARENALES)',6,'','CALLE PRINCIPAL, QTA. PROF. DON SANTIAGO, SANTA ELENA DE ARENALES.','0271-4174171'),(189,'ALCALDÍA TULIO FEBRES CORDERO (NUEVA BOLIVIA)',6,'','AV. PRINCIPAL, AL LADO DEL CUERPO DE BOMBEROS, MODULO DE SERVICIO NUEVA BOLIVIA.','0271-7722153'),(190,'ALCALDÍA ANDRÉS BELLO (LA AZULITA) ',6,'','CALLE 3, CRUCE CON AV. BOLIVAR, EDIF MUNICIPAL, LA AZULITA.','0274-5111149'),(191,'ALCALDÍA JUSTO BRICEÑO (TORONDOY) ',6,'','ZONA PANAMERICANA NUEVA BOLIVIA, FRENTE AL BANCO UNION BOLIVAR.','0274-7751001'),(192,'ALCALDÍA ARICAGUA ',6,'','CASA MUNICIPAL, FRENTE A LA PLAZA BOLIVAR.','6576966'),(193,'ALCALDÍA ARZOBISPO CHACÓN (CANAGUÁ) ',6,'','CALLE 5 DE JULIO, EDIF. MUNICIPAL, FRENTE A PLAZA BOLIVAR. CANAGUA','0275-8681157'),(194,'ALCALDÍA GUARAQUE',6,'','CALLE BOLÍVAR, EDIFICIO MUNICIPAL GUARAQUE. CASA MUNICIPAL, FRENTE A LA PLAZA BOLÍVAR, GUARAQUE, EDO. MÉRIDA ','0275-8734664 0275-2665006'),(195,'ALCALDÍA PADRE NOGUERA (SANTA MARÍA DE CAPARO) ',6,'','FRENTE A LA PLAZA BOLÍVAR, CAPARO, EDO MÉRIDA','0276-3419033'),(196,'CONCEJO MUNICIPAL ARICAGUA ',6,'','CASA MUNICIPAL, FRENTE A LA PLAZA BOLIVAR.',''),(197,'CONCEJO MUNICIPAL ARZOBISPO CHACÓN (CANAGUÁ) ',6,'','CALLE 5 DE JULIO, EDIF. MUNICIPAL, FRENTE A PLAZA BOLIVAR. CANAGUA',''),(198,'CONCEJO MUNICIPAL GUARAQUE',6,'','CALLE BOLÍVAR, EDIFICIO MUNICIPAL GUARAQUE. CASA MUNICIPAL, FRENTE A LA PLAZA BOLÍVAR, GUARAQUE, EDO. MÉRIDA ',''),(199,'CONCEJO MUNICIPAL PADRE NOGUERA (SANTA MARÍA DE CAPARO) ',6,'','FRENTE A LA PLAZA BOLÍVAR, CAPARO, EDO MÉRIDA',''),(200,'CONCEJO MUNICIPAL OBISPO RAMOS DE LORA (SANTA ELENA DE ARENALES)',6,'','CALLE PRINCIPAL, QTA. PROF. DON SANTIAGO, SANTA ELENA DE ARENALES.',''),(201,'RER',2,'','',''),(202,'SSS',2,'SSS','',''),(203,'SSSS',6,'SSSS','',''),(204,'CORPORACION DE SALUD DEL ESTADO MERIDA ',2,'CORPOSALUD','AV URDANETA DIAGONAL AEROPUERTO ALBERTO CARNEVALLI','0274-2622160/2635289'),(205,'INSTITUTO NACIONAL DE CAPACITACION Y EDUCACION SOCIALISTA',6,'INCES','','0274-2526897/ 02742633401'),(206,'HOSPITAL II (DR. TULIO CARNEVALI SALVATIERRA)',1,'','',''),(207,'FISCALíA DéCIMA NOVENA DEL ESTADO MERIDA',1,'','AV. URDANETA EDIFICIO LEMAN, PISO 2-A FRENTE A LA ALCALDIA DEL MUNICIPIO LIBERTADOR DEL ESTADO MERIDA','0274-2631882'),(208,'FUNDACION PARA EL DESARROLLO Y PROMOCION DEL PODER COMUNAL',2,'FUNDACOMUNAL','',''),(209,'INSTITUTO NACIONAL DE TRANSPORTE TERRESTRE',1,'INTT','',''),(210,'CONTRALORÍA MUNICIPAL AZORBISPO CHACON (CANAGUA)',6,'','',''),(211,'CONTRALORÍA MUNICIPAL JUSTO BRICEÑO (TORONDOY)',6,'','',''),(212,'CONTRALORÍA MUNICIPAL ALBERTO ADRIANI (EL VIGÍA)',6,'','',''),(213,'CONTRALORÍA MUNICIPAL JULIO CESAR SALAS (ARAPUEY)',6,'','',''),(214,'CONTRALORÍA MUNICIPAL OBISPO RAMOS DE LORA (SANTA ELENA DE ARENALES)',6,'','',''),(215,'CONTRALORÍA MUNICIPAL TULIO FEBRES CORDERO (NUEVA BOLIVIA)',6,'','',''),(216,'CONTRALORÍA MUNICIPAL ANDRÉS BELLO (LA AZULITA)',6,'','',''),(217,'CONTRALORÍA MUNICIPAL ARICAGUA',6,'','',''),(218,'CONTRALORÍA MUNICIPAL PADRE NOGUERA (SANTA MARÍA DE CAPARO)',6,'','',''),(219,'SUPERINTENDENCIA DE LAS INSTITUCIONES DEL SECTOR BANCARIO',1,'SUDEBAN','',''),(220,'DIRECCIóN DEL PODER POPULAR DE POLICíA DEL ESTADO MéRIDA',1,'POLICíA','',''),(221,'CONSEJO FEDERAL DE GOBIERNO',1,'CFG','',''),(222,'CORTE SEGUNDA DE LO CONTENCIOSO ADMINISTRATIVO',1,'CORTE','CARACAS',''),(223,'CUERPO TéCNICO DE VIGILANCIA DEL TRANSPORTE TERRESTRE',1,'CTVTT','',''),(224,'FONDO ESPECIAL DE JUBILACIONES Y PENSIONES',1,'FEJP','',''),(225,'SERVICIO ADMINISTRATIVO IDENTIFICACION MIGRACION Y EXTRANJERIA',1,'SAIME','',''),(226,'TRIBUNAL SUPREMO DE JUSTICIA',1,'TSJ','',''),(227,'SERVICIO AUTONOMO DE ADMNISTRACION ADUANERA Y TRIBUTARIO',1,'SENIAT','FINAL DEL VIADUCTO CAMPO ELIAS,C.C. EL RAMIRAL CUARTO PISO',''),(228,'DIRECCCION DEL PODER POPULAR PARA EL TRABAJO Y SEGURIDAD SOCIAL',1,'INSPECTORIA DEL','',''),(229,'MINISTERIO DEL PODER POPULAR PARA EL AMBIENTE',2,'','AV.LAS AMERICAS,CALLE 2 PARCELAMIENTO ALBARREGAS.MERIDA','0274-2632260/ FAX-0274-2637166'),(230,'TROLEBUS MERIDA,C.A',2,'TROMERCA','AV.CENTENARIO,SECTOR POZO HONDO,EDIF.ADMINISTRATIVO,TROMERCA,EJIDO-MERIDA','0274-2216252/2218140/2219100'),(231,'FUNDACION ORQUESTA SINFONICA DE MERIDA',2,'','CALLE 32 ENTRE AV 4 DON TULIO FEBRES SECTOR GLORIAS PATRIAS.','0274-2512660'),(232,'FUNDACION REGIONAL DEL NIñO',1,'','AV.URDANETA AL LADO DE M.P.P.A.T','2636151'),(233,'BANCO DEL SUR',6,'BANCO UNIVERSAL','',''),(234,'REGISTRO CIVIL JUAN RODRIGUEZ SUAREZ',1,'REGISTRO','',''),(235,'INSTITUTO NACIONAL DE LA VIVIENDA Y HABITAT',1,'','',''),(236,'CONSEJO ESTADAL DE ATENCION A PERSONAS CON DISCAPACIDAD',1,'CEAPDIS','',''),(237,'INSTITUTO DE ALTOS ESTUDIOS DE CONTROL FISCAL Y AUDITORIA DE ESTADO',2,'COFAE','',''),(238,'MINISTERIO DEL PODER POPULAR DE PLANIFICACION Y FINANZAS',1,'','',''),(239,'CONSEJO MUNICIPAL CAMPO ELIAS',1,'CONSEJO','',''),(240,'DIRECCION GENERAL DE SALUD AMBIENTAL',1,'','',''),(241,'MINISTERIO PUBLICO FISCALIA GENERAL DE LA REPUBLICA',1,'','',''),(242,'DIRECCION DEL PODER POPULAR DE LOS BOMBEROS PRIMERA COMANDANCIA',1,'','',''),(243,'SERVICIO AUTONOMO DE MEDICAMENTOS E INSUMOS ESENCIALES DE MERIDA',2,'SAMIM','',''),(244,'BANCO CENTRAL DE VENEZUELA',6,'BCV','',''),(245,'OFICINA NACIONAL ANTIDROGAS',1,'ONA','',''),(246,'DIRECCION DEL PODER POPULAR ARCHIVO GENERAL DEL ESTADO MERIDA',1,'DPPAGEM','',''),(247,'SINDICATO DE OBREROS DE LA UNIVERSIDAD DE LOS ANDES',1,'S.O.U.L.A','',''),(248,'CONTRALORÍA MUNICIPAL CARACCIOLO PARRA Y OLMEDO (TUCANÍ)',6,'','',''),(249,'FACULTAD DE CIENCIAS JURIDICAS Y POLITICAS',1,'ULA','',''),(250,'DIRECCION DEL PODER POPULAR PARA LA POLICIA DEL ESTADO MERIDA',1,'DPPPPEM','',''),(251,'DIRECCION ESTADAL AMBIENTAL MERIDA',1,'DEAM','',''),(252,'JUZGADO SUPERIOR CIVIL Y CONTENCIOSO ADMINISTRATIVO DE LA CIRCUNSCRIPCION JUDICIAL DE LA REGION LOS ANDES (BARINAS)',1,'','',''),(253,'DIRECCION NACIONAL DE ADMINISTRACION Y HACIENDA PUBLICA (ENAHP)',1,'ENAHP','',''),(254,'CORTE PRIMERA DE LO CONTENCIOSO ADMINISTRATIVO (CARACAS)',1,'','',''),(255,'CATEDRA DE LA PAZ UNIVERSIDAD DE LOS ANDES',1,'','',''),(256,'MINISTERIO DEL PODER POPULAR PARA TRANSPORTE TERRESTRE',1,'','',''),(257,'FONDO DE JUBILACIONES Y PENSIONES DE LOS TRABAJADORES DE LA UNIVERSIDAD DE LOS ANDES',2,'FONJUTRAULA','',''),(258,'MINISTERIO DEL PODER POPULAR PARA LA EDUCACION (ZONA EDUCATIVA Nº 14)',1,'DZE','',''),(259,'CONSEJO NACIONAL ELECTORAL',1,'CNE','',''),(260,'BANCO BICENTENARIO',1,'','',''),(261,'ASAMBLEA NACIONAL OFICINA PARLAMENTARIA',1,'','',''),(262,'INSTITUTO UNIVERSITARIO DE TECNOLOGIA \"ANTONIO JOSE DE SUCRE\"',6,'','',''),(263,'CUERPO DE INVESTIGACIONES CIENTIFICAS PENALES Y CRIMINALISTICAS',1,'CICPC','',''),(264,'SEGUROS CARABOBO, C.A',6,'','',''),(265,'EDITORIAL COMARPE C.A INTERNACIONAL',6,'','',''),(266,'SEGUROS LOS ANDES',6,'','',''),(267,'CANTV',6,'','',''),(268,'CONTRALORIA MUNICIPAL MIRANDA',1,'','',''),(269,'ALCALDIA RIVAS DAVILA',1,'','',''),(270,'PREFECTURA DEL PODER POPULAR PARROQUIA MONSEÑOR PULIDO MENDEZ',2,'','',''),(271,'UNIVERSIDAD POLITECNICA TERRITORIAL MERIDA',6,'','',''),(272,'MINISTERIO PUBLICO FISCALIA SUPERIOR DE LA CIRCUNSCRIPCION JUDICIAL DEL ESTADO MERIDA',1,'MP','',''),(273,'INSTITUTO UIVERSITARIO DE TECNOLOGIA BOMBERIL',1,'IUTB','',''),(274,'SODEXO PASS',6,'','',''),(275,'FUNDACION NIÑOS POR LA VIDA DE VENEZUELA',1,'','',''),(276,'EL PORTAL DE NOTICIAS DE MERIDA EXTRA',6,'','',''),(277,'CONTRALORIA MUNICIPAL CAMPO ELIAS',2,'','',''),(278,'FACULTAD DE CIENCIAS ECONOMICAS ECONOMICAS Y SOCIALES',2,'ULA','',''),(279,'DIRECCION GENERAL DE PREVENCION DEL DELITO',1,'DPD','CALLE 17 AL LADO DEL AMBULATORIO BELEN','2521819'),(280,'EMPRESA CREA RESULTADOS',6,'','CARACAS C.C PLAZA LAS AMERICAS, NIVEL EL MIRADOR OFIC. V67,URB, EL CAFETAL','0212-9856027'),(281,'DIRECCION GENERAL INSTITUTO AUTONOMO DE POLICIA ESTADO METIDA',1,'DGPPPEM','AV.URDANETA, SECTOR GLORIAS PATRIAS','2632096'),(282,'GRAN MISION A TODA VIDA VENEZUELA',2,'','',''),(283,'INSTITUTOUNIVERSITARIO DE TECNOLOGIA DR: CRISTOBAL MENDOZA',6,'IUTCM','',''),(284,'MAKRO COMERCIALIZADORA .S.A',6,'MAKRO','',''),(285,'GUARNICION MILITAR DEL ESTADO MERIDA',1,'','',''),(286,'MINISTERIO PUBLICO FISCALIA DECIMO NOVENA',1,'','',''),(287,'DISTRITO SANITARIO MERIDA',1,'DSM','',''),(288,'PODER JUDICIAL TRIBUNAL PRIMERO SUPERIOR DEL TRABAJO DE LA CIRCUNSCRIPCION JUDICIAL DEL ESTADO MERIDA',1,'','',''),(289,'ALCALDIA SOCIALISTA BOLIVARIANA DE CAMPO ELIAS MERIDA',1,'','',''),(290,'EL ESTANQUILLO',2,'E.T.A.R','',''),(291,'E.T.A.R EL ESTANQUILLO',2,'E.T.A.R','',''),(292,'PREFECTURA PARROQUIA MONTALBAN',2,'','',''),(293,'MINISTERIO DEL PODER POPULAR PARA EL TRABAJO Y SEGURIDAD SOCIAL.',1,'','AV. 4 ESQUINA CON CALLE 23.EDIFICIO HERMES. PISO 4. OFICINA 44.',''),(294,'UNIDAD DE AUDITORIA INTERNA DE LA GOBERNACION DEL ESTADO MERIDA',1,'UAI','CALLE 23, ENTRE AV. 3Y4.PALACIO DE GOBIERNO, NIVEL SOTANO MERIDA','0274- 2511243'),(295,'ALCALDIA MUNICIPAL SANTOS MARQUINA',1,'','TABAY ESTADO MERIDA',''),(296,'RECTORADO DE LA UNIVERSIDAD DE LOS ANDES',1,'','AV 3. INDEPENDENCIA, EDIFICIO CENTRAL DEL RECTORADO','2402311'),(297,'JUZGADO SUPERIOR AGRARIO DE LA CIRCUNSCRIPCION JUDICIAL DEL ESTADO MERIDA',1,'','PALACIO DE JUSTICIA, EDIFICIO HERMES PISO 1, MERIDA, ESTADO MERIDA','0274-2520295'),(298,'MINISTERIO DE PODER POPULAR PARA LAS COMUNAS Y PROTECCION SOCIAL',1,'','AV. URDANETA , ANTIGUAS INSTALACIONES DEL INAN.',''),(299,'UNIDAD DE AUIDITORIA INTERNA (IAHULA)',1,'','',''),(300,'INSTITUTO VENEZOLANO DE LOS SEGUROS SOCIALES',1,'1','',''),(301,'ESCUELA ESTADAL \"MANZANO BAJO\"',6,'','EJIDO EL MANZANO BAJO',''),(302,'ESCUELA ESTADAL MANZANO BAJO',2,'','',''),(303,'MINISTERIO DEL PODER POPULAR PARA LA CULTURA',1,'','',''),(304,'ESCUELA TECNICA AGROPECUARIA EL ESTANQUILLO',6,'','',''),(305,'CONTRALORIA DEL ESTADO CARABOBO',1,'','',''),(306,'MERCAL',1,'','',''),(307,'INSTITUTO NACIONAL DE ESTADISTICA',1,'','',''),(308,'MISION MERCAL',1,'','','0274 2510431'),(309,'ALCALDIA BOLIVARIANA REVOLUCIONARIA Y SOCIALISTA MUNICIPIO \"JUSTO BRICEñO\" TORONDOY',1,'','',''),(310,'DIVISION DE SEVISIOS JUDICIALES',1,'','',''),(311,'DIVISION DE SERVICIOS JUDICIALES',1,'','',''),(312,'EMPRESA TECNO-ZONE',6,'','',''),(313,'INSTITUTO DE EDUCACIONESPECIAL LOS ANGELES \"EJIDO\"',6,'','',''),(314,'INSTITUTO DE EDUCACION ESPECIAL LOS ANGELES',6,'','',''),(315,'MINISTERIO PUBLICO',1,'','',''),(316,'DIRECCION ESTADAL DEL PODER POPULAR DE POLITICA INTEGRAL.',1,'DEPPPI','',''),(317,'UNIVERSIDAD NACIONAL EXPERIMENTAL JESUS MARIA SEPRUM',6,'UNESUR','',''),(318,'FRENTE BOLIVARIANO SOCIALISTA Y CHAVISTA DE ENFERMERIA DEL ESTADO MERIDA',6,'','',''),(319,'ALCALDIA DEL MUNICIPIO ZEA',1,'','ZEA, FINAL CARRERA 5TA Nº 05-07','02758776347'),(320,'OFICINA DE SECRETARìA PRIVADA DE LA GOBERNACIòN',6,'OSP','',''),(321,'SINDICATO UNICO DE EMPLEADOS PUBLICOS DEL CONCEJO DEL MUNICIPIO AUTONOMO LIBERTADOR DEL ESTADO MERIDA',6,'SUEPCMALEM','','2622397'),(322,'ASOCIACIòN CIVIL UNIANDES',6,'','',''),(323,'ALCALDIA BOLIVARIANA REVOLUCIONARIA Y SOCIALISTA DEL MUNICIPIO \"JUSTO BRICEñO\"',2,'','',''),(324,'ALCALDIA JUSTO BRICEñO TORONDOY',2,'','',''),(325,'INSTITUTO AUTONOMO DE POLICIA DEL ESTADO MERIDA',1,'','',''),(326,'CONSUL GENERAL DEL ECUADOR EN MERIDA',6,'','',''),(327,'UNIVERSIDAD DE LOS ANDES FACULTAD DE MEDICINA',1,'ULA','',''),(328,'MINISTERIO DEL PODER POPULAR PARA LAS COMUNAS Y PROTECCION SOCIAL.',1,'','AV: URDANETA AL LADO DE LA DEFENSORIA DEL PUEBLO','0424-7056960'),(329,'DIRECCION DEL PODER POPULAR DEL CUERPO DE BOMBEROS DEL ESTADO MERIDA',1,'','',''),(330,'INSTITUTO AUTONOMO HOSPITAL UNIVERSITARIO DE LOS ANDES (IAHULA)',1,'IAHULA','',''),(331,'CONTRALORIA MUNICIPAL DE TORONDOY',1,'','',''),(332,'CONTRALORIA MUNICIPAL ALBERTO ADRIANI',1,'','',''),(333,'CONTRALORIA SOCIAL DE SALUD DEL ESTADO MERIDA.',2,'','',''),(334,'CONTRALORIA MUNICIPAL ANTONIO PINTO SALINAS',2,'','','0275-205-02-26'),(335,'U.E COLEGIO \"SAN PIO X\"',6,'U.E','',''),(336,'U.E COLEGIO SAN PIO X',6,'U.E','',''),(337,'ALCALDIA MUNICIPAL PUEBLO LLANO',1,'','',''),(338,'UNIVERSIDAD NACIONAL EXPERIMENTAL \"SIMON RODRIGUEZ\" SIMON DE MUCUCHIES.',6,'','',''),(339,'UNIVERSIDAD NACIONAL EXPERIMENTAL \"SIMON RODRIGUEZ\"',2,'','',''),(340,'UNIVERSIDAD NACIONAL EXPERIMENTAL SIMON RODRIGUEZ',2,'','',''),(341,'ESCUELA TECNICA ROBINSONIANA JOSE FELIX RIVAS',1,'','',''),(342,'ESCUELA TECNICA COMERCIAL ROBINSONIANA JOSE FELIX RIBAS',1,'','',''),(343,'ALCALDIA MUNICIPIO LIBERTADOR',1,'','',''),(344,'CONTRALORIA MUNICIPAL DEL MUNICIPIO JULIO CESAR SALAS',2,'','',''),(345,'ALCALDIA DEL MUNICIPIO TOVAR',2,'','','0275-8731674'),(346,'CONTRALORIA MUNICIPAL OBISPO RAMOS DE LORA',2,'','',''),(347,'FUNDACION CENTRO DE INVESTIGACIONES DE ASTRONOMIA',1,'CIDA','','0274-2450106'),(348,'JARDIN DE INFANCIA RURAL ESCOLAR 021',6,'','',''),(349,'SERVICIO AURONOMO DE REGISTROS Y NOTARIAS',1,'SAREN','',''),(350,'SERVICIO AUTONOMO DE REGISTROS Y NOTARIAS (SAREN)',1,'SAREN','',''),(351,'CONTRALORIA MUNICIPAL DE TOVAR ESTADO MERIDA',1,'','',''),(352,'GOBERNACION DEL ESTADO MERIDA',1,'','MERIDA','5256662'),(353,'CONTRALORIA MUNICIPAL SUCRE (LAGUNILLA)',2,'','',''),(6417,'CONSEJO COMUNAL EL SINARAL ESTADO MERIDA MUNICIPIO ANDRÉS BELLO',5,'','',''),(6418,'CONSEJO COMUNAL SAN ISIDRO DE LIMONES ESTADO MERIDA MUNICIPIO ANDRÉS BELLO',5,'','',''),(6419,'CONSEJO COMUNAL SECTOR ESCONDIDO ESTADO MERIDA MUNICIPIO ANDRÉS BELLO',5,'','',''),(6420,'CONSEJO COMUNAL CIUDAD FRESITA ESTADO MERIDA MUNICIPIO ANDRÉS BELLO',5,'','',''),(6421,'CONSEJO COMUNAL EL SALADO ESTADO MERIDA MUNICIPIO ANDRÉS BELLO',5,'','',''),(6422,'CONSEJO COMUNAL SAISAYAL BAJO LA FORTUNA ESTADO MERIDA MUNICIPIO ANDRÉS BELLO',5,'','',''),(6423,'CONSEJO COMUNAL CAPAZ ESTADO MERIDA MUNICIPIO ANDRÉS BELLO',5,'','',''),(6424,'CONSEJO COMUNAL MESA ALTA ESTADO MERIDA MUNICIPIO ANDRÉS BELLO',5,'','',''),(6425,'CONSEJO COMUNAL BACHAQUERO ESTADO MERIDA MUNICIPIO ANDRÉS BELLO',5,'','',''),(6426,'CONSEJO COMUNAL BELLA VISTA 193 ESTADO MERIDA MUNICIPIO ANDRÉS BELLO',5,'','',''),(6427,'CONSEJO COMUNAL SAISAYAL BAJO B ESTADO MERIDA MUNICIPIO ANDRÉS BELLO',5,'','',''),(6428,'CONSEJO COMUNAL QUEBRADA AZUL ESTADO MERIDA MUNICIPIO ANDRÉS BELLO',5,'','',''),(6429,'CONSEJO COMUNAL SAISAYAL ALTO ESTADO MERIDA MUNICIPIO ANDRÉS BELLO',5,'','',''),(6430,'CONSEJO COMUNAL EL REGOCIJO DE LA OSA ESTADO MERIDA MUNICIPIO ANDRÉS BELLO',5,'','',''),(6431,'CONSEJO COMUNAL CACIQUE MURACHI ESTADO MERIDA MUNICIPIO ANDRÉS BELLO',5,'','',''),(6432,'CONSEJO COMUNAL LA MONTAÑITA ESTADO MERIDA MUNICIPIO ANDRÉS BELLO',5,'','',''),(6433,'CONSEJO COMUNAL LAS ADJUNTAS 2 ESTADO MERIDA MUNICIPIO ANDRÉS BELLO',5,'','',''),(6434,'CONSEJO COMUNAL SAN JOSE DE LIMONES ESTADO MERIDA MUNICIPIO ANDRÉS BELLO',5,'','',''),(6435,'CONSEJO COMUNAL MIRABAL ESTADO MERIDA MUNICIPIO ANDRÉS BELLO',5,'','',''),(6436,'CONSEJO COMUNAL SAN LUIS PARTE BAJA ESTADO MERIDA MUNICIPIO ANDRÉS BELLO',5,'','',''),(6437,'CONSEJO COMUNAL HUGO CHAVEZ (LIMONES) ESTADO MERIDA MUNICIPIO ANDRÉS BELLO',5,'','',''),(6438,'CONSEJO COMUNAL CENTENARIO ESTADO MERIDA MUNICIPIO ANDRÉS BELLO',5,'','',''),(6439,'CONSEJO COMUNAL LA TRINIDAD ESTADO MERIDA MUNICIPIO ANDRÉS BELLO',5,'','',''),(6440,'CONSEJO COMUNAL UREÑA ESTADO MERIDA MUNICIPIO ANDRÉS BELLO',5,'','',''),(6441,'CONSEJO COMUNAL LA PUEBLITA ESTADO MERIDA MUNICIPIO ANDRÉS BELLO',5,'','',''),(6442,'CONSEJO COMUNAL OLINDA II ESTADO MERIDA MUNICIPIO ANDRÉS BELLO',5,'','',''),(6443,'CONSEJO COMUNAL DINDO II ESTADO MERIDA MUNICIPIO ANDRÉS BELLO',5,'','',''),(6444,'CONSEJO COMUNAL ARNULFO ROMERO 1 ESTADO MERIDA MUNICIPIO ANDRÉS BELLO',5,'','',''),(6445,'CONSEJO COMUNAL SAISAYAL BAJO LAS RURALES ESTADO MERIDA MUNICIPIO ANDRÉS BELLO',5,'','',''),(6446,'CONSEJO COMUNAL CUCHILLA DE LA PALMITA ESTADO MERIDA MUNICIPIO ANDRÉS BELLO',5,'','',''),(6447,'CONSEJO COMUNAL BOCADONPEC 7 ESTADO MERIDA MUNICIPIO ANDRÉS BELLO',5,'','',''),(6448,'CONSEJO COMUNAL CIELO Y TIERRA ESTADO MERIDA MUNICIPIO ANDRÉS BELLO',5,'','',''),(6449,'CONSEJO COMUNAL MAPORAL DE LA OSA ESTADO MERIDA MUNICIPIO ANDRÉS BELLO',5,'','',''),(6450,'CONSEJO COMUNAL HOLANDA ESTADO MERIDA MUNICIPIO ANDRÉS BELLO',5,'','',''),(6451,'CONSEJO COMUNAL GUACHAROS MAPORAL ESTADO MERIDA MUNICIPIO ANDRÉS BELLO',5,'','',''),(6452,'CONSEJO COMUNAL AGUA BLANCA ESTADO MERIDA MUNICIPIO ANDRÉS BELLO',5,'','',''),(6453,'CONSEJO COMUNAL ALDEAS CONSOLIDADAS ESTADO MERIDA MUNICIPIO ANDRÉS BELLO',5,'','',''),(6454,'CONSEJO COMUNAL SAN LUIS ESTADO MERIDA MUNICIPIO ANDRÉS BELLO',5,'','',''),(6455,'CONSEJO COMUNAL CAÑO GUAYABO ESTADO MERIDA MUNICIPIO ANDRÉS BELLO',5,'','',''),(6456,'CONSEJO COMUNAL SAN RAFAEL BAJO ESTADO MERIDA MUNICIPIO ANDRÉS BELLO',5,'','',''),(6457,'CONSEJO COMUNAL LA UVA MEDIA BAJA ESTADO MERIDA MUNICIPIO ANDRÉS BELLO',5,'','',''),(6458,'CONSEJO COMUNAL INTEGRACION SOCIAL HOLANDA BAJA ESTADO MERIDA MUNICIPIO ANDRÉS BELLO',5,'','',''),(6459,'CONSEJO COMUNAL EL PARAMITO ESTADO MERIDA MUNICIPIO ANDRÉS BELLO',5,'','',''),(6460,'CONSEJO COMUNAL SAN FRANCISCO LAS ADJUNTAS ESTADO MERIDA MUNICIPIO ANDRÉS BELLO',5,'','',''),(6461,'CONSEJO COMUNAL EL QUEBRADON ESTADO MERIDA MUNICIPIO ANDRÉS BELLO',5,'','',''),(6462,'CONSEJO COMUNAL HELADIO MORENO ESTADO MERIDA MUNICIPIO ANDRÉS BELLO',5,'','',''),(6463,'CONSEJO COMUNAL LA LAJITA I ESTADO MERIDA MUNICIPIO ANDRÉS BELLO',5,'','',''),(6464,'CONSEJO COMUNAL CENTRO INTEGRAL DE SAN LUIS ALTO ESTADO MERIDA MUNICIPIO ANDRÉS BELLO',5,'','',''),(6465,'CONSEJO COMUNAL FRANCISCO RUEDAS ESTADO MERIDA MUNICIPIO ANDRÉS BELLO',5,'','',''),(6466,'CONSEJO COMUNAL LA VICTORIA (LOS HIJOS DE DIOS) ESTADO MERIDA MUNICIPIO ANDRÉS BELLO',5,'','',''),(6467,'CONSEJO COMUNAL SECTOR SAN ISIDRO ESTADO MERIDA MUNICIPIO ALBERTO ADRIANI PARROQUIA PRESIDENTE RÓMULO BETANCOURT',5,'','',''),(6468,'CONSEJO COMUNAL PROYECTO SOCIAL BOLIVARIANO 19 DE ABRIL ESTADO MERIDA MUNICIPIO ALBERTO ADRIANI PARROQUIA PRESIDENTE RÓMULO BETANCOURT',5,'','',''),(6469,'CONSEJO COMUNAL CAÑO NEGRO ESTADO MERIDA MUNICIPIO ALBERTO ADRIANI PARROQUIA PRESIDENTE RÓMULO BETANCOURT',5,'','',''),(6470,'CONSEJO COMUNAL SAN ISIDRO 3 ESTADO MERIDA MUNICIPIO ALBERTO ADRIANI PARROQUIA PRESIDENTE RÓMULO BETANCOURT',5,'','',''),(6471,'CONSEJO COMUNAL LA CAÑA BRAVA ESTADO MERIDA MUNICIPIO ALBERTO ADRIANI PARROQUIA PRESIDENTE RÓMULO BETANCOURT',5,'','',''),(6472,'CONSEJO COMUNAL LA PLAYA ESTADO MERIDA MUNICIPIO ALBERTO ADRIANI PARROQUIA PRESIDENTE RÓMULO BETANCOURT',5,'','',''),(6473,'CONSEJO COMUNAL LAS ACACIAS ESTADO MERIDA MUNICIPIO ALBERTO ADRIANI PARROQUIA PRESIDENTE RÓMULO BETANCOURT',5,'','',''),(6474,'CONSEJO COMUNAL BUBUQUI VI ESTADO MERIDA MUNICIPIO ALBERTO ADRIANI PARROQUIA PRESIDENTE RÓMULO BETANCOURT',5,'','',''),(6475,'CONSEJO COMUNAL LA FLORIDA ESTADO MERIDA MUNICIPIO ALBERTO ADRIANI PARROQUIA PRESIDENTE RÓMULO BETANCOURT',5,'','',''),(6476,'CONSEJO COMUNAL CAÑO FRIO ESTADO MERIDA MUNICIPIO ALBERTO ADRIANI PARROQUIA PRESIDENTE RÓMULO BETANCOURT',5,'','',''),(6477,'CONSEJO COMUNAL BUBUQUI IV ESTADO MERIDA MUNICIPIO ALBERTO ADRIANI PARROQUIA PRESIDENTE RÓMULO BETANCOURT',5,'','',''),(6478,'CONSEJO COMUNAL LOS POZONES ESTADO MERIDA MUNICIPIO ALBERTO ADRIANI PARROQUIA PRESIDENTE RÓMULO BETANCOURT',5,'','',''),(6479,'CONSEJO COMUNAL LA CONQUISTA ESTADO MERIDA MUNICIPIO ALBERTO ADRIANI PARROQUIA PRESIDENTE RÓMULO BETANCOURT',5,'','',''),(6480,'CONSEJO COMUNAL PARQUE CHAMA ESTADO MERIDA MUNICIPIO ALBERTO ADRIANI PARROQUIA PRESIDENTE RÓMULO BETANCOURT',5,'','',''),(6481,'CONSEJO COMUNAL LA PLAYITA SECTOR II ESTADO MERIDA MUNICIPIO ALBERTO ADRIANI PARROQUIA PRESIDENTE RÓMULO BETANCOURT',5,'','',''),(6482,'CONSEJO COMUNAL LA PEDECA ESTADO MERIDA MUNICIPIO ALBERTO ADRIANI PARROQUIA PRESIDENTE RÓMULO BETANCOURT',5,'','',''),(6483,'CONSEJO COMUNAL LA PLAYITA SECTOR I ESTADO MERIDA MUNICIPIO ALBERTO ADRIANI PARROQUIA PRESIDENTE RÓMULO BETANCOURT',5,'','',''),(6484,'CONSEJO COMUNAL KILOMETRO 53 SECTOR LA CONCORDIA ESTADO MERIDA MUNICIPIO ALBERTO ADRIANI PARROQUIA PRESIDENTE RÓMULO BETANCOURT',5,'','',''),(6485,'CONSEJO COMUNAL BARRIO DON PEPE ROJAS ESTADO MERIDA MUNICIPIO ALBERTO ADRIANI PARROQUIA PRESIDENTE RÓMULO BETANCOURT',5,'','',''),(6486,'CONSEJO COMUNAL PLAYA SECTOR 2 ESTADO MERIDA MUNICIPIO ALBERTO ADRIANI PARROQUIA PRESIDENTE RÓMULO BETANCOURT',5,'','',''),(6487,'CONSEJO COMUNAL URBANIZACION CARABOBO ESTADO MERIDA MUNICIPIO ALBERTO ADRIANI PARROQUIA PRESIDENTE RÓMULO BETANCOURT',5,'','',''),(6488,'CONSEJO COMUNAL BUBUQUI II ESTADO MERIDA MUNICIPIO ALBERTO ADRIANI PARROQUIA PRESIDENTE RÓMULO BETANCOURT',5,'','',''),(6489,'CONSEJO COMUNAL SAN ISIDRO LABRADOR I ESTADO MERIDA MUNICIPIO ALBERTO ADRIANI PARROQUIA PRESIDENTE RÓMULO BETANCOURT',5,'','',''),(6490,'CONSEJO COMUNAL SECTOR KM 51 ESTADO MERIDA MUNICIPIO ALBERTO ADRIANI PARROQUIA PRESIDENTE RÓMULO BETANCOURT',5,'','',''),(6491,'CONSEJO COMUNAL LOS POZONES ESTADO MERIDA MUNICIPIO ALBERTO ADRIANI PARROQUIA PRESIDENTE RÓMULO BETANCOURT',5,'','',''),(6492,'CONSEJO COMUNAL KM 49 ESTADO MERIDA MUNICIPIO ALBERTO ADRIANI PARROQUIA PRESIDENTE RÓMULO BETANCOURT',5,'','',''),(6493,'CONSEJO COMUNAL EL DIQUE ESTADO MERIDA MUNICIPIO ALBERTO ADRIANI PARROQUIA PRESIDENTE RÓMULO BETANCOURT',5,'','',''),(6494,'CONSEJO COMUNAL SECTOR LA PLAYITA II ESTADO MERIDA MUNICIPIO ALBERTO ADRIANI PARROQUIA PRESIDENTE RÓMULO BETANCOURT',5,'','',''),(6495,'CONSEJO COMUNAL EL TAPARO ESTADO MERIDA MUNICIPIO ALBERTO ADRIANI PARROQUIA PRESIDENTE RÓMULO BETANCOURT',5,'','',''),(6496,'CONSEJO COMUNAL EL FERROCARRIL ESTADO MERIDA MUNICIPIO ALBERTO ADRIANI PARROQUIA PRESIDENTE RÓMULO BETANCOURT',5,'','',''),(6497,'CONSEJO COMUNAL LUCHADORES DE LA CONQUISTA ESTADO MERIDA MUNICIPIO ALBERTO ADRIANI PARROQUIA PRESIDENTE RÓMULO BETANCOURT',5,'','',''),(6498,'CONSEJO COMUNAL URBANIZACION LA MOTOZA ESTADO MERIDA MUNICIPIO ALBERTO ADRIANI PARROQUIA PRESIDENTE RÓMULO BETANCOURT',5,'','',''),(6499,'CONSEJO COMUNAL EL MILAGRO ESTADO MERIDA MUNICIPIO ALBERTO ADRIANI PARROQUIA PRESIDENTE RÓMULO BETANCOURT',5,'','',''),(6500,'CONSEJO COMUNAL BUBUQUI V ESTADO MERIDA MUNICIPIO ALBERTO ADRIANI PARROQUIA PRESIDENTE RÓMULO BETANCOURT',5,'','',''),(6501,'CONSEJO COMUNAL EL BOSQUE ESTADO MERIDA MUNICIPIO ALBERTO ADRIANI PARROQUIA PRESIDENTE RÓMULO BETANCOURT',5,'','',''),(6502,'CONSEJO COMUNAL SAN MARCOS ESTADO MERIDA MUNICIPIO ALBERTO ADRIANI PARROQUIA PRESIDENTE PÁEZ',5,'','',''),(6503,'CONSEJO COMUNAL VIRTUD Y HONOR ESTADO MERIDA MUNICIPIO ALBERTO ADRIANI PARROQUIA PRESIDENTE PÁEZ',5,'','',''),(6504,'CONSEJO COMUNAL KILOMETRO 15 ESTADO MERIDA MUNICIPIO ALBERTO ADRIANI PARROQUIA PRESIDENTE PÁEZ',5,'','',''),(6505,'CONSEJO COMUNAL BARRIO 19 DE FEBRERO ESTADO MERIDA MUNICIPIO ALBERTO ADRIANI PARROQUIA PRESIDENTE PÁEZ',5,'','',''),(6506,'CONSEJO COMUNAL PRESIDENTE PAEZ SECTOR 1 ESTADO MERIDA MUNICIPIO ALBERTO ADRIANI PARROQUIA PRESIDENTE PÁEZ',5,'','',''),(6507,'CONSEJO COMUNAL LUCHA BOLIVARIANA ESTADO MERIDA MUNICIPIO ALBERTO ADRIANI PARROQUIA PRESIDENTE PÁEZ',5,'','',''),(6508,'CONSEJO COMUNAL LA ESPERANZA ESTADO MERIDA MUNICIPIO ALBERTO ADRIANI PARROQUIA PRESIDENTE PÁEZ',5,'','',''),(6509,'CONSEJO COMUNAL LAS LOMAS ESTADO MERIDA MUNICIPIO ALBERTO ADRIANI PARROQUIA PRESIDENTE PÁEZ',5,'','',''),(6510,'CONSEJO COMUNAL HUGO CHAVEZ FRIAS ESTADO MERIDA MUNICIPIO ALBERTO ADRIANI PARROQUIA PRESIDENTE PÁEZ',5,'','',''),(6511,'CONSEJO COMUNAL ESPERANSA BOLIVARIANA ESTADO MERIDA MUNICIPIO ALBERTO ADRIANI PARROQUIA PRESIDENTE PÁEZ',5,'','',''),(6512,'CONSEJO COMUNAL BUBUQUI II 3ERA ETAPA ESTADO MERIDA MUNICIPIO ALBERTO ADRIANI PARROQUIA PRESIDENTE PÁEZ',5,'','',''),(6513,'CONSEJO COMUNAL LANCEROS DE PAEZ ESTADO MERIDA MUNICIPIO ALBERTO ADRIANI PARROQUIA PRESIDENTE PÁEZ',5,'','',''),(6514,'CONSEJO COMUNAL LOS PROCERES ESTADO MERIDA MUNICIPIO ALBERTO ADRIANI PARROQUIA PRESIDENTE PÁEZ',5,'','',''),(6515,'CONSEJO COMUNAL NUEVA PATRIA ESTADO MERIDA MUNICIPIO ALBERTO ADRIANI PARROQUIA PRESIDENTE PÁEZ',5,'','',''),(6516,'CONSEJO COMUNAL BARRIO PANAMERICANO ESTADO MERIDA MUNICIPIO ALBERTO ADRIANI PARROQUIA PRESIDENTE PÁEZ',5,'','',''),(6517,'CONSEJO COMUNAL 12 DE MARZO ESTADO MERIDA MUNICIPIO ALBERTO ADRIANI PARROQUIA PRESIDENTE PÁEZ',5,'','',''),(6518,'CONSEJO COMUNAL KM 9 ESTADO MERIDA MUNICIPIO ALBERTO ADRIANI PARROQUIA PRESIDENTE PÁEZ',5,'','',''),(6519,'CONSEJO COMUNAL LA VICTORIA ESTADO MERIDA MUNICIPIO ALBERTO ADRIANI PARROQUIA PRESIDENTE PÁEZ',5,'','',''),(6520,'CONSEJO COMUNAL NUEVO MILENIO ESTADO MERIDA MUNICIPIO ALBERTO ADRIANI PARROQUIA PRESIDENTE PÁEZ',5,'','',''),(6521,'CONSEJO COMUNAL SUR AMERICA ESTADO MERIDA MUNICIPIO ALBERTO ADRIANI PARROQUIA PRESIDENTE PÁEZ',5,'','',''),(6522,'CONSEJO COMUNAL LA FLORESTA ESTADO MERIDA MUNICIPIO ALBERTO ADRIANI PARROQUIA PRESIDENTE PÁEZ',5,'','',''),(6523,'CONSEJO COMUNAL LA PUERTA ESTADO MERIDA MUNICIPIO ALBERTO ADRIANI PARROQUIA PRESIDENTE PÁEZ',5,'','',''),(6524,'CONSEJO COMUNAL DIVINO NIÑO ESTADO MERIDA MUNICIPIO ALBERTO ADRIANI PARROQUIA PRESIDENTE PÁEZ',5,'','',''),(6525,'CONSEJO COMUNAL ASOPROVI ESTADO MERIDA MUNICIPIO ALBERTO ADRIANI PARROQUIA PRESIDENTE PÁEZ',5,'','',''),(6526,'CONSEJO COMUNAL BARRIO BOLIVAR II ESTADO MERIDA MUNICIPIO ALBERTO ADRIANI PARROQUIA PRESIDENTE PÁEZ',5,'','',''),(6527,'CONSEJO COMUNAL LAS FLORES PARTE ALTA ESTADO MERIDA MUNICIPIO ALBERTO ADRIANI PARROQUIA PRESIDENTE PÁEZ',5,'','',''),(6528,'CONSEJO COMUNAL KM 12 PARTE ALTA ESTADO MERIDA MUNICIPIO ALBERTO ADRIANI PARROQUIA PRESIDENTE PÁEZ',5,'','',''),(6529,'CONSEJO COMUNAL URBANIZACION VISTA HERMOSA ESTADO MERIDA MUNICIPIO ALBERTO ADRIANI PARROQUIA PRESIDENTE PÁEZ',5,'','',''),(6530,'CONSEJO COMUNAL URBANIZACION BUBUQUI III LAS CASITAS ESTADO MERIDA MUNICIPIO ALBERTO ADRIANI PARROQUIA PRESIDENTE PÁEZ',5,'','',''),(6531,'CONSEJO COMUNAL PRIMICIAS ESTADO MERIDA MUNICIPIO ALBERTO ADRIANI PARROQUIA PRESIDENTE PÁEZ',5,'','',''),(6532,'CONSEJO COMUNAL LOS PINOS ESTADO MERIDA MUNICIPIO ALBERTO ADRIANI PARROQUIA PRESIDENTE PÁEZ',5,'','',''),(6533,'CONSEJO COMUNAL PABLO ROSALES ESTADO MERIDA MUNICIPIO ALBERTO ADRIANI PARROQUIA PRESIDENTE PÁEZ',5,'','',''),(6534,'CONSEJO COMUNAL LA ARENOSA BOLIVARIANA ESTADO MERIDA MUNICIPIO ALBERTO ADRIANI PARROQUIA PRESIDENTE PÁEZ',5,'','',''),(6535,'CONSEJO COMUNAL ONIA SANTA ISABEL ESTADO MERIDA MUNICIPIO ALBERTO ADRIANI PARROQUIA PRESIDENTE PÁEZ',5,'','',''),(6536,'CONSEJO COMUNAL BICENTENARIO ESTADO MERIDA MUNICIPIO ALBERTO ADRIANI PARROQUIA PRESIDENTE PÁEZ',5,'','',''),(6537,'CONSEJO COMUNAL SAN ISIDRO DE ONIA ESTADO MERIDA MUNICIPIO ALBERTO ADRIANI PARROQUIA PRESIDENTE PÁEZ',5,'','',''),(6538,'CONSEJO COMUNAL CAÑO ARENOSO ESTADO MERIDA MUNICIPIO ALBERTO ADRIANI PARROQUIA PRESIDENTE PÁEZ',5,'','',''),(6539,'CONSEJO COMUNAL MANUELITA SAENZ ESTADO MERIDA MUNICIPIO ALBERTO ADRIANI PARROQUIA PRESIDENTE PÁEZ',5,'','',''),(6540,'CONSEJO COMUNAL KM 12 CAÑO LAS DANTAS ESTADO MERIDA MUNICIPIO ALBERTO ADRIANI PARROQUIA PRESIDENTE PÁEZ',5,'','',''),(6541,'CONSEJO COMUNAL ONIA SANTA ISABEL II ESTADO MERIDA MUNICIPIO ALBERTO ADRIANI PARROQUIA PRESIDENTE RÓMULO GALLEGOS',5,'','',''),(6542,'CONSEJO COMUNAL ONIA SECTOR CAÑO MOTA ESTADO MERIDA MUNICIPIO ALBERTO ADRIANI PARROQUIA PRESIDENTE RÓMULO GALLEGOS',5,'','',''),(6543,'CONSEJO COMUNAL DOMINGO ROA PEREZ ESTADO MERIDA MUNICIPIO ALBERTO ADRIANI PARROQUIA PRESIDENTE RÓMULO GALLEGOS',5,'','',''),(6544,'CONSEJO COMUNAL SAN JOSE ESTADO MERIDA MUNICIPIO ALBERTO ADRIANI PARROQUIA PRESIDENTE RÓMULO GALLEGOS',5,'','',''),(6545,'CONSEJO COMUNAL PARAISO ESTADO MERIDA MUNICIPIO ALBERTO ADRIANI PARROQUIA PRESIDENTE RÓMULO GALLEGOS',5,'','',''),(6546,'CONSEJO COMUNAL ALI PRIMERA ESTADO MERIDA MUNICIPIO ALBERTO ADRIANI PARROQUIA PRESIDENTE RÓMULO GALLEGOS',5,'','',''),(6547,'CONSEJO COMUNAL VALLE ALEGRE ESTADO MERIDA MUNICIPIO ALBERTO ADRIANI PARROQUIA PRESIDENTE RÓMULO GALLEGOS',5,'','',''),(6548,'CONSEJO COMUNAL EL AMPARO ESTADO MERIDA MUNICIPIO ALBERTO ADRIANI PARROQUIA PRESIDENTE RÓMULO GALLEGOS',5,'','',''),(6549,'CONSEJO COMUNAL BUENOS AIRES PARTE ALTA ESTADO MERIDA MUNICIPIO ALBERTO ADRIANI PARROQUIA PRESIDENTE RÓMULO GALLEGOS',5,'','',''),(6550,'CONSEJO COMUNAL LA VEGA II ESTADO MERIDA MUNICIPIO ALBERTO ADRIANI PARROQUIA PRESIDENTE RÓMULO GALLEGOS',5,'','',''),(6551,'CONSEJO COMUNAL BUENOS AIRES INCE ESTADO MERIDA MUNICIPIO ALBERTO ADRIANI PARROQUIA PRESIDENTE RÓMULO GALLEGOS',5,'','',''),(6552,'CONSEJO COMUNAL KILOMETRO 15 SECTOR ROMULO GALLEGOS ESTADO MERIDA MUNICIPIO ALBERTO ADRIANI PARROQUIA PRESIDENTE RÓMULO GALLEGOS',5,'','',''),(6553,'CONSEJO COMUNAL EL NARANJAL ESTADO MERIDA MUNICIPIO ALBERTO ADRIANI PARROQUIA PRESIDENTE RÓMULO GALLEGOS',5,'','',''),(6554,'CONSEJO COMUNAL LA ISABELITA ESTADO MERIDA MUNICIPIO ALBERTO ADRIANI PARROQUIA PRESIDENTE RÓMULO GALLEGOS',5,'','',''),(6555,'CONSEJO COMUNAL BUENOS AIRES VISTA ALEGRE ESTADO MERIDA MUNICIPIO ALBERTO ADRIANI PARROQUIA PRESIDENTE RÓMULO GALLEGOS',5,'','',''),(6556,'CONSEJO COMUNAL SANTA RITA ESTADO MERIDA MUNICIPIO ALBERTO ADRIANI PARROQUIA PRESIDENTE RÓMULO GALLEGOS',5,'','',''),(6557,'CONSEJO COMUNAL AGRARIO DR KLEVER RAMIREZ ROJAS ESTADO MERIDA MUNICIPIO ALBERTO ADRIANI PARROQUIA PRESIDENTE RÓMULO GALLEGOS',5,'','',''),(6558,'CONSEJO COMUNAL COLINAS DE BUENOS AIRES ESTADO MERIDA MUNICIPIO ALBERTO ADRIANI PARROQUIA PRESIDENTE RÓMULO GALLEGOS',5,'','',''),(6559,'CONSEJO COMUNAL ONIA LA PEÑA ESTADO MERIDA MUNICIPIO ALBERTO ADRIANI PARROQUIA PRESIDENTE RÓMULO GALLEGOS',5,'','',''),(6560,'CONSEJO COMUNAL BRISA DEL PARAISO ESTADO MERIDA MUNICIPIO ALBERTO ADRIANI PARROQUIA PRESIDENTE RÓMULO GALLEGOS',5,'','',''),(6561,'CONSEJO COMUNAL SANTIAGO DE ONIA ESTADO MERIDA MUNICIPIO ALBERTO ADRIANI PARROQUIA PRESIDENTE RÓMULO GALLEGOS',5,'','',''),(6562,'CONSEJO COMUNAL SANTIAGO DE ONIA ALTA ESTADO MERIDA MUNICIPIO ALBERTO ADRIANI PARROQUIA PRESIDENTE RÓMULO GALLEGOS',5,'','',''),(6563,'CONSEJO COMUNAL LOS PARQUES ESTADO MERIDA MUNICIPIO ALBERTO ADRIANI PARROQUIA PRESIDENTE RÓMULO GALLEGOS',5,'','',''),(6564,'CONSEJO COMUNAL SERRACHO CAÑO GOMEZ ESTADO MERIDA MUNICIPIO ALBERTO ADRIANI PARROQUIA PRESIDENTE RÓMULO GALLEGOS',5,'','',''),(6565,'CONSEJO COMUNAL ONIA AGUA LINDA ESTADO MERIDA MUNICIPIO ALBERTO ADRIANI PARROQUIA PRESIDENTE RÓMULO GALLEGOS',5,'','',''),(6566,'CONSEJO COMUNAL EL NARANJAL II ESTADO MERIDA MUNICIPIO ALBERTO ADRIANI PARROQUIA PRESIDENTE RÓMULO GALLEGOS',5,'','',''),(6567,'CONSEJO COMUNAL CAMPO ALEGRE ESTADO MERIDA MUNICIPIO ALBERTO ADRIANI PARROQUIA PRESIDENTE RÓMULO GALLEGOS',5,'','',''),(6568,'CONSEJO COMUNAL EL CIMIENTO ESTADO MERIDA MUNICIPIO ALBERTO ADRIANI PARROQUIA PRESIDENTE RÓMULO GALLEGOS',5,'','',''),(6569,'CONSEJO COMUNAL MONTE VERDE ESTADO MERIDA MUNICIPIO ALBERTO ADRIANI PARROQUIA PRESIDENTE RÓMULO GALLEGOS',5,'','',''),(6570,'CONSEJO COMUNAL COLINAS DE SAN BENITO ESTADO MERIDA MUNICIPIO ALBERTO ADRIANI PARROQUIA PRESIDENTE RÓMULO GALLEGOS',5,'','',''),(6571,'CONSEJO COMUNAL BOCA GRANDE ESTADO MERIDA MUNICIPIO ALBERTO ADRIANI PARROQUIA PRESIDENTE RÓMULO GALLEGOS',5,'','',''),(6572,'CONSEJO COMUNAL EL SAMAN ESTADO MERIDA MUNICIPIO ALBERTO ADRIANI PARROQUIA PRESIDENTE RÓMULO GALLEGOS',5,'','',''),(6573,'CONSEJO COMUNAL 1 DE MAYO A ESTADO MERIDA MUNICIPIO ALBERTO ADRIANI PARROQUIA PRESIDENTE RÓMULO GALLEGOS',5,'','',''),(6574,'CONSEJO COMUNAL MATA DE LIMON ESTADO MERIDA MUNICIPIO ALBERTO ADRIANI PARROQUIA PRESIDENTE RÓMULO GALLEGOS',5,'','',''),(6575,'CONSEJO COMUNAL ONIA CULEGRIA SECTOR YABITA RELLENO SANITARIO ESTADO MERIDA MUNICIPIO ALBERTO ADRIANI PARROQUIA PRESIDENTE RÓMULO GALLEGOS',5,'','',''),(6576,'CONSEJO COMUNAL UNION FLORIDA ESTADO MERIDA MUNICIPIO ALBERTO ADRIANI PARROQUIA PRESIDENTE RÓMULO GALLEGOS',5,'','',''),(6577,'CONSEJO COMUNAL 5 DE JULIO ESTADO MERIDA MUNICIPIO ALBERTO ADRIANI PARROQUIA PRESIDENTE RÓMULO GALLEGOS',5,'','',''),(6578,'CONSEJO COMUNAL BARRIO AJURO 1 ESTADO MERIDA MUNICIPIO ALBERTO ADRIANI PARROQUIA PRESIDENTE RÓMULO GALLEGOS',5,'','',''),(6579,'CONSEJO COMUNAL LOS OLIVOS ESTADO MERIDA MUNICIPIO ALBERTO ADRIANI PARROQUIA PRESIDENTE RÓMULO GALLEGOS',5,'','',''),(6580,'CONSEJO COMUNAL QUEBRADA DE LA VIRGEN ESTADO MERIDA MUNICIPIO ALBERTO ADRIANI PARROQUIA PRESIDENTE RÓMULO GALLEGOS',5,'','',''),(6581,'CONSEJO COMUNAL ROSA VIRGINIA ESTADO MERIDA MUNICIPIO ALBERTO ADRIANI PARROQUIA PRESIDENTE RÓMULO GALLEGOS',5,'','',''),(6582,'CONSEJO COMUNAL BRISAS DE ONIA ESTADO MERIDA MUNICIPIO ALBERTO ADRIANI PARROQUIA PRESIDENTE RÓMULO GALLEGOS',5,'','',''),(6583,'CONSEJO COMUNAL ONIA LA BORDA EL BAMBU ESTADO MERIDA MUNICIPIO ALBERTO ADRIANI PARROQUIA PRESIDENTE RÓMULO GALLEGOS',5,'','',''),(6584,'CONSEJO COMUNAL 23 DE ENERO ESTADO MERIDA MUNICIPIO ALBERTO ADRIANI PARROQUIA PRESIDENTE RÓMULO GALLEGOS',5,'','',''),(6585,'CONSEJO COMUNAL 1  DE MAYO ESTADO MERIDA MUNICIPIO ALBERTO ADRIANI PARROQUIA PRESIDENTE RÓMULO GALLEGOS',5,'','',''),(6586,'CONSEJO COMUNAL ONIA CAÑO ARENOSO ESTADO MERIDA MUNICIPIO ALBERTO ADRIANI PARROQUIA PRESIDENTE RÓMULO GALLEGOS',5,'','',''),(6587,'CONSEJO COMUNAL ONIA CAÑO ARENOSO III PARTE ALTA ESTADO MERIDA MUNICIPIO ALBERTO ADRIANI PARROQUIA PRESIDENTE RÓMULO GALLEGOS',5,'','',''),(6588,'CONSEJO COMUNAL LA VEGA SECTOR 1 ESTADO MERIDA MUNICIPIO ALBERTO ADRIANI PARROQUIA PRESIDENTE RÓMULO GALLEGOS',5,'','',''),(6589,'CONSEJO COMUNAL JOSE MARTI ESTADO MERIDA MUNICIPIO ALBERTO ADRIANI PARROQUIA PRESIDENTE RÓMULO GALLEGOS',5,'','',''),(6590,'CONSEJO COMUNAL LA LAGUNITA ESTADO MERIDA MUNICIPIO ALBERTO ADRIANI PARROQUIA GABRIEL PICÓN GONZÁLEZ',5,'','',''),(6591,'CONSEJO COMUNAL LA HONDA ESTADO MERIDA MUNICIPIO ALBERTO ADRIANI PARROQUIA GABRIEL PICÓN GONZÁLEZ',5,'','',''),(6592,'CONSEJO COMUNAL CAMPO ALEGRE  ESTADO MERIDA MUNICIPIO ALBERTO ADRIANI PARROQUIA GABRIEL PICÓN GONZÁLEZ',5,'','',''),(6593,'CONSEJO COMUNAL LA CANDELARIA ESTADO MERIDA MUNICIPIO ALBERTO ADRIANI PARROQUIA GABRIEL PICÓN GONZÁLEZ',5,'','',''),(6594,'CONSEJO COMUNAL SECTOR ROMULO GALLEGOS ESTADO MERIDA MUNICIPIO ALBERTO ADRIANI PARROQUIA GABRIEL PICÓN GONZÁLEZ',5,'','',''),(6595,'CONSEJO COMUNAL ONIA LA PALMITA ESTADO MERIDA MUNICIPIO ALBERTO ADRIANI PARROQUIA GABRIEL PICÓN GONZÁLEZ',5,'','',''),(6596,'CONSEJO COMUNAL TERESA MALDONADO ESTADO MERIDA MUNICIPIO ALBERTO ADRIANI PARROQUIA GABRIEL PICÓN GONZÁLEZ',5,'','',''),(6597,'CONSEJO COMUNAL LA LIBERTAD DE LA COROMOTO PARTE ALTA ESTADO MERIDA MUNICIPIO ALBERTO ADRIANI PARROQUIA GABRIEL PICÓN GONZÁLEZ',5,'','',''),(6598,'CONSEJO COMUNAL LAS PALMERAS I ESTADO MERIDA MUNICIPIO ALBERTO ADRIANI PARROQUIA GABRIEL PICÓN GONZÁLEZ',5,'','',''),(6599,'CONSEJO COMUNAL LA COROMOTO PARTE BAJA ESTADO MERIDA MUNICIPIO ALBERTO ADRIANI PARROQUIA GABRIEL PICÓN GONZÁLEZ',5,'','',''),(6600,'CONSEJO COMUNAL CHE GUEVARA ESTADO MERIDA MUNICIPIO ALBERTO ADRIANI PARROQUIA GABRIEL PICÓN GONZÁLEZ',5,'','',''),(6601,'CONSEJO COMUNAL FFAFASFASFSAFASFASFFSA ESTADO MERIDA MUNICIPIO ALBERTO ADRIANI PARROQUIA GABRIEL PICÓN GONZÁLEZ',5,'','',''),(6602,'CONSEJO COMUNAL CAÑO BLANCO LA MESETA PARTE II ESTADO MERIDA MUNICIPIO ALBERTO ADRIANI PARROQUIA HÉCTOR AMABLE MORA',5,'','',''),(6603,'CONSEJO COMUNAL CAÑO BALZA ARRIBA ESTADO MERIDA MUNICIPIO ALBERTO ADRIANI PARROQUIA HÉCTOR AMABLE MORA',5,'','',''),(6604,'CONSEJO COMUNAL CAÑO JABON PARTE ALTA ESTADO MERIDA MUNICIPIO ALBERTO ADRIANI PARROQUIA HÉCTOR AMABLE MORA',5,'','',''),(6605,'CONSEJO COMUNAL MESA ALTA 1 ESTADO MERIDA MUNICIPIO ALBERTO ADRIANI PARROQUIA HÉCTOR AMABLE MORA',5,'','',''),(6606,'CONSEJO COMUNAL LOS TRES SECTORES EL PARAMITO ESTADO MERIDA MUNICIPIO ALBERTO ADRIANI PARROQUIA HÉCTOR AMABLE MORA',5,'','',''),(6607,'CONSEJO COMUNAL NUEVA CADIZ ESTADO MERIDA MUNICIPIO ALBERTO ADRIANI PARROQUIA HÉCTOR AMABLE MORA',5,'','',''),(6608,'CONSEJO COMUNAL SAN RAFAEL MUCUJEPE ESTADO MERIDA MUNICIPIO ALBERTO ADRIANI PARROQUIA HÉCTOR AMABLE MORA',5,'','',''),(6609,'CONSEJO COMUNAL LA ESPERANZA SOCIALISTA DEL FUTURO ESTADO MERIDA MUNICIPIO ALBERTO ADRIANI PARROQUIA HÉCTOR AMABLE MORA',5,'','',''),(6610,'CONSEJO COMUNAL SECTOR EL GUAYABAL ESTADO MERIDA MUNICIPIO ALBERTO ADRIANI PARROQUIA HÉCTOR AMABLE MORA',5,'','',''),(6611,'CONSEJO COMUNAL EL TRAPICHE PARTE ALTA ESTADO MERIDA MUNICIPIO ALBERTO ADRIANI PARROQUIA HÉCTOR AMABLE MORA',5,'','',''),(6612,'CONSEJO COMUNAL 19 DE ABRIL MUCUJEPE ESTADO MERIDA MUNICIPIO ALBERTO ADRIANI PARROQUIA HÉCTOR AMABLE MORA',5,'','',''),(6613,'CONSEJO COMUNAL LOS ANEGADOS PARTE ALTA CAÑO CHURICA PARTE BAJA ESTADO MERIDA MUNICIPIO ALBERTO ADRIANI PARROQUIA HÉCTOR AMABLE MORA',5,'','',''),(6614,'CONSEJO COMUNAL QUEBRADA BLANCA  ESTADO MERIDA MUNICIPIO ALBERTO ADRIANI PARROQUIA HÉCTOR AMABLE MORA',5,'','',''),(6615,'CONSEJO COMUNAL MESA BAJA ESTADO MERIDA MUNICIPIO ALBERTO ADRIANI PARROQUIA HÉCTOR AMABLE MORA',5,'','',''),(6616,'CONSEJO COMUNAL LOS CUROS ESTADO MERIDA MUNICIPIO ALBERTO ADRIANI PARROQUIA HÉCTOR AMABLE MORA',5,'','',''),(6617,'CONSEJO COMUNAL ALTO VIENTO ESTADO MERIDA MUNICIPIO ALBERTO ADRIANI PARROQUIA HÉCTOR AMABLE MORA',5,'','',''),(6618,'CONSEJO COMUNAL CAÑO BLANCO PARTE BAJA ESTADO MERIDA MUNICIPIO ALBERTO ADRIANI PARROQUIA HÉCTOR AMABLE MORA',5,'','',''),(6619,'CONSEJO COMUNAL CAÑO AMARILLO LOS RURALES DE CAÑO AMARILLO ESTADO MERIDA MUNICIPIO ALBERTO ADRIANI PARROQUIA HÉCTOR AMABLE MORA',5,'','',''),(6620,'CONSEJO COMUNAL CAÑO ARENA ESTADO MERIDA MUNICIPIO ALBERTO ADRIANI PARROQUIA HÉCTOR AMABLE MORA',5,'','',''),(6621,'CONSEJO COMUNAL ROMULO GALLEGOS I ESTADO MERIDA MUNICIPIO ALBERTO ADRIANI PARROQUIA HÉCTOR AMABLE MORA',5,'','',''),(6622,'CONSEJO COMUNAL LOS ANEGADOS ESTADO MERIDA MUNICIPIO ALBERTO ADRIANI PARROQUIA HÉCTOR AMABLE MORA',5,'','',''),(6623,'CONSEJO COMUNAL CAÑO AMARILLO PARTE BAJA ESTADO MERIDA MUNICIPIO ALBERTO ADRIANI PARROQUIA HÉCTOR AMABLE MORA',5,'','',''),(6624,'CONSEJO COMUNAL RUZ RANGEL ESTADO MERIDA MUNICIPIO ALBERTO ADRIANI PARROQUIA HÉCTOR AMABLE MORA',5,'','',''),(6625,'CONSEJO COMUNAL BANCO COMUNAL BOLIVARIANO RIO CHAMA ESTADO MERIDA MUNICIPIO ALBERTO ADRIANI PARROQUIA HÉCTOR AMABLE MORA',5,'','',''),(6626,'CONSEJO COMUNAL LA ESPERANZA ESTADO MERIDA MUNICIPIO ALBERTO ADRIANI PARROQUIA HÉCTOR AMABLE MORA',5,'','',''),(6627,'CONSEJO COMUNAL CASCO CENTRAL ESTADO MERIDA MUNICIPIO ALBERTO ADRIANI PARROQUIA HÉCTOR AMABLE MORA',5,'','',''),(6628,'CONSEJO COMUNAL EL CAMIRI ESTADO MERIDA MUNICIPIO ALBERTO ADRIANI PARROQUIA HÉCTOR AMABLE MORA',5,'','',''),(6629,'CONSEJO COMUNAL MIS CULTIVOS ESTADO MERIDA MUNICIPIO ALBERTO ADRIANI PARROQUIA HÉCTOR AMABLE MORA',5,'','',''),(6630,'CONSEJO COMUNAL LOS PROCERES ESTADO MERIDA MUNICIPIO ALBERTO ADRIANI PARROQUIA HÉCTOR AMABLE MORA',5,'','',''),(6631,'CONSEJO COMUNAL CAÑO CAIMAN ESTADO MERIDA MUNICIPIO ALBERTO ADRIANI PARROQUIA HÉCTOR AMABLE MORA',5,'','',''),(6632,'CONSEJO COMUNAL LA PEDREGOZA CERRO AZUL ESTADO MERIDA MUNICIPIO ALBERTO ADRIANI PARROQUIA HÉCTOR AMABLE MORA',5,'','',''),(6633,'CONSEJO COMUNAL CAÑO CHURICA LA BOCADILLERA ESTADO MERIDA MUNICIPIO ALBERTO ADRIANI PARROQUIA HÉCTOR AMABLE MORA',5,'','',''),(6634,'CONSEJO COMUNAL MONTE VERDE DE MUCUJEPE ESTADO MERIDA MUNICIPIO ALBERTO ADRIANI PARROQUIA HÉCTOR AMABLE MORA',5,'','',''),(6635,'CONSEJO COMUNAL CAÑO CAIMAN I ESTADO MERIDA MUNICIPIO ALBERTO ADRIANI PARROQUIA HÉCTOR AMABLE MORA',5,'','',''),(6636,'CONSEJO COMUNAL CAÑO BALZA PARTE BAJA ESTADO MERIDA MUNICIPIO ALBERTO ADRIANI PARROQUIA HÉCTOR AMABLE MORA',5,'','',''),(6637,'CONSEJO COMUNAL SECTOR LA GALLERA ESTADO MERIDA MUNICIPIO ALBERTO ADRIANI PARROQUIA HÉCTOR AMABLE MORA',5,'','',''),(6638,'CONSEJO COMUNAL LAS ADJUNTAS ESTADO MERIDA MUNICIPIO ALBERTO ADRIANI PARROQUIA HÉCTOR AMABLE MORA',5,'','',''),(6639,'CONSEJO COMUNAL PROVIVIENDA 97 ESTADO MERIDA MUNICIPIO ALBERTO ADRIANI PARROQUIA JOSÉ NUCETE SARDI',5,'','',''),(6640,'CONSEJO COMUNAL EL TRINAL ESTADO MERIDA MUNICIPIO ALBERTO ADRIANI PARROQUIA JOSÉ NUCETE SARDI',5,'','',''),(6641,'CONSEJO COMUNAL AROA 1 ESTADO MERIDA MUNICIPIO ALBERTO ADRIANI PARROQUIA JOSÉ NUCETE SARDI',5,'','',''),(6642,'CONSEJO COMUNAL CANTA RANA I, II, Y III ESTADO MERIDA MUNICIPIO ALBERTO ADRIANI PARROQUIA JOSÉ NUCETE SARDI',5,'','',''),(6643,'CONSEJO COMUNAL HEROES 27 DE NOVIEMBRE ESTADO MERIDA MUNICIPIO ALBERTO ADRIANI PARROQUIA PULIDO MÉNDEZ',5,'','',''),(6644,'CONSEJO COMUNAL CAÑO SECO IV EDIF 16 - 21 ESTADO MERIDA MUNICIPIO ALBERTO ADRIANI PARROQUIA PULIDO MÉNDEZ',5,'','',''),(6645,'CONSEJO COMUNAL LA MONTAÑITA ESTADO MERIDA MUNICIPIO ALBERTO ADRIANI PARROQUIA PULIDO MÉNDEZ',5,'','',''),(6646,'CONSEJO COMUNAL TU JALAALA LA PRADERA ESTADO MERIDA MUNICIPIO ALBERTO ADRIANI PARROQUIA PULIDO MÉNDEZ',5,'','',''),(6647,'CONSEJO COMUNAL 12 DE OCTUBRE PARTE ALTA ESTADO MERIDA MUNICIPIO ALBERTO ADRIANI PARROQUIA PULIDO MÉNDEZ',5,'','',''),(6648,'CONSEJO COMUNAL EDIFICIO VILLA LOS ANGELES ESTADO MERIDA MUNICIPIO ALBERTO ADRIANI PARROQUIA PULIDO MÉNDEZ',5,'','',''),(6649,'CONSEJO COMUNAL LUCHADORES ESTADO MERIDA MUNICIPIO ALBERTO ADRIANI PARROQUIA PULIDO MÉNDEZ',5,'','',''),(6650,'CONSEJO COMUNAL PUENTE CHAMA ESTADO MERIDA MUNICIPIO ALBERTO ADRIANI PARROQUIA PULIDO MÉNDEZ',5,'','',''),(6651,'CONSEJO COMUNAL CAÑO SECO I LAS COLINAS ESTADO MERIDA MUNICIPIO ALBERTO ADRIANI PARROQUIA PULIDO MÉNDEZ',5,'','',''),(6652,'CONSEJO COMUNAL JUAN DE LA CRUZ ESTADO MERIDA MUNICIPIO ALBERTO ADRIANI PARROQUIA PULIDO MÉNDEZ',5,'','',''),(6653,'CONSEJO COMUNAL LOS PERNIA ESTADO MERIDA MUNICIPIO ALBERTO ADRIANI PARROQUIA PULIDO MÉNDEZ',5,'','',''),(6654,'CONSEJO COMUNAL LOS ROBLES Y LOS RUICES ESTADO MERIDA MUNICIPIO ALBERTO ADRIANI PARROQUIA PULIDO MÉNDEZ',5,'','',''),(6655,'CONSEJO COMUNAL PARCELAMIENTO SAN LUIS ESTADO MERIDA MUNICIPIO ALBERTO ADRIANI PARROQUIA PULIDO MÉNDEZ',5,'','',''),(6656,'CONSEJO COMUNAL SECTOR CAÑO SECO ESTADO MERIDA MUNICIPIO ALBERTO ADRIANI PARROQUIA PULIDO MÉNDEZ',5,'','',''),(6657,'CONSEJO COMUNAL VENEZUELA SOLIDARIA ESTADO MERIDA MUNICIPIO ALBERTO ADRIANI PARROQUIA PULIDO MÉNDEZ',5,'','',''),(6658,'CONSEJO COMUNAL CAÑO SECO II ESTADO MERIDA MUNICIPIO ALBERTO ADRIANI PARROQUIA PULIDO MÉNDEZ',5,'','',''),(6659,'CONSEJO COMUNAL MOCACAY PARTE ALTA ESTADO MERIDA MUNICIPIO ALBERTO ADRIANI PARROQUIA PULIDO MÉNDEZ',5,'','',''),(6660,'CONSEJO COMUNAL CAÑO PALOMO ESTADO MERIDA MUNICIPIO ALBERTO ADRIANI PARROQUIA PULIDO MÉNDEZ',5,'','',''),(6661,'CONSEJO COMUNAL EL COMIENZO DE LA NUEVA REVOLUCION 2010-2012 ESTADO MERIDA MUNICIPIO ALBERTO ADRIANI PARROQUIA PULIDO MÉNDEZ',5,'','',''),(6662,'CONSEJO COMUNAL EL ZAMORAL ESTADO MERIDA MUNICIPIO ALBERTO ADRIANI PARROQUIA PULIDO MÉNDEZ',5,'','',''),(6663,'CONSEJO COMUNAL MOCACAY PARTE BAJA ESTADO MERIDA MUNICIPIO ALBERTO ADRIANI PARROQUIA PULIDO MÉNDEZ',5,'','',''),(6664,'CONSEJO COMUNAL LOS GERANIOS ESTADO MERIDA MUNICIPIO ALBERTO ADRIANI PARROQUIA PULIDO MÉNDEZ',5,'','',''),(6665,'CONSEJO COMUNAL EL ARAGUANEY ESTADO MERIDA MUNICIPIO ALBERTO ADRIANI PARROQUIA PULIDO MÉNDEZ',5,'','',''),(6666,'CONSEJO COMUNAL LOS CAOBOS ESTADO MERIDA MUNICIPIO ALBERTO ADRIANI PARROQUIA PULIDO MÉNDEZ',5,'','',''),(6667,'CONSEJO COMUNAL LA BANDERA ESTADO MERIDA MUNICIPIO ALBERTO ADRIANI PARROQUIA PULIDO MÉNDEZ',5,'','',''),(6668,'CONSEJO COMUNAL PRADO HERMOSO ESTADO MERIDA MUNICIPIO ALBERTO ADRIANI PARROQUIA PULIDO MÉNDEZ',5,'','',''),(6669,'CONSEJO COMUNAL PANAMERICANA MI ESPERANZA ESTADO MERIDA MUNICIPIO ALBERTO ADRIANI PARROQUIA PULIDO MÉNDEZ',5,'','',''),(6670,'CONSEJO COMUNAL URB ALTAMIRA ESTADO MERIDA MUNICIPIO ALBERTO ADRIANI PARROQUIA PULIDO MÉNDEZ',5,'','',''),(6671,'CONSEJO COMUNAL INTEGRACION COMUNAL SIMON BOLIVAR CAÑO SECO III ESTADO MERIDA MUNICIPIO ALBERTO ADRIANI PARROQUIA PULIDO MÉNDEZ',5,'','',''),(6672,'CONSEJO COMUNAL CAÑO SECO II SECTOR I,II Y III ESTADO MERIDA MUNICIPIO ALBERTO ADRIANI PARROQUIA PULIDO MÉNDEZ',5,'','',''),(6673,'CONSEJO COMUNAL ALTA VISTA LA LAGUNITA ESTADO MERIDA MUNICIPIO ALBERTO ADRIANI PARROQUIA PULIDO MÉNDEZ',5,'','',''),(6674,'CONSEJO COMUNAL EL PODER DEL PUEBLO ESTADO MERIDA MUNICIPIO ALBERTO ADRIANI PARROQUIA PULIDO MÉNDEZ',5,'','',''),(6675,'CONSEJO COMUNAL LA BLANCA ESTADO MERIDA MUNICIPIO ALBERTO ADRIANI PARROQUIA PULIDO MÉNDEZ',5,'','',''),(6676,'CONSEJO COMUNAL 12 DE OCTUBRE PARTE BAJA ESTADO MERIDA MUNICIPIO ALBERTO ADRIANI PARROQUIA PULIDO MÉNDEZ',5,'','',''),(6677,'CONSEJO COMUNAL CAÑO SECO IV  (SANTA INES)  ESTADO MERIDA MUNICIPIO ALBERTO ADRIANI PARROQUIA PULIDO MÉNDEZ',5,'','',''),(6678,'CONSEJO COMUNAL BRISAS DEL CHAMA ESTADO MERIDA MUNICIPIO ALBERTO ADRIANI PARROQUIA PULIDO MÉNDEZ',5,'','',''),(6679,'CONSEJO COMUNAL LA NUEVA LUCHA ESTADO MERIDA MUNICIPIO ALBERTO ADRIANI PARROQUIA PULIDO MÉNDEZ',5,'','',''),(6680,'CONSEJO COMUNAL LA PORCELANA ESTADO MERIDA MUNICIPIO ALBERTO ADRIANI PARROQUIA PULIDO MÉNDEZ',5,'','',''),(6681,'CONSEJO COMUNAL MOCACAY MEDIO ESTADO MERIDA MUNICIPIO ALBERTO ADRIANI PARROQUIA PULIDO MÉNDEZ',5,'','',''),(6682,'CONSEJO COMUNAL NIÑO DEL SOL ESTADO MERIDA MUNICIPIO ALBERTO ADRIANI PARROQUIA PULIDO MÉNDEZ',5,'','',''),(6683,'CONSEJO COMUNAL MANUELITA SAENZ ESTADO MERIDA MUNICIPIO ALBERTO ADRIANI PARROQUIA PULIDO MÉNDEZ',5,'','',''),(6684,'CONSEJO COMUNAL EL MIRADOR ESTADO MERIDA MUNICIPIO ALBERTO ADRIANI PARROQUIA PULIDO MÉNDEZ',5,'','',''),(6685,'CONSEJO COMUNAL VILLA DE LOS ANGELES ESTADO MERIDA MUNICIPIO ALBERTO ADRIANI PARROQUIA PULIDO MÉNDEZ',5,'','',''),(6686,'CONSEJO COMUNAL URBANISMO CAÑO SECO ESTADO MERIDA MUNICIPIO ALBERTO ADRIANI PARROQUIA PULIDO MÉNDEZ',5,'','',''),(6687,'CONSEJO COMUNAL EL CASTILLO ESTADO MERIDA MUNICIPIO ANTONIO PINTO SALINAS PARROQUIA SANTA CRUZ DE MORA',5,'','',''),(6688,'CONSEJO COMUNAL PAIVA BAJA ESTADO MERIDA MUNICIPIO ANTONIO PINTO SALINAS PARROQUIA SANTA CRUZ DE MORA',5,'','',''),(6689,'CONSEJO COMUNAL LOS VENCEDORES DE MONTE FRIO ESTADO MERIDA MUNICIPIO ANTONIO PINTO SALINAS PARROQUIA SANTA CRUZ DE MORA',5,'','',''),(6690,'CONSEJO COMUNAL MARIA ANTONIETA ROSSI ESTADO MERIDA MUNICIPIO ANTONIO PINTO SALINAS PARROQUIA SANTA CRUZ DE MORA',5,'','',''),(6691,'CONSEJO COMUNAL BOLIVAR - AYACUCHO ESTADO MERIDA MUNICIPIO ANTONIO PINTO SALINAS PARROQUIA SANTA CRUZ DE MORA',5,'','',''),(6692,'CONSEJO COMUNAL MESA DE SAN ISIDRO ESTADO MERIDA MUNICIPIO ANTONIO PINTO SALINAS PARROQUIA SANTA CRUZ DE MORA',5,'','',''),(6693,'CONSEJO COMUNAL LUIS ALBERTO GOMEZ LA MACANA LOS LLANITOS ESTADO MERIDA MUNICIPIO ANTONIO PINTO SALINAS PARROQUIA SANTA CRUZ DE MORA',5,'','',''),(6694,'CONSEJO COMUNAL LOS POZUELOS ESTADO MERIDA MUNICIPIO ANTONIO PINTO SALINAS PARROQUIA SANTA CRUZ DE MORA',5,'','',''),(6695,'CONSEJO COMUNAL LA ESPERANZA ESTADO MERIDA MUNICIPIO ANTONIO PINTO SALINAS PARROQUIA SANTA CRUZ DE MORA',5,'','',''),(6696,'CONSEJO COMUNAL LA LOMA ESTADO MERIDA MUNICIPIO ANTONIO PINTO SALINAS PARROQUIA SANTA CRUZ DE MORA',5,'','',''),(6697,'CONSEJO COMUNAL QUEBRADITAS DE MEJIAS ESTADO MERIDA MUNICIPIO ANTONIO PINTO SALINAS PARROQUIA SANTA CRUZ DE MORA',5,'','',''),(6698,'CONSEJO COMUNAL EL PARAMITO ESTADO MERIDA MUNICIPIO ANTONIO PINTO SALINAS PARROQUIA SANTA CRUZ DE MORA',5,'','',''),(6699,'CONSEJO COMUNAL PAIVA ALTA ESTADO MERIDA MUNICIPIO ANTONIO PINTO SALINAS PARROQUIA SANTA CRUZ DE MORA',5,'','',''),(6700,'CONSEJO COMUNAL LA PARADA EL DIAMANTE  ESTADO MERIDA MUNICIPIO ANTONIO PINTO SALINAS PARROQUIA SANTA CRUZ DE MORA',5,'','',''),(6701,'CONSEJO COMUNAL BELLA VISTA ESTADO MERIDA MUNICIPIO ANTONIO PINTO SALINAS PARROQUIA SANTA CRUZ DE MORA',5,'','',''),(6702,'CONSEJO COMUNAL EL GUAYABAL Y LOS ALGARROBOS PARTE BAJA ESTADO MERIDA MUNICIPIO ANTONIO PINTO SALINAS PARROQUIA SANTA CRUZ DE MORA',5,'','',''),(6703,'CONSEJO COMUNAL PADRE GRANADOS ESTADO MERIDA MUNICIPIO ANTONIO PINTO SALINAS PARROQUIA SANTA CRUZ DE MORA',5,'','',''),(6704,'CONSEJO COMUNAL EL MAPORAL ESTADO MERIDA MUNICIPIO ANTONIO PINTO SALINAS PARROQUIA SANTA CRUZ DE MORA',5,'','',''),(6705,'CONSEJO COMUNAL LOS ALGARROBOS ESTADO MERIDA MUNICIPIO ANTONIO PINTO SALINAS PARROQUIA SANTA CRUZ DE MORA',5,'','',''),(6706,'CONSEJO COMUNAL QUEBRADA NEGRA BAJA ESTADO MERIDA MUNICIPIO ANTONIO PINTO SALINAS PARROQUIA SANTA CRUZ DE MORA',5,'','',''),(6707,'CONSEJO COMUNAL SAN PEDRO BAJO ESTADO MERIDA MUNICIPIO ANTONIO PINTO SALINAS PARROQUIA SANTA CRUZ DE MORA',5,'','',''),(6708,'CONSEJO COMUNAL URBANIZACION EL TABACAL ESTADO MERIDA MUNICIPIO ANTONIO PINTO SALINAS PARROQUIA SANTA CRUZ DE MORA',5,'','',''),(6709,'CONSEJO COMUNAL QUEBRADITAS DE LA AZULITA ESTADO MERIDA MUNICIPIO ANTONIO PINTO SALINAS PARROQUIA SANTA CRUZ DE MORA',5,'','',''),(6710,'CONSEJO COMUNAL LA CAPILLA PRIMAVERA ESTADO MERIDA MUNICIPIO ANTONIO PINTO SALINAS PARROQUIA SANTA CRUZ DE MORA',5,'','',''),(6711,'CONSEJO COMUNAL CARMANIA ESTADO MERIDA MUNICIPIO ANTONIO PINTO SALINAS PARROQUIA SANTA CRUZ DE MORA',5,'','',''),(6712,'CONSEJO COMUNAL LAS TALAS ESTADO MERIDA MUNICIPIO ANTONIO PINTO SALINAS PARROQUIA SANTA CRUZ DE MORA',5,'','',''),(6713,'CONSEJO COMUNAL CUESTA DE CANELONES ESTADO MERIDA MUNICIPIO ANTONIO PINTO SALINAS PARROQUIA SANTA CRUZ DE MORA',5,'','',''),(6714,'CONSEJO COMUNAL MESETA DE PAIVA ESTADO MERIDA MUNICIPIO ANTONIO PINTO SALINAS PARROQUIA SANTA CRUZ DE MORA',5,'','',''),(6715,'CONSEJO COMUNAL MESA DEL GUAMO ESTADO MERIDA MUNICIPIO ANTONIO PINTO SALINAS PARROQUIA SANTA CRUZ DE MORA',5,'','',''),(6716,'CONSEJO COMUNAL EL PORTON ESTADO MERIDA MUNICIPIO ANTONIO PINTO SALINAS PARROQUIA SANTA CRUZ DE MORA',5,'','',''),(6717,'CONSEJO COMUNAL MI FUTURO ESTADO MERIDA MUNICIPIO ANTONIO PINTO SALINAS PARROQUIA SANTA CRUZ DE MORA',5,'','',''),(6718,'CONSEJO COMUNAL SAN JOSE ESTADO MERIDA MUNICIPIO ANTONIO PINTO SALINAS PARROQUIA SANTA CRUZ DE MORA',5,'','',''),(6719,'CONSEJO COMUNAL LA MONTAÑUELA ESTADO MERIDA MUNICIPIO ANTONIO PINTO SALINAS PARROQUIA SANTA CRUZ DE MORA',5,'','',''),(6720,'CONSEJO COMUNAL LOS AMOGRES ESTADO MERIDA MUNICIPIO ANTONIO PINTO SALINAS PARROQUIA SANTA CRUZ DE MORA',5,'','',''),(6721,'CONSEJO COMUNAL SANTA MARTA BAJA ESTADO MERIDA MUNICIPIO ANTONIO PINTO SALINAS PARROQUIA SANTA CRUZ DE MORA',5,'','',''),(6722,'CONSEJO COMUNAL QUEBRADA EL BARRO ESTADO MERIDA MUNICIPIO ANTONIO PINTO SALINAS PARROQUIA SANTA CRUZ DE MORA',5,'','',''),(6723,'CONSEJO COMUNAL LA ASUNCION ESTADO MERIDA MUNICIPIO ANTONIO PINTO SALINAS PARROQUIA SANTA CRUZ DE MORA',5,'','',''),(6724,'CONSEJO COMUNAL SAN RAFAEL DEL GUAYABAL ESTADO MERIDA MUNICIPIO ANTONIO PINTO SALINAS PARROQUIA SANTA CRUZ DE MORA',5,'','',''),(6725,'CONSEJO COMUNAL EL PARAMO DE SAN ISIDRO ESTADO MERIDA MUNICIPIO ANTONIO PINTO SALINAS PARROQUIA SANTA CRUZ DE MORA',5,'','',''),(6726,'CONSEJO COMUNAL EL ROYAL LA LOMITA ESTADO MERIDA MUNICIPIO ANTONIO PINTO SALINAS PARROQUIA SANTA CRUZ DE MORA',5,'','',''),(6727,'CONSEJO COMUNAL CAMPO ALEGRE ESTADO MERIDA MUNICIPIO ANTONIO PINTO SALINAS PARROQUIA SANTA CRUZ DE MORA',5,'','',''),(6728,'CONSEJO COMUNAL PUERTO RICO ESTADO MERIDA MUNICIPIO ANTONIO PINTO SALINAS PARROQUIA SANTA CRUZ DE MORA',5,'','',''),(6729,'CONSEJO COMUNAL MESA DE LA VIEJA ESTADO MERIDA MUNICIPIO ANTONIO PINTO SALINAS PARROQUIA SANTA CRUZ DE MORA',5,'','',''),(6730,'CONSEJO COMUNAL LAS CUADRAS MOCOTIES ESTADO MERIDA MUNICIPIO ANTONIO PINTO SALINAS PARROQUIA SANTA CRUZ DE MORA',5,'','',''),(6731,'CONSEJO COMUNAL CUCHILLA DE GUACA ESTADO MERIDA MUNICIPIO ANTONIO PINTO SALINAS PARROQUIA SANTA CRUZ DE MORA',5,'','',''),(6732,'CONSEJO COMUNAL EL TABACAL BAJO ESTADO MERIDA MUNICIPIO ANTONIO PINTO SALINAS PARROQUIA SANTA CRUZ DE MORA',5,'','',''),(6733,'CONSEJO COMUNAL LOS GODOS ESTADO MERIDA MUNICIPIO ANTONIO PINTO SALINAS PARROQUIA SANTA CRUZ DE MORA',5,'','',''),(6734,'CONSEJO COMUNAL LAS COLINAS ESTADO MERIDA MUNICIPIO ANTONIO PINTO SALINAS PARROQUIA SANTA CRUZ DE MORA',5,'','',''),(6735,'CONSEJO COMUNAL LOS PEPOS ESTADO MERIDA MUNICIPIO ANTONIO PINTO SALINAS PARROQUIA SANTA CRUZ DE MORA',5,'','',''),(6736,'CONSEJO COMUNAL LOS BOCADILLOS ESTADO MERIDA MUNICIPIO ANTONIO PINTO SALINAS PARROQUIA SANTA CRUZ DE MORA',5,'','',''),(6737,'CONSEJO COMUNAL SAN PEDRO ALTO ESTADO MERIDA MUNICIPIO ANTONIO PINTO SALINAS PARROQUIA SANTA CRUZ DE MORA',5,'','',''),(6738,'CONSEJO COMUNAL EL HOSPITAL ESTADO MERIDA MUNICIPIO ANTONIO PINTO SALINAS PARROQUIA SANTA CRUZ DE MORA',5,'','',''),(6739,'CONSEJO COMUNAL EL ARENAL ESTADO MERIDA MUNICIPIO ANTONIO PINTO SALINAS PARROQUIA SANTA CRUZ DE MORA',5,'','',''),(6740,'CONSEJO COMUNAL LA PAÑUELETA ESTADO MERIDA MUNICIPIO ANTONIO PINTO SALINAS PARROQUIA SANTA CRUZ DE MORA',5,'','',''),(6741,'CONSEJO COMUNAL EL BORDO LAS CAPILLAS ESTADO MERIDA MUNICIPIO ANTONIO PINTO SALINAS PARROQUIA SANTA CRUZ DE MORA',5,'','',''),(6742,'CONSEJO COMUNAL LA VEGA DE SAN ISIDRO ESTADO MERIDA MUNICIPIO ANTONIO PINTO SALINAS PARROQUIA SANTA CRUZ DE MORA',5,'','',''),(6743,'CONSEJO COMUNAL SANTA ROSA BELLA VISTA ESTADO MERIDA MUNICIPIO ANTONIO PINTO SALINAS PARROQUIA SANTA CRUZ DE MORA',5,'','',''),(6744,'CONSEJO COMUNAL CASCADA EL GUAYABAL ESTADO MERIDA MUNICIPIO ANTONIO PINTO SALINAS PARROQUIA SANTA CRUZ DE MORA',5,'','',''),(6745,'CONSEJO COMUNAL VOLADORES SAN MIGUEL ESTADO MERIDA MUNICIPIO ANTONIO PINTO SALINAS PARROQUIA SANTA CRUZ DE MORA',5,'','',''),(6746,'CONSEJO COMUNAL LA PIEDROTA ESTADO MERIDA MUNICIPIO ANTONIO PINTO SALINAS PARROQUIA SANTA CRUZ DE MORA',5,'','',''),(6747,'CONSEJO COMUNAL HACIENDA ROMERO ESTADO MERIDA MUNICIPIO ANTONIO PINTO SALINAS PARROQUIA SANTA CRUZ DE MORA',5,'','',''),(6748,'CONSEJO COMUNAL ENRRIQUE ALBERTO HERRERA SANCHEZ ESTADO MERIDA MUNICIPIO ANTONIO PINTO SALINAS PARROQUIA SANTA CRUZ DE MORA',5,'','',''),(6749,'CONSEJO COMUNAL EL GUAYABAL PRIMAVERA II ESTADO MERIDA MUNICIPIO ANTONIO PINTO SALINAS PARROQUIA SANTA CRUZ DE MORA',5,'','',''),(6750,'CONSEJO COMUNAL SAN ISIDRO ALTO ESTADO MERIDA MUNICIPIO ANTONIO PINTO SALINAS PARROQUIA SANTA CRUZ DE MORA',5,'','',''),(6751,'CONSEJO COMUNAL LA MACANA PARTE ALTA ESTADO MERIDA MUNICIPIO ANTONIO PINTO SALINAS PARROQUIA SANTA CRUZ DE MORA',5,'','',''),(6752,'CONSEJO COMUNAL KM 3 LOS OLIVOS ESTADO MERIDA MUNICIPIO ANTONIO PINTO SALINAS PARROQUIA SANTA CRUZ DE MORA',5,'','',''),(6753,'CONSEJO COMUNAL URBANISMO PAIVA ESTADO MERIDA MUNICIPIO ANTONIO PINTO SALINAS PARROQUIA SANTA CRUZ DE MORA',5,'','',''),(6754,'CONSEJO COMUNAL SANTA MARTA ALTA RANCHERIA MATA DE CAFÉ ESTADO MERIDA MUNICIPIO ANTONIO PINTO SALINAS PARROQUIA SANTA CRUZ DE MORA',5,'','',''),(6755,'CONSEJO COMUNAL LA VICTORIA ESTADO MERIDA MUNICIPIO ANTONIO PINTO SALINAS PARROQUIA SANTA CRUZ DE MORA',5,'','',''),(6756,'CONSEJO COMUNAL EL MIRADOR 8 DE AGOSTO ESTADO MERIDA MUNICIPIO ANTONIO PINTO SALINAS PARROQUIA SANTA CRUZ DE MORA',5,'','',''),(6757,'CONSEJO COMUNAL ALBERTO RAVELL ESTADO MERIDA MUNICIPIO ANTONIO PINTO SALINAS PARROQUIA SANTA CRUZ DE MORA',5,'','',''),(6758,'CONSEJO COMUNAL SAN JOSE ESTADO MERIDA MUNICIPIO ANTONIO PINTO SALINAS PARROQUIA MESA BOLÍVAR',5,'','',''),(6759,'CONSEJO COMUNAL SAN RAFAEL ESTADO MERIDA MUNICIPIO ANTONIO PINTO SALINAS PARROQUIA MESA BOLÍVAR',5,'','',''),(6760,'CONSEJO COMUNAL BOLERO BAJO ESTADO MERIDA MUNICIPIO ANTONIO PINTO SALINAS PARROQUIA MESA BOLÍVAR',5,'','',''),(6761,'CONSEJO COMUNAL EL PARAMITO ESTADO MERIDA MUNICIPIO ANTONIO PINTO SALINAS PARROQUIA MESA BOLÍVAR',5,'','',''),(6762,'CONSEJO COMUNAL SAN BUENAVENTURA ESTADO MERIDA MUNICIPIO ANTONIO PINTO SALINAS PARROQUIA MESA BOLÍVAR',5,'','',''),(6763,'CONSEJO COMUNAL EL CAÑADON ESTADO MERIDA MUNICIPIO ANTONIO PINTO SALINAS PARROQUIA MESA BOLÍVAR',5,'','',''),(6764,'CONSEJO COMUNAL SANTA EDUVIGES ESTADO MERIDA MUNICIPIO ANTONIO PINTO SALINAS PARROQUIA MESA BOLÍVAR',5,'','',''),(6765,'CONSEJO COMUNAL CARABANCHEL ESTADO MERIDA MUNICIPIO ANTONIO PINTO SALINAS PARROQUIA MESA BOLÍVAR',5,'','',''),(6766,'CONSEJO COMUNAL LA PROVIDENCIA ESTADO MERIDA MUNICIPIO ANTONIO PINTO SALINAS PARROQUIA MESA BOLÍVAR',5,'','',''),(6767,'CONSEJO COMUNAL BOLERO ALTO ESTADO MERIDA MUNICIPIO ANTONIO PINTO SALINAS PARROQUIA MESA BOLÍVAR',5,'','',''),(6768,'CONSEJO COMUNAL POZO NEGRO ESTADO MERIDA MUNICIPIO ANTONIO PINTO SALINAS PARROQUIA MESA BOLÍVAR',5,'','',''),(6769,'CONSEJO COMUNAL MESA BOLIVAR ESTADO MERIDA MUNICIPIO ANTONIO PINTO SALINAS PARROQUIA MESA BOLÍVAR',5,'','',''),(6770,'CONSEJO COMUNAL EL CASTILLO ESTADO MERIDA MUNICIPIO ANTONIO PINTO SALINAS PARROQUIA MESA BOLÍVAR',5,'','',''),(6771,'CONSEJO COMUNAL LOS ALGARROBOS ESTADO MERIDA MUNICIPIO ANTONIO PINTO SALINAS PARROQUIA MESA BOLÍVAR',5,'','',''),(6772,'CONSEJO COMUNAL SAN FELIPE ESTADO MERIDA MUNICIPIO ANTONIO PINTO SALINAS PARROQUIA MESA DE LAS PALMAS',5,'','',''),(6773,'CONSEJO COMUNAL MONTE CARMELO ESTADO MERIDA MUNICIPIO ANTONIO PINTO SALINAS PARROQUIA MESA DE LAS PALMAS',5,'','',''),(6774,'CONSEJO COMUNAL LA RANCHERIA ESTADO MERIDA MUNICIPIO ANTONIO PINTO SALINAS PARROQUIA MESA DE LAS PALMAS',5,'','',''),(6775,'CONSEJO COMUNAL CUESTA DE LOS QUINTEROS ESTADO MERIDA MUNICIPIO ANTONIO PINTO SALINAS PARROQUIA MESA DE LAS PALMAS',5,'','',''),(6776,'CONSEJO COMUNAL LOS MESONES ESTADO MERIDA MUNICIPIO ANTONIO PINTO SALINAS PARROQUIA MESA DE LAS PALMAS',5,'','',''),(6777,'CONSEJO COMUNAL EL PARAISO ESTADO MERIDA MUNICIPIO ANTONIO PINTO SALINAS PARROQUIA MESA DE LAS PALMAS',5,'','',''),(6778,'CONSEJO COMUNAL EL URBANISMO LA ESTRELLA ESTADO MERIDA MUNICIPIO ANTONIO PINTO SALINAS PARROQUIA MESA DE LAS PALMAS',5,'','',''),(6779,'CONSEJO COMUNAL EL QUEBRADON ESTADO MERIDA MUNICIPIO ANTONIO PINTO SALINAS PARROQUIA MESA DE LAS PALMAS',5,'','',''),(6780,'CONSEJO COMUNAL SAN JOSE ESTADO MERIDA MUNICIPIO ANTONIO PINTO SALINAS PARROQUIA MESA DE LAS PALMAS',5,'','',''),(6781,'CONSEJO COMUNAL LAS RURALES ESTADO MERIDA MUNICIPIO ANTONIO PINTO SALINAS PARROQUIA MESA DE LAS PALMAS',5,'','',''),(6782,'CONSEJO COMUNAL EL VIJAGUAL ESTADO MERIDA MUNICIPIO ANTONIO PINTO SALINAS PARROQUIA MESA DE LAS PALMAS',5,'','',''),(6783,'CONSEJO COMUNAL EL ESTADIUM ESTADO MERIDA MUNICIPIO ANTONIO PINTO SALINAS PARROQUIA MESA DE LAS PALMAS',5,'','',''),(6784,'CONSEJO COMUNAL LA PICA Y LA ESTRELLA ESTADO MERIDA MUNICIPIO ANTONIO PINTO SALINAS PARROQUIA MESA DE LAS PALMAS',5,'','',''),(6785,'CONSEJO COMUNAL CUESTA DE LA MORA ESTADO MERIDA MUNICIPIO ANTONIO PINTO SALINAS PARROQUIA MESA DE LAS PALMAS',5,'','',''),(6786,'CONSEJO COMUNAL SANTA CRUZ DEL QUEMADO ESTADO MERIDA MUNICIPIO ARICAGUA PARROQUIA ARICAGUA',5,'','',''),(6787,'CONSEJO COMUNAL PUEBLO VIEJO ESTADO MERIDA MUNICIPIO ARICAGUA PARROQUIA ARICAGUA',5,'','',''),(6788,'CONSEJO COMUNAL EL COLORADO ESTADO MERIDA MUNICIPIO ARICAGUA PARROQUIA ARICAGUA',5,'','',''),(6789,'CONSEJO COMUNAL LA FUNDACION  ESTADO MERIDA MUNICIPIO ARICAGUA PARROQUIA ARICAGUA',5,'','',''),(6790,'CONSEJO COMUNAL LOMITA DE LOS PALCHOS ESTADO MERIDA MUNICIPIO ARICAGUA PARROQUIA ARICAGUA',5,'','',''),(6791,'CONSEJO COMUNAL LOS AZULEJOS ESTADO MERIDA MUNICIPIO ARICAGUA PARROQUIA ARICAGUA',5,'','',''),(6792,'CONSEJO COMUNAL ALDEA LOMITAS DEL CARRIZAL ESTADO MERIDA MUNICIPIO ARICAGUA PARROQUIA ARICAGUA',5,'','',''),(6793,'CONSEJO COMUNAL VEGA EL MARQUEZ ESTADO MERIDA MUNICIPIO ARICAGUA PARROQUIA ARICAGUA',5,'','',''),(6794,'CONSEJO COMUNAL EL CAÑADON ESTADO MERIDA MUNICIPIO ARICAGUA PARROQUIA ARICAGUA',5,'','',''),(6795,'CONSEJO COMUNAL CARRIZAL PLATANICAL ESTADO MERIDA MUNICIPIO ARICAGUA PARROQUIA ARICAGUA',5,'','',''),(6796,'CONSEJO COMUNAL LOMITA DE BUENOS AIRES ESTADO MERIDA MUNICIPIO ARICAGUA PARROQUIA ARICAGUA',5,'','',''),(6797,'CONSEJO COMUNAL CAPITAL ARICAGUA ESTADO MERIDA MUNICIPIO ARICAGUA PARROQUIA ARICAGUA',5,'','',''),(6798,'CONSEJO COMUNAL BUENOS AIRES PARTE BAJA ESTADO MERIDA MUNICIPIO ARICAGUA PARROQUIA ARICAGUA',5,'','',''),(6799,'CONSEJO COMUNAL BAILADORES ESTADO MERIDA MUNICIPIO ARICAGUA PARROQUIA ARICAGUA',5,'','',''),(6800,'CONSEJO COMUNAL LOMA DEL PUEBLO ESTADO MERIDA MUNICIPIO ARICAGUA PARROQUIA ARICAGUA',5,'','',''),(6801,'CONSEJO COMUNAL MUCUPUEN ESTADO MERIDA MUNICIPIO ARICAGUA PARROQUIA ARICAGUA',5,'','',''),(6802,'CONSEJO COMUNAL LOS PALCHOS ESTADO MERIDA MUNICIPIO ARICAGUA PARROQUIA ARICAGUA',5,'','',''),(6803,'CONSEJO COMUNAL MOCOMBOCO ESTADO MERIDA MUNICIPIO ARICAGUA PARROQUIA ARICAGUA',5,'','',''),(6804,'CONSEJO COMUNAL HATO VIEJO ESTADO MERIDA MUNICIPIO ARICAGUA PARROQUIA ARICAGUA',5,'','',''),(6805,'CONSEJO COMUNAL EL PORVENIR ESTADO MERIDA MUNICIPIO ARICAGUA PARROQUIA ARICAGUA',5,'','',''),(6806,'CONSEJO COMUNAL EL CERRAJON ESTADO MERIDA MUNICIPIO ARICAGUA PARROQUIA ARICAGUA',5,'','',''),(6807,'CONSEJO COMUNAL LAS MESITAS ESTADO MERIDA MUNICIPIO ARICAGUA PARROQUIA ARICAGUA',5,'','',''),(6808,'CONSEJO COMUNAL SAN RAFAEL ESTADO MERIDA MUNICIPIO ARICAGUA PARROQUIA SAN ANTONIO',5,'','',''),(6809,'CONSEJO COMUNAL LA VARITA ESTADO MERIDA MUNICIPIO ARICAGUA PARROQUIA SAN ANTONIO',5,'','',''),(6810,'CONSEJO COMUNAL LAS TALAS PARTE BAJA ESTADO MERIDA MUNICIPIO ARICAGUA PARROQUIA SAN ANTONIO',5,'','',''),(6811,'CONSEJO COMUNAL EL ALTILLO ESTADO MERIDA MUNICIPIO ARICAGUA PARROQUIA SAN ANTONIO',5,'','',''),(6812,'CONSEJO COMUNAL SAN ANTONIO DE CAMPO ELIAS ESTADO MERIDA MUNICIPIO ARICAGUA PARROQUIA SAN ANTONIO',5,'','',''),(6813,'CONSEJO COMUNAL LAS ROSAS ESTADO MERIDA MUNICIPIO ARICAGUA PARROQUIA SAN ANTONIO',5,'','',''),(6814,'CONSEJO COMUNAL EL AMPARO ESTADO MERIDA MUNICIPIO ARICAGUA PARROQUIA SAN ANTONIO',5,'','',''),(6815,'CONSEJO COMUNAL LA COROMOTO ESTADO MERIDA MUNICIPIO ARZOBISPO CHACÓN PARROQUIA CANAGUA',5,'','',''),(6816,'CONSEJO COMUNAL PADRE NOGUERA 19 DE ABRIL ESTADO MERIDA MUNICIPIO ARZOBISPO CHACÓN PARROQUIA CANAGUA',5,'','',''),(6817,'CONSEJO COMUNAL EL RINCON III ESTADO MERIDA MUNICIPIO ARZOBISPO CHACÓN PARROQUIA CANAGUA',5,'','',''),(6818,'CONSEJO COMUNAL EL CAMPITO RIO ARRIBA ESTADO MERIDA MUNICIPIO ARZOBISPO CHACÓN PARROQUIA CANAGUA',5,'','',''),(6819,'CONSEJO COMUNAL RIO ARRIBA ESTADO MERIDA MUNICIPIO ARZOBISPO CHACÓN PARROQUIA CANAGUA',5,'','',''),(6820,'CONSEJO COMUNAL EL VALLE DE LA VIRGEN ESTADO MERIDA MUNICIPIO ARZOBISPO CHACÓN PARROQUIA CANAGUA',5,'','',''),(6821,'CONSEJO COMUNAL KM I EL VALLE 5 ESTADO MERIDA MUNICIPIO ARZOBISPO CHACÓN PARROQUIA CANAGUA',5,'','',''),(6822,'CONSEJO COMUNAL LOS HELECHALES ESTADO MERIDA MUNICIPIO ARZOBISPO CHACÓN PARROQUIA CANAGUA',5,'','',''),(6823,'CONSEJO COMUNAL LAS AGUADAS ESTADO MERIDA MUNICIPIO ARZOBISPO CHACÓN PARROQUIA CANAGUA',5,'','',''),(6824,'CONSEJO COMUNAL LA TENDIDA ESTADO MERIDA MUNICIPIO ARZOBISPO CHACÓN PARROQUIA CANAGUA',5,'','',''),(6825,'CONSEJO COMUNAL BET EL ESTADO MERIDA MUNICIPIO ARZOBISPO CHACÓN PARROQUIA CANAGUA',5,'','',''),(6826,'CONSEJO COMUNAL LA LAGUNA ESTADO MERIDA MUNICIPIO ARZOBISPO CHACÓN PARROQUIA CANAGUA',5,'','',''),(6827,'CONSEJO COMUNAL CALLE FERNANDEZ PEÑA Y CRISTOBAL COLON ESTADO MERIDA MUNICIPIO ARZOBISPO CHACÓN PARROQUIA CANAGUA',5,'','',''),(6828,'CONSEJO COMUNAL MELITON ESTADO MERIDA MUNICIPIO ARZOBISPO CHACÓN PARROQUIA CANAGUA',5,'','',''),(6829,'CONSEJO COMUNAL ARZOVISPO CHACON ESTADO MERIDA MUNICIPIO ARZOBISPO CHACÓN PARROQUIA CANAGUA',5,'','',''),(6830,'CONSEJO COMUNAL LAS COLINAS Y AMABLE MOLINA ESTADO MERIDA MUNICIPIO ARZOBISPO CHACÓN PARROQUIA CANAGUA',5,'','',''),(6831,'CONSEJO COMUNAL GABRIEL MORA ESTADO MERIDA MUNICIPIO ARZOBISPO CHACÓN PARROQUIA CANAGUA',5,'','',''),(6832,'CONSEJO COMUNAL EL VALLE III ESTADO MERIDA MUNICIPIO ARZOBISPO CHACÓN PARROQUIA CANAGUA',5,'','',''),(6833,'CONSEJO COMUNAL MESA DE LAS TAPIAS ESTADO MERIDA MUNICIPIO ARZOBISPO CHACÓN PARROQUIA CANAGUA',5,'','',''),(6834,'CONSEJO COMUNAL MONTAÑA BOLAÑERA ESTADO MERIDA MUNICIPIO ARZOBISPO CHACÓN PARROQUIA CANAGUA',5,'','',''),(6835,'CONSEJO COMUNAL LA VEGUILLA ALTA ESTADO MERIDA MUNICIPIO ARZOBISPO CHACÓN PARROQUIA CANAGUA',5,'','',''),(6836,'CONSEJO COMUNAL EL VALLE II ESTADO MERIDA MUNICIPIO ARZOBISPO CHACÓN PARROQUIA CANAGUA',5,'','',''),(6837,'CONSEJO COMUNAL 15 DE JULIO ESTADO MERIDA MUNICIPIO ARZOBISPO CHACÓN PARROQUIA CANAGUA',5,'','',''),(6838,'CONSEJO COMUNAL LOS NARANJOS ESTADO MERIDA MUNICIPIO ARZOBISPO CHACÓN PARROQUIA CANAGUA',5,'','',''),(6839,'CONSEJO COMUNAL EL VALLE KM 2 ESTADO MERIDA MUNICIPIO ARZOBISPO CHACÓN PARROQUIA CANAGUA',5,'','',''),(6840,'CONSEJO COMUNAL EL RINCON I ESTADO MERIDA MUNICIPIO ARZOBISPO CHACÓN PARROQUIA CANAGUA',5,'','',''),(6841,'CONSEJO COMUNAL EL TRAPICHE ESTADO MERIDA MUNICIPIO ARZOBISPO CHACÓN PARROQUIA CANAGUA',5,'','',''),(6842,'CONSEJO COMUNAL LAS ADJUNTAS ESTADO MERIDA MUNICIPIO ARZOBISPO CHACÓN PARROQUIA CAPURÍ',5,'','',''),(6843,'CONSEJO COMUNAL EL RASTROJO ESTADO MERIDA MUNICIPIO ARZOBISPO CHACÓN PARROQUIA CAPURÍ',5,'','',''),(6844,'CONSEJO COMUNAL EL RINCON DE LOS NOGUERA I ESTADO MERIDA MUNICIPIO ARZOBISPO CHACÓN PARROQUIA CAPURÍ',5,'','',''),(6845,'CONSEJO COMUNAL LA MONTAÑA ESTADO MERIDA MUNICIPIO ARZOBISPO CHACÓN PARROQUIA CAPURÍ',5,'','',''),(6846,'CONSEJO COMUNAL LA MONTAÑA II ESTADO MERIDA MUNICIPIO ARZOBISPO CHACÓN PARROQUIA CAPURÍ',5,'','',''),(6847,'CONSEJO COMUNAL ESMERALDA ESTADO MERIDA MUNICIPIO ARZOBISPO CHACÓN PARROQUIA CAPURÍ',5,'','',''),(6848,'CONSEJO COMUNAL CC TENERIFE ESTADO MERIDA MUNICIPIO ARZOBISPO CHACÓN PARROQUIA CAPURÍ',5,'','',''),(6849,'CONSEJO COMUNAL EL RIO ESTADO MERIDA MUNICIPIO ARZOBISPO CHACÓN PARROQUIA CAPURÍ',5,'','',''),(6850,'CONSEJO COMUNAL LAS TIENDAS I ESTADO MERIDA MUNICIPIO ARZOBISPO CHACÓN PARROQUIA CAPURÍ',5,'','',''),(6851,'CONSEJO COMUNAL LAS MESITAS ESTADO MERIDA MUNICIPIO ARZOBISPO CHACÓN PARROQUIA CAPURÍ',5,'','',''),(6852,'CONSEJO COMUNAL PIE DE CUESTA LA FUNDACION ESTADO MERIDA MUNICIPIO ARZOBISPO CHACÓN PARROQUIA CAPURÍ',5,'','',''),(6853,'CONSEJO COMUNAL EL GUAMAL ESTADO MERIDA MUNICIPIO ARZOBISPO CHACÓN PARROQUIA CHACANTÁ',5,'','',''),(6854,'CONSEJO COMUNAL LOS RASTROJOS ESTADO MERIDA MUNICIPIO ARZOBISPO CHACÓN PARROQUIA CHACANTÁ',5,'','',''),(6855,'CONSEJO COMUNAL EL CURO ESTADO MERIDA MUNICIPIO ARZOBISPO CHACÓN PARROQUIA CHACANTÁ',5,'','',''),(6856,'CONSEJO COMUNAL EL OSO ESTADO MERIDA MUNICIPIO ARZOBISPO CHACÓN PARROQUIA CHACANTÁ',5,'','',''),(6857,'CONSEJO COMUNAL LOMA DE LA CAÑA ESTADO MERIDA MUNICIPIO ARZOBISPO CHACÓN PARROQUIA CHACANTÁ',5,'','',''),(6858,'CONSEJO COMUNAL MUCUMBOCO ESTADO MERIDA MUNICIPIO ARZOBISPO CHACÓN PARROQUIA CHACANTÁ',5,'','',''),(6859,'CONSEJO COMUNAL MOCAYES ESTADO MERIDA MUNICIPIO ARZOBISPO CHACÓN PARROQUIA CHACANTÁ',5,'','',''),(6860,'CONSEJO COMUNAL LA LAGUNITA ESTADO MERIDA MUNICIPIO ARZOBISPO CHACÓN PARROQUIA CHACANTÁ',5,'','',''),(6861,'CONSEJO COMUNAL MUCUTAPO ESTADO MERIDA MUNICIPIO ARZOBISPO CHACÓN PARROQUIA CHACANTÁ',5,'','',''),(6862,'CONSEJO COMUNAL EL CHORRO ESTADO MERIDA MUNICIPIO ARZOBISPO CHACÓN PARROQUIA CHACANTÁ',5,'','',''),(6863,'CONSEJO COMUNAL EL CARRIZAL ESTADO MERIDA MUNICIPIO ARZOBISPO CHACÓN PARROQUIA CHACANTÁ',5,'','',''),(6864,'CONSEJO COMUNAL LA AGUADITA ESTADO MERIDA MUNICIPIO ARZOBISPO CHACÓN PARROQUIA CHACANTÁ',5,'','',''),(6865,'CONSEJO COMUNAL BUENA VISTA ESTADO MERIDA MUNICIPIO ARZOBISPO CHACÓN PARROQUIA CHACANTÁ',5,'','',''),(6866,'CONSEJO COMUNAL MUCURANDA ESTADO MERIDA MUNICIPIO ARZOBISPO CHACÓN PARROQUIA CHACANTÁ',5,'','',''),(6867,'CONSEJO COMUNAL EL URUMAL ESTADO MERIDA MUNICIPIO ARZOBISPO CHACÓN PARROQUIA CHACANTÁ',5,'','',''),(6868,'CONSEJO COMUNAL EL PUEBLO ESTADO MERIDA MUNICIPIO ARZOBISPO CHACÓN PARROQUIA CHACANTÁ',5,'','',''),(6869,'CONSEJO COMUNAL LA MONTAÑA ESTADO MERIDA MUNICIPIO ARZOBISPO CHACÓN PARROQUIA CHACANTÁ',5,'','',''),(6870,'CONSEJO COMUNAL LA HACIENDA ESTADO MERIDA MUNICIPIO ARZOBISPO CHACÓN PARROQUIA CHACANTÁ',5,'','',''),(6871,'CONSEJO COMUNAL LOS UVITOS ESTADO MERIDA MUNICIPIO ARZOBISPO CHACÓN PARROQUIA CHACANTÁ',5,'','',''),(6872,'CONSEJO COMUNAL EL BORDO ESTADO MERIDA MUNICIPIO ARZOBISPO CHACÓN PARROQUIA EL MOLINO',5,'','',''),(6873,'CONSEJO COMUNAL QUEBRADA DEL BARRO ESTADO MERIDA MUNICIPIO ARZOBISPO CHACÓN PARROQUIA EL MOLINO',5,'','',''),(6874,'CONSEJO COMUNAL EL QUEBRADON PARTE BAJA ESTADO MERIDA MUNICIPIO ARZOBISPO CHACÓN PARROQUIA EL MOLINO',5,'','',''),(6875,'CONSEJO COMUNAL VEGA DE LA NUTRIA ESTADO MERIDA MUNICIPIO ARZOBISPO CHACÓN PARROQUIA EL MOLINO',5,'','',''),(6876,'CONSEJO COMUNAL LA CAPILLA DE SAISAYAL ESTADO MERIDA MUNICIPIO ARZOBISPO CHACÓN PARROQUIA EL MOLINO',5,'','',''),(6877,'CONSEJO COMUNAL EL PUEBLO ESTADO MERIDA MUNICIPIO ARZOBISPO CHACÓN PARROQUIA EL MOLINO',5,'','',''),(6878,'CONSEJO COMUNAL LA CUCHILLA ESTADO MERIDA MUNICIPIO ARZOBISPO CHACÓN PARROQUIA EL MOLINO',5,'','',''),(6879,'CONSEJO COMUNAL LLANO DEL HATO ESTADO MERIDA MUNICIPIO ARZOBISPO CHACÓN PARROQUIA EL MOLINO',5,'','',''),(6880,'CONSEJO COMUNAL PLAYON BAJO ESTADO MERIDA MUNICIPIO ARZOBISPO CHACÓN PARROQUIA EL MOLINO',5,'','',''),(6881,'CONSEJO COMUNAL LA Y ESTADO MERIDA MUNICIPIO ARZOBISPO CHACÓN PARROQUIA EL MOLINO',5,'','',''),(6882,'CONSEJO COMUNAL LAS ADJUNTAS II ESTADO MERIDA MUNICIPIO ARZOBISPO CHACÓN PARROQUIA EL MOLINO',5,'','',''),(6883,'CONSEJO COMUNAL LA LOMITA ESTADO MERIDA MUNICIPIO ARZOBISPO CHACÓN PARROQUIA EL MOLINO',5,'','',''),(6884,'CONSEJO COMUNAL LA ROSALERA ESTADO MERIDA MUNICIPIO ARZOBISPO CHACÓN PARROQUIA EL MOLINO',5,'','',''),(6885,'CONSEJO COMUNAL EL URAO EL MORTIÑO ESTADO MERIDA MUNICIPIO ARZOBISPO CHACÓN PARROQUIA EL MOLINO',5,'','',''),(6886,'CONSEJO COMUNAL PLAYON ALTO ESTADO MERIDA MUNICIPIO ARZOBISPO CHACÓN PARROQUIA EL MOLINO',5,'','',''),(6887,'CONSEJO COMUNAL EL VIENTO ESTADO MERIDA MUNICIPIO ARZOBISPO CHACÓN PARROQUIA GUAIMARAL',5,'','',''),(6888,'CONSEJO COMUNAL EL RINCON DEL ENCIERRO ESTADO MERIDA MUNICIPIO ARZOBISPO CHACÓN PARROQUIA GUAIMARAL',5,'','',''),(6889,'CONSEJO COMUNAL EL CAÑADON ESTADO MERIDA MUNICIPIO ARZOBISPO CHACÓN PARROQUIA GUAIMARAL',5,'','',''),(6890,'CONSEJO COMUNAL EL SILENCIO  ESTADO MERIDA MUNICIPIO ARZOBISPO CHACÓN PARROQUIA GUAIMARAL',5,'','',''),(6891,'CONSEJO COMUNAL SORTIFRAN LAS ABRAS ESTADO MERIDA MUNICIPIO ARZOBISPO CHACÓN PARROQUIA GUAIMARAL',5,'','',''),(6892,'CONSEJO COMUNAL LA FUNDACION ESTADO MERIDA MUNICIPIO ARZOBISPO CHACÓN PARROQUIA GUAIMARAL',5,'','',''),(6893,'CONSEJO COMUNAL LA CUESTA ESTADO MERIDA MUNICIPIO ARZOBISPO CHACÓN PARROQUIA GUAIMARAL',5,'','',''),(6894,'CONSEJO COMUNAL LA VEGA ESTADO MERIDA MUNICIPIO ARZOBISPO CHACÓN PARROQUIA GUAIMARAL',5,'','',''),(6895,'CONSEJO COMUNAL LOS  MESONES ESTADO MERIDA MUNICIPIO ARZOBISPO CHACÓN PARROQUIA GUAIMARAL',5,'','',''),(6896,'CONSEJO COMUNAL SORTIFRAN ABAJO ESTADO MERIDA MUNICIPIO ARZOBISPO CHACÓN PARROQUIA GUAIMARAL',5,'','',''),(6897,'CONSEJO COMUNAL LA MONTAÑA ESTADO MERIDA MUNICIPIO ARZOBISPO CHACÓN PARROQUIA GUAIMARAL',5,'','',''),(6898,'CONSEJO COMUNAL LOS CUROS ESTADO MERIDA MUNICIPIO ARZOBISPO CHACÓN PARROQUIA GUAIMARAL',5,'','',''),(6899,'CONSEJO COMUNAL MIJARA LA VEGA ESTADO MERIDA MUNICIPIO ARZOBISPO CHACÓN PARROQUIA MUCUTUY',5,'','',''),(6900,'CONSEJO COMUNAL EL PARADERO ESTADO MERIDA MUNICIPIO ARZOBISPO CHACÓN PARROQUIA MUCUTUY',5,'','',''),(6901,'CONSEJO COMUNAL MUCURIZA ESTADO MERIDA MUNICIPIO ARZOBISPO CHACÓN PARROQUIA MUCUTUY',5,'','',''),(6902,'CONSEJO COMUNAL AGUA LINDA ESTADO MERIDA MUNICIPIO ARZOBISPO CHACÓN PARROQUIA MUCUTUY',5,'','',''),(6903,'CONSEJO COMUNAL BELLA VISTA ESTADO MERIDA MUNICIPIO ARZOBISPO CHACÓN PARROQUIA MUCUTUY',5,'','',''),(6904,'CONSEJO COMUNAL MUCUBUTE ESTADO MERIDA MUNICIPIO ARZOBISPO CHACÓN PARROQUIA MUCUTUY',5,'','',''),(6905,'CONSEJO COMUNAL PANTANO ESCUELA ESTADO MERIDA MUNICIPIO ARZOBISPO CHACÓN PARROQUIA MUCUTUY',5,'','',''),(6906,'CONSEJO COMUNAL MUCUCHARANI CENTRO ESTADO MERIDA MUNICIPIO ARZOBISPO CHACÓN PARROQUIA MUCUTUY',5,'','',''),(6907,'CONSEJO COMUNAL BOLIVAR III ESTADO MERIDA MUNICIPIO ARZOBISPO CHACÓN PARROQUIA MUCUTUY',5,'','',''),(6908,'CONSEJO COMUNAL SAN MIGUEL ESTADO MERIDA MUNICIPIO ARZOBISPO CHACÓN PARROQUIA MUCUTUY',5,'','',''),(6909,'CONSEJO COMUNAL EL MORAL ESTADO MERIDA MUNICIPIO ARZOBISPO CHACÓN PARROQUIA MUCUTUY',5,'','',''),(6910,'CONSEJO COMUNAL BARBECHOS ESTADO MERIDA MUNICIPIO ARZOBISPO CHACÓN PARROQUIA MUCUTUY',5,'','',''),(6911,'CONSEJO COMUNAL MUCUTUYCITO ESTADO MERIDA MUNICIPIO ARZOBISPO CHACÓN PARROQUIA MUCUTUY',5,'','',''),(6912,'CONSEJO COMUNAL MUCUCHARANI OSO ESTADO MERIDA MUNICIPIO ARZOBISPO CHACÓN PARROQUIA MUCUTUY',5,'','',''),(6913,'CONSEJO COMUNAL MOCOMBOCO BAJO ESTADO MERIDA MUNICIPIO ARZOBISPO CHACÓN PARROQUIA MUCUTUY',5,'','',''),(6914,'CONSEJO COMUNAL MOCOMBOCO ALTO ESTADO MERIDA MUNICIPIO ARZOBISPO CHACÓN PARROQUIA MUCUTUY',5,'','',''),(6915,'CONSEJO COMUNAL BICENTENARIO ESTADO MERIDA MUNICIPIO ARZOBISPO CHACÓN PARROQUIA MUCUTUY',5,'','',''),(6916,'CONSEJO COMUNAL PADRE NOGUERA ESTADO MERIDA MUNICIPIO ARZOBISPO CHACÓN PARROQUIA MUCUTUY',5,'','',''),(6917,'CONSEJO COMUNAL LA AGUADA 7 10 RL ESTADO MERIDA MUNICIPIO ARZOBISPO CHACÓN PARROQUIA MUCUTUY',5,'','',''),(6918,'CONSEJO COMUNAL EL ACHOTE ESTADO MERIDA MUNICIPIO ARZOBISPO CHACÓN PARROQUIA MUCUTUY',5,'','',''),(6919,'CONSEJO COMUNAL PADRE NOGUERA ESTADO MERIDA MUNICIPIO ARZOBISPO CHACÓN PARROQUIA MUCUCHACHÍ',5,'','',''),(6920,'CONSEJO COMUNAL MUCUSUN ESTADO MERIDA MUNICIPIO ARZOBISPO CHACÓN PARROQUIA MUCUCHACHÍ',5,'','',''),(6921,'CONSEJO COMUNAL CC OTOPUM ESTADO MERIDA MUNICIPIO ARZOBISPO CHACÓN PARROQUIA MUCUCHACHÍ',5,'','',''),(6922,'CONSEJO COMUNAL EL CARRIZAL  ESTADO MERIDA MUNICIPIO ARZOBISPO CHACÓN PARROQUIA MUCUCHACHÍ',5,'','',''),(6923,'CONSEJO COMUNAL LOS PUENTES ESTADO MERIDA MUNICIPIO ARZOBISPO CHACÓN PARROQUIA MUCUCHACHÍ',5,'','',''),(6924,'CONSEJO COMUNAL QUIU ESTADO MERIDA MUNICIPIO ARZOBISPO CHACÓN PARROQUIA MUCUCHACHÍ',5,'','',''),(6925,'CONSEJO COMUNAL MANZANO ALTO ESTADO MERIDA MUNICIPIO ARZOBISPO CHACÓN PARROQUIA MUCUCHACHÍ',5,'','',''),(6926,'CONSEJO COMUNAL SANTA LUCIA ESTADO MERIDA MUNICIPIO ARZOBISPO CHACÓN PARROQUIA MUCUCHACHÍ',5,'','',''),(6927,'CONSEJO COMUNAL EL PORTACHUELO ESTADO MERIDA MUNICIPIO ARZOBISPO CHACÓN PARROQUIA MUCUCHACHÍ',5,'','',''),(6928,'CONSEJO COMUNAL SANTA ROSA ESTADO MERIDA MUNICIPIO ARZOBISPO CHACÓN PARROQUIA MUCUCHACHÍ',5,'','',''),(6929,'CONSEJO COMUNAL MANZANO BAJO ESTADO MERIDA MUNICIPIO ARZOBISPO CHACÓN PARROQUIA MUCUCHACHÍ',5,'','',''),(6930,'CONSEJO COMUNAL BRISAS DEL RIO ESTADO MERIDA MUNICIPIO ARZOBISPO CHACÓN PARROQUIA MUCUCHACHÍ',5,'','',''),(6931,'CONSEJO COMUNAL TIERRA LOZA ESTADO MERIDA MUNICIPIO ARZOBISPO CHACÓN PARROQUIA MUCUCHACHÍ',5,'','',''),(6932,'CONSEJO COMUNAL LA SECRETA ESTADO MERIDA MUNICIPIO ARZOBISPO CHACÓN PARROQUIA MUCUCHACHÍ',5,'','',''),(6933,'CONSEJO COMUNAL URBANISMO MUCUCHACHI V ESTADO MERIDA MUNICIPIO ARZOBISPO CHACÓN PARROQUIA MUCUCHACHÍ',5,'','',''),(6934,'CONSEJO COMUNAL LA PLAZUELA ESTADO MERIDA MUNICIPIO ARZOBISPO CHACÓN PARROQUIA MUCUCHACHÍ',5,'','',''),(6935,'CONSEJO COMUNAL LA ENSILLADA ESTADO MERIDA MUNICIPIO ARZOBISPO CHACÓN PARROQUIA MUCUCHACHÍ',5,'','',''),(6936,'CONSEJO COMUNAL SANTA INES BAJA ESTADO MERIDA MUNICIPIO ARZOBISPO CHACÓN PARROQUIA MUCUCHACHÍ',5,'','',''),(6937,'CONSEJO COMUNAL LA MAPORA ESTADO MERIDA MUNICIPIO ARZOBISPO CHACÓN PARROQUIA MUCUCHACHÍ',5,'','',''),(6938,'CONSEJO COMUNAL AGUA BLANCA ESTADO MERIDA MUNICIPIO ARZOBISPO CHACÓN PARROQUIA MUCUCHACHÍ',5,'','',''),(6939,'CONSEJO COMUNAL CENTENARIO ESTADO MERIDA MUNICIPIO CAMPO ELÍAS PARROQUIA FERNÁNDEZ PEÑA',5,'','',''),(6940,'CONSEJO COMUNAL LUIS OMAR SULBARAN ESTADO MERIDA MUNICIPIO CAMPO ELÍAS PARROQUIA FERNÁNDEZ PEÑA',5,'','',''),(6941,'CONSEJO COMUNAL LOS CARDONES DE LA CUESTA ESTADO MERIDA MUNICIPIO CAMPO ELÍAS PARROQUIA FERNÁNDEZ PEÑA',5,'','',''),(6942,'CONSEJO COMUNAL DON LUIS ESTADO MERIDA MUNICIPIO CAMPO ELÍAS PARROQUIA FERNÁNDEZ PEÑA',5,'','',''),(6943,'CONSEJO COMUNAL NUESTRA SEÑORA DE LOURDES 2 ESTADO MERIDA MUNICIPIO CAMPO ELÍAS PARROQUIA FERNÁNDEZ PEÑA',5,'','',''),(6944,'CONSEJO COMUNAL LA VEGA ESTADO MERIDA MUNICIPIO CAMPO ELÍAS PARROQUIA FERNÁNDEZ PEÑA',5,'','',''),(6945,'CONSEJO COMUNAL LOS ROSALES ESTADO MERIDA MUNICIPIO CAMPO ELÍAS PARROQUIA FERNÁNDEZ PEÑA',5,'','',''),(6946,'CONSEJO COMUNAL PIE LOMA EL GUAYABAL ESTADO MERIDA MUNICIPIO CAMPO ELÍAS PARROQUIA FERNÁNDEZ PEÑA',5,'','',''),(6947,'CONSEJO COMUNAL SAN ONOFRE ESTADO MERIDA MUNICIPIO CAMPO ELÍAS PARROQUIA FERNÁNDEZ PEÑA',5,'','',''),(6948,'CONSEJO COMUNAL LOMA EL GUAYABAL ESTADO MERIDA MUNICIPIO CAMPO ELÍAS PARROQUIA FERNÁNDEZ PEÑA',5,'','',''),(6949,'CONSEJO COMUNAL POZO HONDO ESTADO MERIDA MUNICIPIO CAMPO ELÍAS PARROQUIA FERNÁNDEZ PEÑA',5,'','',''),(6950,'CONSEJO COMUNAL LLANO GRANDE ESTADO MERIDA MUNICIPIO CAMPO ELÍAS PARROQUIA FERNÁNDEZ PEÑA',5,'','',''),(6951,'CONSEJO COMUNAL LA VEGA PARTE BAJA ESTADO MERIDA MUNICIPIO CAMPO ELÍAS PARROQUIA FERNÁNDEZ PEÑA',5,'','',''),(6952,'CONSEJO COMUNAL LOS ROSALES ESTADO MERIDA MUNICIPIO CAMPO ELÍAS PARROQUIA FERNÁNDEZ PEÑA',5,'','',''),(6953,'CONSEJO COMUNAL MESA SECA ESTADO MERIDA MUNICIPIO CAMPO ELÍAS PARROQUIA FERNÁNDEZ PEÑA',5,'','',''),(6954,'CONSEJO COMUNAL MOQUEO ESTADO MERIDA MUNICIPIO CAMPO ELÍAS PARROQUIA FERNÁNDEZ PEÑA',5,'','',''),(6955,'CONSEJO COMUNAL RIO NEGRO ESTADO MERIDA MUNICIPIO CAMPO ELÍAS PARROQUIA FERNÁNDEZ PEÑA',5,'','',''),(6956,'CONSEJO COMUNAL EL MOLINO I ESTADO MERIDA MUNICIPIO CAMPO ELÍAS PARROQUIA FERNÁNDEZ PEÑA',5,'','',''),(6957,'CONSEJO COMUNAL FRANCISCO DE MIRANDA 281 ESTADO MERIDA MUNICIPIO CAMPO ELÍAS PARROQUIA FERNÁNDEZ PEÑA',5,'','',''),(6958,'CONSEJO COMUNAL EL PIÑAL ESTADO MERIDA MUNICIPIO CAMPO ELÍAS PARROQUIA FERNÁNDEZ PEÑA',5,'','',''),(6959,'CONSEJO COMUNAL ESCUQUE ESTADO MERIDA MUNICIPIO CAMPO ELÍAS PARROQUIA FERNÁNDEZ PEÑA',5,'','',''),(6960,'CONSEJO COMUNAL LAS MESITAS DE LOS HIGUERONES ESTADO MERIDA MUNICIPIO CAMPO ELÍAS PARROQUIA FERNÁNDEZ PEÑA',5,'','',''),(6961,'CONSEJO COMUNAL TRIGAL MARTINICA ESTADO MERIDA MUNICIPIO CAMPO ELÍAS PARROQUIA MATRIZ',5,'','',''),(6962,'CONSEJO COMUNAL CALLE LARA ESTADO MERIDA MUNICIPIO CAMPO ELÍAS PARROQUIA MATRIZ',5,'','',''),(6963,'CONSEJO COMUNAL SAN BENITO 2 ESTADO MERIDA MUNICIPIO CAMPO ELÍAS PARROQUIA MATRIZ',5,'','',''),(6964,'CONSEJO COMUNAL 22 DE MARZO ESTADO MERIDA MUNICIPIO CAMPO ELÍAS PARROQUIA MATRIZ',5,'','',''),(6965,'CONSEJO COMUNAL CARLOS SANCHEZ CALLE 6 7 8 ESTADO MERIDA MUNICIPIO CAMPO ELÍAS PARROQUIA MATRIZ',5,'','',''),(6966,'CONSEJO COMUNAL SAN ISIDRO PARTE BAJA ESTADO MERIDA MUNICIPIO CAMPO ELÍAS PARROQUIA MATRIZ',5,'','',''),(6967,'CONSEJO COMUNAL SAN RAFAEL 2 ESTADO MERIDA MUNICIPIO CAMPO ELÍAS PARROQUIA MATRIZ',5,'','',''),(6968,'CONSEJO COMUNAL ALI PRIMERA 91011 ESTADO MERIDA MUNICIPIO CAMPO ELÍAS PARROQUIA MATRIZ',5,'','',''),(6969,'CONSEJO COMUNAL EL COBRE ESTADO MERIDA MUNICIPIO CAMPO ELÍAS PARROQUIA MATRIZ',5,'','',''),(6970,'CONSEJO COMUNAL JOSE ADELMO GUTIERREZ PARTE BAJA ESTADO MERIDA MUNICIPIO CAMPO ELÍAS PARROQUIA MATRIZ',5,'','',''),(6971,'CONSEJO COMUNAL ZUMBA LA FLORIDA ESTADO MERIDA MUNICIPIO CAMPO ELÍAS PARROQUIA MATRIZ',5,'','',''),(6972,'CONSEJO COMUNAL EL QUEBRADON ESTADO MERIDA MUNICIPIO CAMPO ELÍAS PARROQUIA MATRIZ',5,'','',''),(6973,'CONSEJO COMUNAL MONTE REY I ESTADO MERIDA MUNICIPIO CAMPO ELÍAS PARROQUIA MATRIZ',5,'','',''),(6974,'CONSEJO COMUNAL EL MORALITO ESTADO MERIDA MUNICIPIO CAMPO ELÍAS PARROQUIA MATRIZ',5,'','',''),(6975,'CONSEJO COMUNAL CARLOS SANCHEZ 1 2 3 4 5 ESTADO MERIDA MUNICIPIO CAMPO ELÍAS PARROQUIA MATRIZ',5,'','',''),(6976,'CONSEJO COMUNAL ALTOS LOS GUAYABOS ESTADO MERIDA MUNICIPIO CAMPO ELÍAS PARROQUIA MATRIZ',5,'','',''),(6977,'CONSEJO COMUNAL JOVENES EN REVOLUCION ESTADO MERIDA MUNICIPIO CAMPO ELÍAS PARROQUIA MATRIZ',5,'','',''),(6978,'CONSEJO COMUNAL LA ENTRADA ESTADO MERIDA MUNICIPIO CAMPO ELÍAS PARROQUIA MATRIZ',5,'','',''),(6979,'CONSEJO COMUNAL EL PASO DE BOLIVAR ESTADO MERIDA MUNICIPIO CAMPO ELÍAS PARROQUIA MATRIZ',5,'','',''),(6980,'CONSEJO COMUNAL LA CUJI DE LA VIRGEN ESTADO MERIDA MUNICIPIO CAMPO ELÍAS PARROQUIA MATRIZ',5,'','',''),(6981,'CONSEJO COMUNAL ALI PRIMERA ESTADO MERIDA MUNICIPIO CAMPO ELÍAS PARROQUIA MATRIZ',5,'','',''),(6982,'CONSEJO COMUNAL LOMA DE SAN MIGUEL PARTE ALTA ESTADO MERIDA MUNICIPIO CAMPO ELÍAS PARROQUIA MATRIZ',5,'','',''),(6983,'CONSEJO COMUNAL EL SOL BRILLA PARA TODOS ESTADO MERIDA MUNICIPIO CAMPO ELÍAS PARROQUIA MATRIZ',5,'','',''),(6984,'CONSEJO COMUNAL EZEQUIEL ZAMORA ESTADO MERIDA MUNICIPIO CAMPO ELÍAS PARROQUIA MATRIZ',5,'','',''),(6985,'CONSEJO COMUNAL EL MIRADOR ESTADO MERIDA MUNICIPIO CAMPO ELÍAS PARROQUIA MATRIZ',5,'','',''),(6986,'CONSEJO COMUNAL LA CAMPIÑA ESTADO MERIDA MUNICIPIO CAMPO ELÍAS PARROQUIA MATRIZ',5,'','',''),(6987,'CONSEJO COMUNAL LA TANQUILLA PARTE ALTA ESTADO MERIDA MUNICIPIO CAMPO ELÍAS PARROQUIA MATRIZ',5,'','',''),(6988,'CONSEJO COMUNAL SANTA EDUVIGES AGUAS CALIENTES ESTADO MERIDA MUNICIPIO CAMPO ELÍAS PARROQUIA MATRIZ',5,'','',''),(6989,'CONSEJO COMUNAL LA LAGUNITA ESTADO MERIDA MUNICIPIO CAMPO ELÍAS PARROQUIA MATRIZ',5,'','',''),(6990,'CONSEJO COMUNAL LA RANCHERIA LA CAPILLA ESTADO MERIDA MUNICIPIO CAMPO ELÍAS PARROQUIA MATRIZ',5,'','',''),(6991,'CONSEJO COMUNAL SAN MIGUEL ESTADO MERIDA MUNICIPIO CAMPO ELÍAS PARROQUIA MATRIZ',5,'','',''),(6992,'CONSEJO COMUNAL VILLA LARA ESTADO MERIDA MUNICIPIO CAMPO ELÍAS PARROQUIA MATRIZ',5,'','',''),(6993,'CONSEJO COMUNAL SAN BENITO ESTADO MERIDA MUNICIPIO CAMPO ELÍAS PARROQUIA MATRIZ',5,'','',''),(6994,'CONSEJO COMUNAL LA PORTUGUESA ESTADO MERIDA MUNICIPIO CAMPO ELÍAS PARROQUIA MATRIZ',5,'','',''),(6995,'CONSEJO COMUNAL CRISTO CAMEJO CENTENARIO ESTADO MERIDA MUNICIPIO CAMPO ELÍAS PARROQUIA MATRIZ',5,'','',''),(6996,'CONSEJO COMUNAL CARABOBO ESTADO MERIDA MUNICIPIO CAMPO ELÍAS PARROQUIA MATRIZ',5,'','',''),(6997,'CONSEJO COMUNAL EL PALMO LOS OLIVOS ESTADO MERIDA MUNICIPIO CAMPO ELÍAS PARROQUIA MATRIZ',5,'','',''),(6998,'CONSEJO COMUNAL AGUAS CALIENTES SANTA CRUZ ESTADO MERIDA MUNICIPIO CAMPO ELÍAS PARROQUIA MATRIZ',5,'','',''),(6999,'CONSEJO COMUNAL SAN RAFAEL I CALLES 6 7 8 9 10 (URB HACIENDA SAN RAFAEL I) ESTADO MERIDA MUNICIPIO CAMPO ELÍAS PARROQUIA MATRIZ',5,'','',''),(7000,'CONSEJO COMUNAL SAN MARTIN ESTADO MERIDA MUNICIPIO CAMPO ELÍAS PARROQUIA MATRIZ',5,'','',''),(7001,'CONSEJO COMUNAL SAN BUENAVENTURA ESTADO MERIDA MUNICIPIO CAMPO ELÍAS PARROQUIA MATRIZ',5,'','',''),(7002,'CONSEJO COMUNAL BELLA VISTA ESTADO MERIDA MUNICIPIO CAMPO ELÍAS PARROQUIA MATRIZ',5,'','',''),(7003,'CONSEJO COMUNAL LOMA DE SAN MIGUEL SECTOR B ESTADO MERIDA MUNICIPIO CAMPO ELÍAS PARROQUIA MATRIZ',5,'','',''),(7004,'CONSEJO COMUNAL LAS MONJAS ESTADO MERIDA MUNICIPIO CAMPO ELÍAS PARROQUIA MATRIZ',5,'','',''),(7005,'CONSEJO COMUNAL EL PALMO BAJO ESTADO MERIDA MUNICIPIO CAMPO ELÍAS PARROQUIA MATRIZ',5,'','',''),(7006,'CONSEJO COMUNAL EL HATICO ESTADO MERIDA MUNICIPIO CAMPO ELÍAS PARROQUIA MONTALBÁN',5,'','',''),(7007,'CONSEJO COMUNAL EL CONDOR ESTADO MERIDA MUNICIPIO CAMPO ELÍAS PARROQUIA MONTALBÁN',5,'','',''),(7008,'CONSEJO COMUNAL PARAMO DE LOS CONEJOS ESTADO MERIDA MUNICIPIO CAMPO ELÍAS PARROQUIA MONTALBÁN',5,'','',''),(7009,'CONSEJO COMUNAL CEIBAL ESTADO MERIDA MUNICIPIO CAMPO ELÍAS PARROQUIA MONTALBÁN',5,'','',''),(7010,'CONSEJO COMUNAL VILLA PARAISO ESTADO MERIDA MUNICIPIO CAMPO ELÍAS PARROQUIA MONTALBÁN',5,'','',''),(7011,'CONSEJO COMUNAL ALFREDO LARA ESTADO MERIDA MUNICIPIO CAMPO ELÍAS PARROQUIA MONTALBÁN',5,'','',''),(7012,'CONSEJO COMUNAL SAN ISIDRO LABRADOR ESTADO MERIDA MUNICIPIO CAMPO ELÍAS PARROQUIA MONTALBÁN',5,'','',''),(7013,'CONSEJO COMUNAL SALADO ALTO ESTADO MERIDA MUNICIPIO CAMPO ELÍAS PARROQUIA MONTALBÁN',5,'','',''),(7014,'CONSEJO COMUNAL LOS VILCHEZ ESTADO MERIDA MUNICIPIO CAMPO ELÍAS PARROQUIA MONTALBÁN',5,'','',''),(7015,'CONSEJO COMUNAL LA MONTAÑITA ANDINA ESTADO MERIDA MUNICIPIO CAMPO ELÍAS PARROQUIA MONTALBÁN',5,'','',''),(7016,'CONSEJO COMUNAL URB EL PILAR BLOQUES 01 AL 19 ESTADO MERIDA MUNICIPIO CAMPO ELÍAS PARROQUIA MONTALBÁN',5,'','',''),(7017,'CONSEJO COMUNAL LA MANSION DEL PORVENIR ESTADO MERIDA MUNICIPIO CAMPO ELÍAS PARROQUIA MONTALBÁN',5,'','',''),(7018,'CONSEJO COMUNAL MANZANO BAJO ESTADO MERIDA MUNICIPIO CAMPO ELÍAS PARROQUIA MONTALBÁN',5,'','',''),(7019,'CONSEJO COMUNAL LAS CRUCES ESTADO MERIDA MUNICIPIO CAMPO ELÍAS PARROQUIA MONTALBÁN',5,'','',''),(7020,'CONSEJO COMUNAL LA AGUADA LOS HIJOS DE BOLIVAR ESTADO MERIDA MUNICIPIO CAMPO ELÍAS PARROQUIA MONTALBÁN',5,'','',''),(7021,'CONSEJO COMUNAL PAN DE AZUCAR ESTADO MERIDA MUNICIPIO CAMPO ELÍAS PARROQUIA MONTALBÁN',5,'','',''),(7022,'CONSEJO COMUNAL LOMA DE LOS ANGELES ESTADO MERIDA MUNICIPIO CAMPO ELÍAS PARROQUIA MONTALBÁN',5,'','',''),(7023,'CONSEJO COMUNAL EL PILAR 4 Y 5 ETAPA ESTADO MERIDA MUNICIPIO CAMPO ELÍAS PARROQUIA MONTALBÁN',5,'','',''),(7024,'CONSEJO COMUNAL RIVAS DAVILA ESTADO MERIDA MUNICIPIO CAMPO ELÍAS PARROQUIA MONTALBÁN',5,'','',''),(7025,'CONSEJO COMUNAL MANZANO ALTO ESTADO MERIDA MUNICIPIO CAMPO ELÍAS PARROQUIA MONTALBÁN',5,'','',''),(7026,'CONSEJO COMUNAL ANTIGUA HACIENDA EL CARMEN ESTADO MERIDA MUNICIPIO CAMPO ELÍAS PARROQUIA MONTALBÁN',5,'','',''),(7027,'CONSEJO COMUNAL EL CARMEN ESTADO MERIDA MUNICIPIO CAMPO ELÍAS PARROQUIA MONTALBÁN',5,'','',''),(7028,'CONSEJO COMUNAL PADRE DUQUE ESTADO MERIDA MUNICIPIO CAMPO ELÍAS PARROQUIA MONTALBÁN',5,'','',''),(7029,'CONSEJO COMUNAL SAN ISIDRO ALTO ESTADO MERIDA MUNICIPIO CAMPO ELÍAS PARROQUIA MONTALBÁN',5,'','',''),(7030,'CONSEJO COMUNAL VISTA HERMOSA 208 ESTADO MERIDA MUNICIPIO CAMPO ELÍAS PARROQUIA MONTALBÁN',5,'','',''),(7031,'CONSEJO COMUNAL ASOBARILLA ESTADO MERIDA MUNICIPIO CAMPO ELÍAS PARROQUIA MONTALBÁN',5,'','',''),(7032,'CONSEJO COMUNAL VILLAS DEL MANZANO ESTADO MERIDA MUNICIPIO CAMPO ELÍAS PARROQUIA MONTALBÁN',5,'','',''),(7033,'CONSEJO COMUNAL NUESTRA SEÑORA DE LOURDES ESTADO MERIDA MUNICIPIO CAMPO ELÍAS PARROQUIA MONTALBÁN',5,'','',''),(7034,'CONSEJO COMUNAL EL BOTICARIO PARTE ALTA ESTADO MERIDA MUNICIPIO CAMPO ELÍAS PARROQUIA MONTALBÁN',5,'','',''),(7035,'CONSEJO COMUNAL LAS CARMELITAS ESTADO MERIDA MUNICIPIO CAMPO ELÍAS PARROQUIA MONTALBÁN',5,'','',''),(7036,'CONSEJO COMUNAL LA CALERA ESTADO MERIDA MUNICIPIO CAMPO ELÍAS PARROQUIA MONTALBÁN',5,'','',''),(7037,'CONSEJO COMUNAL VILLA ESPERANZA ESTADO MERIDA MUNICIPIO CAMPO ELÍAS PARROQUIA MONTALBÁN',5,'','',''),(7038,'CONSEJO COMUNAL SALADO MEDIO ESTADO MERIDA MUNICIPIO CAMPO ELÍAS PARROQUIA MONTALBÁN',5,'','',''),(7039,'CONSEJO COMUNAL EL MANZANITO ESTADO MERIDA MUNICIPIO CAMPO ELÍAS PARROQUIA MONTALBÁN',5,'','',''),(7040,'CONSEJO COMUNAL MUCUSA ESTADO MERIDA MUNICIPIO CAMPO ELÍAS PARROQUIA ACEQUIAS',5,'','',''),(7041,'CONSEJO COMUNAL MUCUSURU ESTADO MERIDA MUNICIPIO CAMPO ELÍAS PARROQUIA ACEQUIAS',5,'','',''),(7042,'CONSEJO COMUNAL EL HATICO MOCHERE ESTADO MERIDA MUNICIPIO CAMPO ELÍAS PARROQUIA ACEQUIAS',5,'','',''),(7043,'CONSEJO COMUNAL SAN PEDRO ESTADO MERIDA MUNICIPIO CAMPO ELÍAS PARROQUIA ACEQUIAS',5,'','',''),(7044,'CONSEJO COMUNAL SAN ANTONIO DE PADUA ESTADO MERIDA MUNICIPIO CAMPO ELÍAS PARROQUIA ACEQUIAS',5,'','',''),(7045,'CONSEJO COMUNAL EL CHICORIAL ESTADO MERIDA MUNICIPIO CAMPO ELÍAS PARROQUIA JAJÍ',5,'','',''),(7046,'CONSEJO COMUNAL LAS DESPENSAS ESTADO MERIDA MUNICIPIO CAMPO ELÍAS PARROQUIA JAJÍ',5,'','',''),(7047,'CONSEJO COMUNAL LA CARBONERA I ESTADO MERIDA MUNICIPIO CAMPO ELÍAS PARROQUIA JAJÍ',5,'','',''),(7048,'CONSEJO COMUNAL EL BORBOLLON ESTADO MERIDA MUNICIPIO CAMPO ELÍAS PARROQUIA JAJÍ',5,'','',''),(7049,'CONSEJO COMUNAL MUCUBANGA BAJA ESTADO MERIDA MUNICIPIO CAMPO ELÍAS PARROQUIA JAJÍ',5,'','',''),(7050,'CONSEJO COMUNAL LOMA DEL PEDREGAL ESTADO MERIDA MUNICIPIO CAMPO ELÍAS PARROQUIA JAJÍ',5,'','',''),(7051,'CONSEJO COMUNAL PALO NEGRO MEDIO ESTADO MERIDA MUNICIPIO CAMPO ELÍAS PARROQUIA JAJÍ',5,'','',''),(7052,'CONSEJO COMUNAL PALO NEGRO ALTO ESTADO MERIDA MUNICIPIO CAMPO ELÍAS PARROQUIA JAJÍ',5,'','',''),(7053,'CONSEJO COMUNAL LA PLAYA PARTE BAJA ESTADO MERIDA MUNICIPIO CAMPO ELÍAS PARROQUIA JAJÍ',5,'','',''),(7054,'CONSEJO COMUNAL EL RENACER ESTADO MERIDA MUNICIPIO CAMPO ELÍAS PARROQUIA JAJÍ',5,'','',''),(7055,'CONSEJO COMUNAL EL CHAMIZAL ESTADO MERIDA MUNICIPIO CAMPO ELÍAS PARROQUIA JAJÍ',5,'','',''),(7056,'CONSEJO COMUNAL COMUNA CRISTO JAJI ESTADO MERIDA MUNICIPIO CAMPO ELÍAS PARROQUIA JAJÍ',5,'','',''),(7057,'CONSEJO COMUNAL MUCUBANGA ALTA ESTADO MERIDA MUNICIPIO CAMPO ELÍAS PARROQUIA JAJÍ',5,'','',''),(7058,'CONSEJO COMUNAL MUCUNDU ALTO ESTADO MERIDA MUNICIPIO CAMPO ELÍAS PARROQUIA JAJÍ',5,'','',''),(7059,'CONSEJO COMUNAL SAN ISIDRO ALTO ESTADO MERIDA MUNICIPIO CAMPO ELÍAS PARROQUIA JAJÍ',5,'','',''),(7060,'CONSEJO COMUNAL EL SUAREZ ESTADO MERIDA MUNICIPIO CAMPO ELÍAS PARROQUIA JAJÍ',5,'','',''),(7061,'CONSEJO COMUNAL EL PARAMITO MISTAJA ESTADO MERIDA MUNICIPIO CAMPO ELÍAS PARROQUIA JAJÍ',5,'','',''),(7062,'CONSEJO COMUNAL EL RAMO ESTADO MERIDA MUNICIPIO CAMPO ELÍAS PARROQUIA JAJÍ',5,'','',''),(7063,'CONSEJO COMUNAL SILENCIO BAJO ESTADO MERIDA MUNICIPIO CAMPO ELÍAS PARROQUIA JAJÍ',5,'','',''),(7064,'CONSEJO COMUNAL LOMA DEL CARMEN ESTADO MERIDA MUNICIPIO CAMPO ELÍAS PARROQUIA JAJÍ',5,'','',''),(7065,'CONSEJO COMUNAL MIRAFLORES BAJO ESTADO MERIDA MUNICIPIO CAMPO ELÍAS PARROQUIA JAJÍ',5,'','',''),(7066,'CONSEJO COMUNAL VISTA AL SUR ESTADO MERIDA MUNICIPIO CAMPO ELÍAS PARROQUIA JAJÍ',5,'','',''),(7067,'CONSEJO COMUNAL SANTO NIÑO DE LA CUCHILLA ESTADO MERIDA MUNICIPIO CAMPO ELÍAS PARROQUIA JAJÍ',5,'','',''),(7068,'CONSEJO COMUNAL LA QUEBRADA ESTADO MERIDA MUNICIPIO CAMPO ELÍAS PARROQUIA JAJÍ',5,'','',''),(7069,'CONSEJO COMUNAL LOMA DEL ROSARIO ESTADO MERIDA MUNICIPIO CAMPO ELÍAS PARROQUIA JAJÍ',5,'','',''),(7070,'CONSEJO COMUNAL LAS CRUCES LOS NARANJOS ESTADO MERIDA MUNICIPIO CAMPO ELÍAS PARROQUIA JAJÍ',5,'','',''),(7071,'CONSEJO COMUNAL LA CUCHILLA 1 MIRAFLORES ALTO ESTADO MERIDA MUNICIPIO CAMPO ELÍAS PARROQUIA JAJÍ',5,'','',''),(7072,'CONSEJO COMUNAL VILLA DEL ROSARIO ESTADO MERIDA MUNICIPIO CAMPO ELÍAS PARROQUIA JAJÍ',5,'','',''),(7073,'CONSEJO COMUNAL PALO NEGRO BAJO ESTADO MERIDA MUNICIPIO CAMPO ELÍAS PARROQUIA JAJÍ',5,'','',''),(7074,'CONSEJO COMUNAL EL SILENCIO PARTE ALTA ESTADO MERIDA MUNICIPIO CAMPO ELÍAS PARROQUIA JAJÍ',5,'','',''),(7075,'CONSEJO COMUNAL EL ARENAL ESTADO MERIDA MUNICIPIO CAMPO ELÍAS PARROQUIA LA MESA',5,'','',''),(7076,'CONSEJO COMUNAL LA VEGA LAS GONZALEZ ESTADO MERIDA MUNICIPIO CAMPO ELÍAS PARROQUIA LA MESA',5,'','',''),(7077,'CONSEJO COMUNAL LA QUEBRADA PARTE BAJA ESTADO MERIDA MUNICIPIO CAMPO ELÍAS PARROQUIA LA MESA',5,'','',''),(7078,'CONSEJO COMUNAL SAN RAFAEL ESTADO MERIDA MUNICIPIO CAMPO ELÍAS PARROQUIA LA MESA',5,'','',''),(7079,'CONSEJO COMUNAL LA ESMERALDA ESTADO MERIDA MUNICIPIO CAMPO ELÍAS PARROQUIA LA MESA',5,'','',''),(7080,'CONSEJO COMUNAL JULIO CESAR DAVILA ESTADO MERIDA MUNICIPIO CAMPO ELÍAS PARROQUIA LA MESA',5,'','',''),(7081,'CONSEJO COMUNAL SANTO NIÑO ESTADO MERIDA MUNICIPIO CAMPO ELÍAS PARROQUIA LA MESA',5,'','',''),(7082,'CONSEJO COMUNAL ROSAS NUEVAS PARTE ALTA ESTADO MERIDA MUNICIPIO CAMPO ELÍAS PARROQUIA LA MESA',5,'','',''),(7083,'CONSEJO COMUNAL EL PORTACHUELO ESTADO MERIDA MUNICIPIO CAMPO ELÍAS PARROQUIA LA MESA',5,'','',''),(7084,'CONSEJO COMUNAL SANTA ROSALIA ESTADO MERIDA MUNICIPIO CAMPO ELÍAS PARROQUIA LA MESA',5,'','',''),(7085,'CONSEJO COMUNAL CACAGUAL ALTO MUCUSIRI ESTADO MERIDA MUNICIPIO CAMPO ELÍAS PARROQUIA LA MESA',5,'','',''),(7086,'CONSEJO COMUNAL DON GERONIMO ESTADO MERIDA MUNICIPIO CAMPO ELÍAS PARROQUIA LA MESA',5,'','',''),(7087,'CONSEJO COMUNAL SULBARAN ESTADO MERIDA MUNICIPIO CAMPO ELÍAS PARROQUIA LA MESA',5,'','',''),(7088,'CONSEJO COMUNAL MUCUMPIZ ESTADO MERIDA MUNICIPIO CAMPO ELÍAS PARROQUIA SAN JOSÉ DEL SUR',5,'','',''),(7089,'CONSEJO COMUNAL EL PUEBLO SAN JOSE ESTADO MERIDA MUNICIPIO CAMPO ELÍAS PARROQUIA SAN JOSÉ DEL SUR',5,'','',''),(7090,'CONSEJO COMUNAL MUCUAMBIN ESTADO MERIDA MUNICIPIO CAMPO ELÍAS PARROQUIA SAN JOSÉ DEL SUR',5,'','',''),(7091,'CONSEJO COMUNAL EL TROMPILLO ESTADO MERIDA MUNICIPIO CAMPO ELÍAS PARROQUIA SAN JOSÉ DEL SUR',5,'','',''),(7092,'CONSEJO COMUNAL LA ENCHALA SANTA TERESITA ESTADO MERIDA MUNICIPIO CARACCIOLO PARRA Y OLMEDO PARROQUIA TUCANI',5,'','',''),(7093,'CONSEJO COMUNAL LOS BARZALES ESTADO MERIDA MUNICIPIO CARACCIOLO PARRA Y OLMEDO PARROQUIA TUCANI',5,'','',''),(7094,'CONSEJO COMUNAL TUCANCITO ESTADO MERIDA MUNICIPIO CARACCIOLO PARRA Y OLMEDO PARROQUIA TUCANI',5,'','',''),(7095,'CONSEJO COMUNAL INCHALA SANTA TERESITA ESTADO MERIDA MUNICIPIO CARACCIOLO PARRA Y OLMEDO PARROQUIA TUCANI',5,'','',''),(7096,'CONSEJO COMUNAL MONTE BELLO BAJO ESTADO MERIDA MUNICIPIO CARACCIOLO PARRA Y OLMEDO PARROQUIA TUCANI',5,'','',''),(7097,'CONSEJO COMUNAL EDECIO LA RIVA ARAUJO ESTADO MERIDA MUNICIPIO CARACCIOLO PARRA Y OLMEDO PARROQUIA TUCANI',5,'','',''),(7098,'CONSEJO COMUNAL LA REDOMA RIO BONITO BAJO ESTADO MERIDA MUNICIPIO CARACCIOLO PARRA Y OLMEDO PARROQUIA TUCANI',5,'','',''),(7099,'CONSEJO COMUNAL CAMELLONES LA PLATA ESTADO MERIDA MUNICIPIO CARACCIOLO PARRA Y OLMEDO PARROQUIA TUCANI',5,'','',''),(7100,'CONSEJO COMUNAL RESIDENCIA TUCANI ESTADO MERIDA MUNICIPIO CARACCIOLO PARRA Y OLMEDO PARROQUIA TUCANI',5,'','',''),(7101,'CONSEJO COMUNAL LA GRAN PARADA MESA JULIA ALTA ESTADO MERIDA MUNICIPIO CARACCIOLO PARRA Y OLMEDO PARROQUIA TUCANI',5,'','',''),(7102,'CONSEJO COMUNAL UNION BAJO ESTADO MERIDA MUNICIPIO CARACCIOLO PARRA Y OLMEDO PARROQUIA TUCANI',5,'','',''),(7103,'CONSEJO COMUNAL SAN JUAN DEL CHARAL ESTADO MERIDA MUNICIPIO CARACCIOLO PARRA Y OLMEDO PARROQUIA TUCANI',5,'','',''),(7104,'CONSEJO COMUNAL BELLO MONTE ESTADO MERIDA MUNICIPIO CARACCIOLO PARRA Y OLMEDO PARROQUIA TUCANI',5,'','',''),(7105,'CONSEJO COMUNAL EL HELECHAL ESTADO MERIDA MUNICIPIO CARACCIOLO PARRA Y OLMEDO PARROQUIA TUCANI',5,'','',''),(7106,'CONSEJO COMUNAL ROCKOLITA BAJA ESTADO MERIDA MUNICIPIO CARACCIOLO PARRA Y OLMEDO PARROQUIA TUCANI',5,'','',''),(7107,'CONSEJO COMUNAL BERVERE ESTADO MERIDA MUNICIPIO CARACCIOLO PARRA Y OLMEDO PARROQUIA TUCANI',5,'','',''),(7108,'CONSEJO COMUNAL LA MARISELA ALTA ESTADO MERIDA MUNICIPIO CARACCIOLO PARRA Y OLMEDO PARROQUIA TUCANI',5,'','',''),(7109,'CONSEJO COMUNAL MESA JULIA MEDIA ESTADO MERIDA MUNICIPIO CARACCIOLO PARRA Y OLMEDO PARROQUIA TUCANI',5,'','',''),(7110,'CONSEJO COMUNAL MORRO AZUL ESTADO MERIDA MUNICIPIO CARACCIOLO PARRA Y OLMEDO PARROQUIA TUCANI',5,'','',''),(7111,'CONSEJO COMUNAL UNION ESTADO MERIDA MUNICIPIO CARACCIOLO PARRA Y OLMEDO PARROQUIA TUCANI',5,'','',''),(7112,'CONSEJO COMUNAL LA INMACULADA ESTADO MERIDA MUNICIPIO CARACCIOLO PARRA Y OLMEDO PARROQUIA TUCANI',5,'','',''),(7113,'CONSEJO COMUNAL MONTE BELLO ALTO ESTADO MERIDA MUNICIPIO CARACCIOLO PARRA Y OLMEDO PARROQUIA TUCANI',5,'','',''),(7114,'CONSEJO COMUNAL COSTA RICA UNO LAS PALMITAS DE SAN BENITO ESTADO MERIDA MUNICIPIO CARACCIOLO PARRA Y OLMEDO PARROQUIA TUCANI',5,'','',''),(7115,'CONSEJO COMUNAL ANDRES BELLO ESTADO MERIDA MUNICIPIO CARACCIOLO PARRA Y OLMEDO PARROQUIA TUCANI',5,'','',''),(7116,'CONSEJO COMUNAL CAMELLON SAN RAFAEL ESTADO MERIDA MUNICIPIO CARACCIOLO PARRA Y OLMEDO PARROQUIA TUCANI',5,'','',''),(7117,'CONSEJO COMUNAL SAN BENITO DEL CHARAL ESTADO MERIDA MUNICIPIO CARACCIOLO PARRA Y OLMEDO PARROQUIA TUCANI',5,'','',''),(7118,'CONSEJO COMUNAL PUERTO GRANDE ESTADO MERIDA MUNICIPIO CARACCIOLO PARRA Y OLMEDO PARROQUIA TUCANI',5,'','',''),(7119,'CONSEJO COMUNAL MESITAS EL RINCON ESTADO MERIDA MUNICIPIO CARACCIOLO PARRA Y OLMEDO PARROQUIA TUCANI',5,'','',''),(7120,'CONSEJO COMUNAL EL CHARAL ESTADO MERIDA MUNICIPIO CARACCIOLO PARRA Y OLMEDO PARROQUIA TUCANI',5,'','',''),(7121,'CONSEJO COMUNAL RIO BONITO BAJO ESTADO MERIDA MUNICIPIO CARACCIOLO PARRA Y OLMEDO PARROQUIA TUCANI',5,'','',''),(7122,'CONSEJO COMUNAL MONTE BELLO EL MIRADOR ESTADO MERIDA MUNICIPIO CARACCIOLO PARRA Y OLMEDO PARROQUIA TUCANI',5,'','',''),(7123,'CONSEJO COMUNAL 3 DE OCTUBRE ESTADO MERIDA MUNICIPIO CARACCIOLO PARRA Y OLMEDO PARROQUIA TUCANI',5,'','',''),(7124,'CONSEJO COMUNAL RIO BONITO ALTO ESTADO MERIDA MUNICIPIO CARACCIOLO PARRA Y OLMEDO PARROQUIA TUCANI',5,'','',''),(7125,'CONSEJO COMUNAL MESA DEL PALMAR ESTADO MERIDA MUNICIPIO CARACCIOLO PARRA Y OLMEDO PARROQUIA TUCANI',5,'','',''),(7126,'CONSEJO COMUNAL INAVI TUCANI ESTADO MERIDA MUNICIPIO CARACCIOLO PARRA Y OLMEDO PARROQUIA TUCANI',5,'','',''),(7127,'CONSEJO COMUNAL EL CARMEN TUCANI ESTADO MERIDA MUNICIPIO CARACCIOLO PARRA Y OLMEDO PARROQUIA TUCANI',5,'','',''),(7128,'CONSEJO COMUNAL EL PARAISO ESTADO MERIDA MUNICIPIO CARACCIOLO PARRA Y OLMEDO PARROQUIA TUCANI',5,'','',''),(7129,'CONSEJO COMUNAL LA TRINIDAD ESTADO MERIDA MUNICIPIO CARACCIOLO PARRA Y OLMEDO PARROQUIA TUCANI',5,'','',''),(7130,'CONSEJO COMUNAL SAN ISIDRO MESA JULIA BAJA ESTADO MERIDA MUNICIPIO CARACCIOLO PARRA Y OLMEDO PARROQUIA TUCANI',5,'','',''),(7131,'CONSEJO COMUNAL MESA JULIA BAJO ESTADO MERIDA MUNICIPIO CARACCIOLO PARRA Y OLMEDO PARROQUIA TUCANI',5,'','',''),(7132,'CONSEJO COMUNAL LAS MALVINAS DE EL PINAR ESTADO MERIDA MUNICIPIO CARACCIOLO PARRA Y OLMEDO PARROQUIA TUCANI',5,'','',''),(7133,'CONSEJO COMUNAL DELICIAS DEL CHARAL ESTADO MERIDA MUNICIPIO CARACCIOLO PARRA Y OLMEDO PARROQUIA TUCANI',5,'','',''),(7134,'CONSEJO COMUNAL COLINAS DE TUCANI ESTADO MERIDA MUNICIPIO CARACCIOLO PARRA Y OLMEDO PARROQUIA TUCANI',5,'','',''),(7135,'CONSEJO COMUNAL EL LIBERTADOR ESTADO MERIDA MUNICIPIO CARACCIOLO PARRA Y OLMEDO PARROQUIA TUCANI',5,'','',''),(7136,'CONSEJO COMUNAL LAS MALVINAS ESTADO MERIDA MUNICIPIO CARACCIOLO PARRA Y OLMEDO PARROQUIA TUCANI',5,'','',''),(7137,'CONSEJO COMUNAL EL CURUBAL ESTADO MERIDA MUNICIPIO CARACCIOLO PARRA Y OLMEDO PARROQUIA TUCANI',5,'','',''),(7138,'CONSEJO COMUNAL LA ROCKOLITA I ESTADO MERIDA MUNICIPIO CARACCIOLO PARRA Y OLMEDO PARROQUIA TUCANI',5,'','',''),(7139,'CONSEJO COMUNAL MATA DE CAFÉ ESTADO MERIDA MUNICIPIO CARACCIOLO PARRA Y OLMEDO PARROQUIA TUCANI',5,'','',''),(7140,'CONSEJO COMUNAL LOMAS DEL CURUBAL ESTADO MERIDA MUNICIPIO CARACCIOLO PARRA Y OLMEDO PARROQUIA TUCANI',5,'','',''),(7141,'CONSEJO COMUNAL LA BLOQUERA ESTADO MERIDA MUNICIPIO CARACCIOLO PARRA Y OLMEDO PARROQUIA TUCANI',5,'','',''),(7142,'CONSEJO COMUNAL ZONA NUEVA ESTADO MERIDA MUNICIPIO CARACCIOLO PARRA Y OLMEDO PARROQUIA TUCANI',5,'','',''),(7143,'CONSEJO COMUNAL EL VIJAO ESTADO MERIDA MUNICIPIO CARACCIOLO PARRA Y OLMEDO PARROQUIA TUCANI',5,'','',''),(7144,'CONSEJO COMUNAL COSTA RICA  ESTADO MERIDA MUNICIPIO CARACCIOLO PARRA Y OLMEDO PARROQUIA TUCANI',5,'','',''),(7145,'CONSEJO COMUNAL EL OSO DEL CHARAL ESTADO MERIDA MUNICIPIO CARACCIOLO PARRA Y OLMEDO PARROQUIA TUCANI',5,'','',''),(7146,'CONSEJO COMUNAL MARACAIBITO ESTADO MERIDA MUNICIPIO CARACCIOLO PARRA Y OLMEDO PARROQUIA TUCANI',5,'','',''),(7147,'CONSEJO COMUNAL PUERTO ESCONDIDO ESTADO MERIDA MUNICIPIO CARACCIOLO PARRA Y OLMEDO PARROQUIA TUCANI',5,'','',''),(7148,'CONSEJO COMUNAL AVE MARIA PEDREGAL ESTADO MERIDA MUNICIPIO CARACCIOLO PARRA Y OLMEDO PARROQUIA TUCANI',5,'','',''),(7149,'CONSEJO COMUNAL 2 DE FEBRERO ESTADO MERIDA MUNICIPIO CARACCIOLO PARRA Y OLMEDO PARROQUIA TUCANI',5,'','',''),(7150,'CONSEJO COMUNAL EL MANANTIAL ESTADO MERIDA MUNICIPIO CARACCIOLO PARRA Y OLMEDO PARROQUIA TUCANI',5,'','',''),(7151,'CONSEJO COMUNAL LA FLORIDA MEDIA Y BAJA ESTADO MERIDA MUNICIPIO CARACCIOLO PARRA Y OLMEDO PARROQUIA FLORENCIO RAMÍREZ',5,'','',''),(7152,'CONSEJO COMUNAL EL SILENCIO ESTADO MERIDA MUNICIPIO CARACCIOLO PARRA Y OLMEDO PARROQUIA FLORENCIO RAMÍREZ',5,'','',''),(7153,'CONSEJO COMUNAL LA MADRID ESTADO MERIDA MUNICIPIO CARACCIOLO PARRA Y OLMEDO PARROQUIA FLORENCIO RAMÍREZ',5,'','',''),(7154,'CONSEJO COMUNAL LOS NARANJOS ESTADO MERIDA MUNICIPIO CARACCIOLO PARRA Y OLMEDO PARROQUIA FLORENCIO RAMÍREZ',5,'','',''),(7155,'CONSEJO COMUNAL FUNDO SAN BENITO ESTADO MERIDA MUNICIPIO CARACCIOLO PARRA Y OLMEDO PARROQUIA FLORENCIO RAMÍREZ',5,'','',''),(7156,'CONSEJO COMUNAL RIO FRIO III PARTE ALTA ESTADO MERIDA MUNICIPIO CARACCIOLO PARRA Y OLMEDO PARROQUIA FLORENCIO RAMÍREZ',5,'','',''),(7157,'CONSEJO COMUNAL RIO FRIO MEDIO ESTADO MERIDA MUNICIPIO CARACCIOLO PARRA Y OLMEDO PARROQUIA FLORENCIO RAMÍREZ',5,'','',''),(7158,'CONSEJO COMUNAL FUNDO SAN BENITO ALTO ESTADO MERIDA MUNICIPIO CARACCIOLO PARRA Y OLMEDO PARROQUIA FLORENCIO RAMÍREZ',5,'','',''),(7159,'CONSEJO COMUNAL LA BATEA ESTADO MERIDA MUNICIPIO CARACCIOLO PARRA Y OLMEDO PARROQUIA FLORENCIO RAMÍREZ',5,'','',''),(7160,'CONSEJO COMUNAL EL TESORO ALTO ESTADO MERIDA MUNICIPIO CARACCIOLO PARRA Y OLMEDO PARROQUIA FLORENCIO RAMÍREZ',5,'','',''),(7161,'CONSEJO COMUNAL RIO FRIO PANAMERICANA ESTADO MERIDA MUNICIPIO CARACCIOLO PARRA Y OLMEDO PARROQUIA FLORENCIO RAMÍREZ',5,'','',''),(7162,'CONSEJO COMUNAL VISTA ALEGRE BAJO ESTADO MERIDA MUNICIPIO CARACCIOLO PARRA Y OLMEDO PARROQUIA FLORENCIO RAMÍREZ',5,'','',''),(7163,'CONSEJO COMUNAL CHIMOMO PANAMERICANA ESTADO MERIDA MUNICIPIO CARACCIOLO PARRA Y OLMEDO PARROQUIA FLORENCIO RAMÍREZ',5,'','',''),(7164,'CONSEJO COMUNAL PALMA SOLA ESTADO MERIDA MUNICIPIO CARACCIOLO PARRA Y OLMEDO PARROQUIA FLORENCIO RAMÍREZ',5,'','',''),(7165,'CONSEJO COMUNAL LA FLORIDA PARTE ALTA ESTADO MERIDA MUNICIPIO CARACCIOLO PARRA Y OLMEDO PARROQUIA FLORENCIO RAMÍREZ',5,'','',''),(7166,'CONSEJO COMUNAL LAS CASITAS ESTADO MERIDA MUNICIPIO CARACCIOLO PARRA Y OLMEDO PARROQUIA FLORENCIO RAMÍREZ',5,'','',''),(7167,'CONSEJO COMUNAL TESORO BAJO ESTADO MERIDA MUNICIPIO CARACCIOLO PARRA Y OLMEDO PARROQUIA FLORENCIO RAMÍREZ',5,'','',''),(7168,'CONSEJO COMUNAL EL PINAR CENTRO PANAMERICANA ESTADO MERIDA MUNICIPIO CARACCIOLO PARRA Y OLMEDO PARROQUIA FLORENCIO RAMÍREZ',5,'','',''),(7169,'CONSEJO COMUNAL CAÑO LA YUCA ESTADO MERIDA MUNICIPIO CARACCIOLO PARRA Y OLMEDO PARROQUIA FLORENCIO RAMÍREZ',5,'','',''),(7170,'CONSEJO COMUNAL DELICIAS ALTAS ESTADO MERIDA MUNICIPIO CARACCIOLO PARRA Y OLMEDO PARROQUIA FLORENCIO RAMÍREZ',5,'','',''),(7171,'CONSEJO COMUNAL 19 DE FEBRERO ESTADO MERIDA MUNICIPIO CARACCIOLO PARRA Y OLMEDO PARROQUIA FLORENCIO RAMÍREZ',5,'','',''),(7172,'CONSEJO COMUNAL LA ESMERALDA ESTADO MERIDA MUNICIPIO CARACCIOLO PARRA Y OLMEDO PARROQUIA FLORENCIO RAMÍREZ',5,'','',''),(7173,'CONSEJO COMUNAL LA MARISELA BAJA ESTADO MERIDA MUNICIPIO CARACCIOLO PARRA Y OLMEDO PARROQUIA FLORENCIO RAMÍREZ',5,'','',''),(7174,'CONSEJO COMUNAL LAS DELICIAS PANAMERICANA ESTADO MERIDA MUNICIPIO CARACCIOLO PARRA Y OLMEDO PARROQUIA FLORENCIO RAMÍREZ',5,'','',''),(7175,'CONSEJO COMUNAL LA ESPERANZA DE MI PUEBLO ESTADO MERIDA MUNICIPIO CARACCIOLO PARRA Y OLMEDO PARROQUIA FLORENCIO RAMÍREZ',5,'','',''),(7176,'CONSEJO COMUNAL LOS PINOS LAS TEJAS ESTADO MERIDA MUNICIPIO CARACCIOLO PARRA Y OLMEDO PARROQUIA FLORENCIO RAMÍREZ',5,'','',''),(7177,'CONSEJO COMUNAL VISTA ALEGRE ALTO ESTADO MERIDA MUNICIPIO CARACCIOLO PARRA Y OLMEDO PARROQUIA FLORENCIO RAMÍREZ',5,'','',''),(7178,'CONSEJO COMUNAL NALPARAISO ESTADO MERIDA MUNICIPIO CARDENAL QUINTERO PARROQUIA SANTO DOMINGO',5,'','',''),(7179,'CONSEJO COMUNAL LA CUCHILLA DE ARACAY ESTADO MERIDA MUNICIPIO CARDENAL QUINTERO PARROQUIA SANTO DOMINGO',5,'','',''),(7180,'CONSEJO COMUNAL ALTO CARRIZAL ESTADO MERIDA MUNICIPIO CARDENAL QUINTERO PARROQUIA SANTO DOMINGO',5,'','',''),(7181,'CONSEJO COMUNAL UNIDOS VENCEREMOS ESTADO MERIDA MUNICIPIO CARDENAL QUINTERO PARROQUIA SANTO DOMINGO',5,'','',''),(7182,'CONSEJO COMUNAL MESA DE LAS RIVAS ESTADO MERIDA MUNICIPIO CARDENAL QUINTERO PARROQUIA SANTO DOMINGO',5,'','',''),(7183,'CONSEJO COMUNAL MUCURUTU ESTADO MERIDA MUNICIPIO CARDENAL QUINTERO PARROQUIA SANTO DOMINGO',5,'','',''),(7184,'CONSEJO COMUNAL LAS RURALES ESTADO MERIDA MUNICIPIO CARDENAL QUINTERO PARROQUIA SANTO DOMINGO',5,'','',''),(7185,'CONSEJO COMUNAL POTREROS DE LARA ESTADO MERIDA MUNICIPIO CARDENAL QUINTERO PARROQUIA SANTO DOMINGO',5,'','',''),(7186,'CONSEJO COMUNAL SIMON BOLIVAR ESTADO MERIDA MUNICIPIO CARDENAL QUINTERO PARROQUIA SANTO DOMINGO',5,'','',''),(7187,'CONSEJO COMUNAL EL CANEY ESTADO MERIDA MUNICIPIO CARDENAL QUINTERO PARROQUIA SANTO DOMINGO',5,'','',''),(7188,'CONSEJO COMUNAL LA MITISUS ESTADO MERIDA MUNICIPIO CARDENAL QUINTERO PARROQUIA SANTO DOMINGO',5,'','',''),(7189,'CONSEJO COMUNAL VILLA DEL ROSARIO ESTADO MERIDA MUNICIPIO CARDENAL QUINTERO PARROQUIA SANTO DOMINGO',5,'','',''),(7190,'CONSEJO COMUNAL MORUCO ESTADO MERIDA MUNICIPIO CARDENAL QUINTERO PARROQUIA SANTO DOMINGO',5,'','',''),(7191,'CONSEJO COMUNAL VEGA DE ARACAY ESTADO MERIDA MUNICIPIO CARDENAL QUINTERO PARROQUIA SANTO DOMINGO',5,'','',''),(7192,'CONSEJO COMUNAL LOS HATICOS ESTADO MERIDA MUNICIPIO CARDENAL QUINTERO PARROQUIA SANTO DOMINGO',5,'','',''),(7193,'CONSEJO COMUNAL MONTESITOS ALTOS ESTADO MERIDA MUNICIPIO CARDENAL QUINTERO PARROQUIA SANTO DOMINGO',5,'','',''),(7194,'CONSEJO COMUNAL LLANO ALTO ESTADO MERIDA MUNICIPIO CARDENAL QUINTERO PARROQUIA SANTO DOMINGO',5,'','',''),(7195,'CONSEJO COMUNAL EL BAHO BAJO ESTADO MERIDA MUNICIPIO CARDENAL QUINTERO PARROQUIA SANTO DOMINGO',5,'','',''),(7196,'CONSEJO COMUNAL EL CELOSO ESTADO MERIDA MUNICIPIO CARDENAL QUINTERO PARROQUIA SANTO DOMINGO',5,'','',''),(7197,'CONSEJO COMUNAL EL LIMONCITO ESTADO MERIDA MUNICIPIO CARDENAL QUINTERO PARROQUIA SANTO DOMINGO',5,'','',''),(7198,'CONSEJO COMUNAL LOMA DE LOS RANCHOS ESTADO MERIDA MUNICIPIO CARDENAL QUINTERO PARROQUIA SANTO DOMINGO',5,'','',''),(7199,'CONSEJO COMUNAL LAS MESAS ESTADO MERIDA MUNICIPIO CARDENAL QUINTERO PARROQUIA SANTO DOMINGO',5,'','',''),(7200,'CONSEJO COMUNAL EL CONEJO ESTADO MERIDA MUNICIPIO CARDENAL QUINTERO PARROQUIA SANTO DOMINGO',5,'','',''),(7201,'CONSEJO COMUNAL LAS CAVAS ESTADO MERIDA MUNICIPIO CARDENAL QUINTERO PARROQUIA SANTO DOMINGO',5,'','',''),(7202,'CONSEJO COMUNAL EL CAÑUTAL ESTADO MERIDA MUNICIPIO CARDENAL QUINTERO PARROQUIA SANTO DOMINGO',5,'','',''),(7203,'CONSEJO COMUNAL EL CONEJO ALTO ESTADO MERIDA MUNICIPIO CARDENAL QUINTERO PARROQUIA SANTO DOMINGO',5,'','',''),(7204,'CONSEJO COMUNAL LA QUINTA ESTADO MERIDA MUNICIPIO CARDENAL QUINTERO PARROQUIA SANTO DOMINGO',5,'','',''),(7205,'CONSEJO COMUNAL MOTUMBO ESTADO MERIDA MUNICIPIO CARDENAL QUINTERO PARROQUIA SANTO DOMINGO',5,'','',''),(7206,'CONSEJO COMUNAL ARACAY ESTADO MERIDA MUNICIPIO CARDENAL QUINTERO PARROQUIA SANTO DOMINGO',5,'','',''),(7207,'CONSEJO COMUNAL MESA DEL HOYO ESTADO MERIDA MUNICIPIO CARDENAL QUINTERO PARROQUIA SANTO DOMINGO',5,'','',''),(7208,'CONSEJO COMUNAL EL ESTAFICHE ESTADO MERIDA MUNICIPIO CARDENAL QUINTERO PARROQUIA SANTO DOMINGO',5,'','',''),(7209,'CONSEJO COMUNAL LA LLANADA ESTADO MERIDA MUNICIPIO CARDENAL QUINTERO PARROQUIA SANTO DOMINGO',5,'','',''),(7210,'CONSEJO COMUNAL EL POTRERO ESTADO MERIDA MUNICIPIO CARDENAL QUINTERO PARROQUIA SANTO DOMINGO',5,'','',''),(7211,'CONSEJO COMUNAL LIBERTADOR ESTADO MERIDA MUNICIPIO CARDENAL QUINTERO PARROQUIA LAS PIEDRAS',5,'','',''),(7212,'CONSEJO COMUNAL LOS AJIES ESTADO MERIDA MUNICIPIO CARDENAL QUINTERO PARROQUIA LAS PIEDRAS',5,'','',''),(7213,'CONSEJO COMUNAL RESIDENCIAS VALECILLOS ESTADO MERIDA MUNICIPIO CARDENAL QUINTERO PARROQUIA LAS PIEDRAS',5,'','',''),(7214,'CONSEJO COMUNAL LA ERA ESTADO MERIDA MUNICIPIO CARDENAL QUINTERO PARROQUIA LAS PIEDRAS',5,'','',''),(7215,'CONSEJO COMUNAL LA VEGA BOLIVARIANA ESTADO MERIDA MUNICIPIO CARDENAL QUINTERO PARROQUIA LAS PIEDRAS',5,'','',''),(7216,'CONSEJO COMUNAL TIA JUSTA ESTADO MERIDA MUNICIPIO CARDENAL QUINTERO PARROQUIA LAS PIEDRAS',5,'','',''),(7217,'CONSEJO COMUNAL ANTONIO JOSE DE SUCRE ESTADO MERIDA MUNICIPIO CARDENAL QUINTERO PARROQUIA LAS PIEDRAS',5,'','',''),(7218,'CONSEJO COMUNAL LAS TAPIAS ESTADO MERIDA MUNICIPIO CARDENAL QUINTERO PARROQUIA LAS PIEDRAS',5,'','',''),(7219,'CONSEJO COMUNAL  EL BISUM ESTADO MERIDA MUNICIPIO CARDENAL QUINTERO PARROQUIA LAS PIEDRAS',5,'','',''),(7220,'CONSEJO COMUNAL EL RINCON ESTADO MERIDA MUNICIPIO CARDENAL QUINTERO PARROQUIA LAS PIEDRAS',5,'','',''),(7221,'CONSEJO COMUNAL LA HONDA ESTADO MERIDA MUNICIPIO CARDENAL QUINTERO PARROQUIA LAS PIEDRAS',5,'','',''),(7222,'CONSEJO COMUNAL LA FALTRIQUERA ESTADO MERIDA MUNICIPIO CARDENAL QUINTERO PARROQUIA LAS PIEDRAS',5,'','',''),(7223,'CONSEJO COMUNAL QUEBRADA SECA PARTE BAJA ESTADO MERIDA MUNICIPIO GUARAQUE PARROQUIA GUARAQUE',5,'','',''),(7224,'CONSEJO COMUNAL LOMA REDONDA ESTADO MERIDA MUNICIPIO GUARAQUE PARROQUIA GUARAQUE',5,'','',''),(7225,'CONSEJO COMUNAL EL CALVARIO ESTADO MERIDA MUNICIPIO GUARAQUE PARROQUIA GUARAQUE',5,'','',''),(7226,'CONSEJO COMUNAL EL PEDREGAL ESTADO MERIDA MUNICIPIO GUARAQUE PARROQUIA GUARAQUE',5,'','',''),(7227,'CONSEJO COMUNAL LA PAZ ESTADO MERIDA MUNICIPIO GUARAQUE PARROQUIA GUARAQUE',5,'','',''),(7228,'CONSEJO COMUNAL LOS LAURELES ESTADO MERIDA MUNICIPIO GUARAQUE PARROQUIA GUARAQUE',5,'','',''),(7229,'CONSEJO COMUNAL QUEBRADA NEGRA ESTADO MERIDA MUNICIPIO GUARAQUE PARROQUIA GUARAQUE',5,'','',''),(7230,'CONSEJO COMUNAL EL HATO ESTADO MERIDA MUNICIPIO GUARAQUE PARROQUIA GUARAQUE',5,'','',''),(7231,'CONSEJO COMUNAL HUESCA 2 ESTADO MERIDA MUNICIPIO GUARAQUE PARROQUIA GUARAQUE',5,'','',''),(7232,'CONSEJO COMUNAL LAS VEGAS ESTADO MERIDA MUNICIPIO GUARAQUE PARROQUIA GUARAQUE',5,'','',''),(7233,'CONSEJO COMUNAL MESA MORENO ESTADO MERIDA MUNICIPIO GUARAQUE PARROQUIA GUARAQUE',5,'','',''),(7234,'CONSEJO COMUNAL EL LLANITO ESTADO MERIDA MUNICIPIO GUARAQUE PARROQUIA GUARAQUE',5,'','',''),(7235,'CONSEJO COMUNAL LA VEGA VIA MIRAPUEBLO ESTADO MERIDA MUNICIPIO GUARAQUE PARROQUIA GUARAQUE',5,'','',''),(7236,'CONSEJO COMUNAL LA QUINTA ESTADO MERIDA MUNICIPIO GUARAQUE PARROQUIA GUARAQUE',5,'','',''),(7237,'CONSEJO COMUNAL EL CINARE ESTADO MERIDA MUNICIPIO GUARAQUE PARROQUIA GUARAQUE',5,'','',''),(7238,'CONSEJO COMUNAL LOMA DE BENITO ESTADO MERIDA MUNICIPIO GUARAQUE PARROQUIA GUARAQUE',5,'','',''),(7239,'CONSEJO COMUNAL CAÑUTALEZ ESTADO MERIDA MUNICIPIO GUARAQUE PARROQUIA GUARAQUE',5,'','',''),(7240,'CONSEJO COMUNAL LAS ESQUINAS ESTADO MERIDA MUNICIPIO GUARAQUE PARROQUIA GUARAQUE',5,'','',''),(7241,'CONSEJO COMUNAL LA SECRETA ESTADO MERIDA MUNICIPIO GUARAQUE PARROQUIA GUARAQUE',5,'','',''),(7242,'CONSEJO COMUNAL EL SALADO ESTADO MERIDA MUNICIPIO GUARAQUE PARROQUIA GUARAQUE',5,'','',''),(7243,'CONSEJO COMUNAL LOS RASTROJOS ESTADO MERIDA MUNICIPIO GUARAQUE PARROQUIA GUARAQUE',5,'','',''),(7244,'CONSEJO COMUNAL COLINAS DEL LLANITO ESTADO MERIDA MUNICIPIO GUARAQUE PARROQUIA GUARAQUE',5,'','',''),(7245,'CONSEJO COMUNAL SECTOR CENTRO ESTADO MERIDA MUNICIPIO GUARAQUE PARROQUIA GUARAQUE',5,'','',''),(7246,'CONSEJO COMUNAL MICHITUD ESTADO MERIDA MUNICIPIO GUARAQUE PARROQUIA GUARAQUE',5,'','',''),(7247,'CONSEJO COMUNAL CAPITAN SANCHEZ CARRERO ESTADO MERIDA MUNICIPIO GUARAQUE PARROQUIA GUARAQUE',5,'','',''),(7248,'CONSEJO COMUNAL RIO NEGRO ABAJO ESTADO MERIDA MUNICIPIO GUARAQUE PARROQUIA GUARAQUE',5,'','',''),(7249,'CONSEJO COMUNAL EL SAY SAY ESTADO MERIDA MUNICIPIO GUARAQUE PARROQUIA GUARAQUE',5,'','',''),(7250,'CONSEJO COMUNAL EL MORAL ESTADO MERIDA MUNICIPIO GUARAQUE PARROQUIA GUARAQUE',5,'','',''),(7251,'CONSEJO COMUNAL EL RINCON DEL HATO ESTADO MERIDA MUNICIPIO GUARAQUE PARROQUIA GUARAQUE',5,'','',''),(7252,'CONSEJO COMUNAL SANTA ROSA ESTADO MERIDA MUNICIPIO GUARAQUE PARROQUIA MESA DE QUINTERO',5,'','',''),(7253,'CONSEJO COMUNAL LOS LINDEROS ESTADO MERIDA MUNICIPIO GUARAQUE PARROQUIA MESA DE QUINTERO',5,'','',''),(7254,'CONSEJO COMUNAL MONSAL ALTO ESTADO MERIDA MUNICIPIO GUARAQUE PARROQUIA MESA DE QUINTERO',5,'','',''),(7255,'CONSEJO COMUNAL MONSAL BAJO ESTADO MERIDA MUNICIPIO GUARAQUE PARROQUIA MESA DE QUINTERO',5,'','',''),(7256,'CONSEJO COMUNAL CAMPO ALEGRE ESTADO MERIDA MUNICIPIO GUARAQUE PARROQUIA MESA DE QUINTERO',5,'','',''),(7257,'CONSEJO COMUNAL LA VEGA ESTADO MERIDA MUNICIPIO GUARAQUE PARROQUIA MESA DE QUINTERO',5,'','',''),(7258,'CONSEJO COMUNAL EL MAPORAL ESTADO MERIDA MUNICIPIO GUARAQUE PARROQUIA MESA DE QUINTERO',5,'','',''),(7259,'CONSEJO COMUNAL EL PUEBLO ESTADO MERIDA MUNICIPIO GUARAQUE PARROQUIA MESA DE QUINTERO',5,'','',''),(7260,'CONSEJO COMUNAL EL RINCON DE LA LAGUNA ESTADO MERIDA MUNICIPIO GUARAQUE PARROQUIA RÍO NEGRO',5,'','',''),(7261,'CONSEJO COMUNAL LA MAPORA Y  EL BORDO   ESTADO MERIDA MUNICIPIO GUARAQUE PARROQUIA RÍO NEGRO',5,'','',''),(7262,'CONSEJO COMUNAL QUEBRADA SECA ALTA ESTADO MERIDA MUNICIPIO GUARAQUE PARROQUIA RÍO NEGRO',5,'','',''),(7263,'CONSEJO COMUNAL EL RASTROJITO ESTADO MERIDA MUNICIPIO GUARAQUE PARROQUIA RÍO NEGRO',5,'','',''),(7264,'CONSEJO COMUNAL LAS CASITAS 29 DE JULIO ESTADO MERIDA MUNICIPIO GUARAQUE PARROQUIA RÍO NEGRO',5,'','',''),(7265,'CONSEJO COMUNAL EL HURUMAL ESTADO MERIDA MUNICIPIO GUARAQUE PARROQUIA RÍO NEGRO',5,'','',''),(7266,'CONSEJO COMUNAL RASTROJITO PARTE ALTA ESTADO MERIDA MUNICIPIO GUARAQUE PARROQUIA RÍO NEGRO',5,'','',''),(7267,'CONSEJO COMUNAL RINCON DE LORAS ESTADO MERIDA MUNICIPIO GUARAQUE PARROQUIA RÍO NEGRO',5,'','',''),(7268,'CONSEJO COMUNAL EL PUEBLITO ESTADO MERIDA MUNICIPIO GUARAQUE PARROQUIA RÍO NEGRO',5,'','',''),(7269,'CONSEJO COMUNAL LAS PLAYITAS ESTADO MERIDA MUNICIPIO GUARAQUE PARROQUIA RÍO NEGRO',5,'','',''),(7270,'CONSEJO COMUNAL RINCON DE RAMIREZ ESTADO MERIDA MUNICIPIO GUARAQUE PARROQUIA RÍO NEGRO',5,'','',''),(7271,'CONSEJO COMUNAL LAS ADJUNTAS ESTADO MERIDA MUNICIPIO GUARAQUE PARROQUIA RÍO NEGRO',5,'','',''),(7272,'CONSEJO COMUNAL AGUA CALIENTE ESTADO MERIDA MUNICIPIO GUARAQUE PARROQUIA RÍO NEGRO',5,'','',''),(7273,'CONSEJO COMUNAL AGUA CALIENTE ESTADO MERIDA MUNICIPIO GUARAQUE PARROQUIA RÍO NEGRO',5,'','',''),(7274,'CONSEJO COMUNAL PIE DE CUESTA ESTADO MERIDA MUNICIPIO GUARAQUE PARROQUIA RÍO NEGRO',5,'','',''),(7275,'CONSEJO COMUNAL LOS GARCIAS ESTADO MERIDA MUNICIPIO GUARAQUE PARROQUIA RÍO NEGRO',5,'','',''),(7276,'CONSEJO COMUNAL LA LAGUNA PARTE ALTA ESTADO MERIDA MUNICIPIO GUARAQUE PARROQUIA RÍO NEGRO',5,'','',''),(7277,'CONSEJO COMUNAL LOS CEDROS ESTADO MERIDA MUNICIPIO GUARAQUE PARROQUIA RÍO NEGRO',5,'','',''),(7278,'CONSEJO COMUNAL LAS LOMAS ESTADO MERIDA MUNICIPIO GUARAQUE PARROQUIA RÍO NEGRO',5,'','',''),(7279,'CONSEJO COMUNAL MESA ESPERANZA ESTADO MERIDA MUNICIPIO JULIO CÉSAR SALAS PARROQUIA ARAPUEY',5,'','',''),(7280,'CONSEJO COMUNAL PASO DE LOS ANDES ESTADO MERIDA MUNICIPIO JULIO CÉSAR SALAS PARROQUIA ARAPUEY',5,'','',''),(7281,'CONSEJO COMUNAL SAN MIGUEL  ESTADO MERIDA MUNICIPIO JULIO CÉSAR SALAS PARROQUIA ARAPUEY',5,'','',''),(7282,'CONSEJO COMUNAL POCO ESTADO MERIDA MUNICIPIO JULIO CÉSAR SALAS PARROQUIA ARAPUEY',5,'','',''),(7283,'CONSEJO COMUNAL EL ZAPOTAL ESTADO MERIDA MUNICIPIO JULIO CÉSAR SALAS PARROQUIA ARAPUEY',5,'','',''),(7284,'CONSEJO COMUNAL SECTORES UNIDOS LUCHANDO ESTADO MERIDA MUNICIPIO JULIO CÉSAR SALAS PARROQUIA ARAPUEY',5,'','',''),(7285,'CONSEJO COMUNAL 23 DE ENERO PARTE BAJA ESTADO MERIDA MUNICIPIO JULIO CÉSAR SALAS PARROQUIA ARAPUEY',5,'','',''),(7286,'CONSEJO COMUNAL LA REPRESA ESTADO MERIDA MUNICIPIO JULIO CÉSAR SALAS PARROQUIA ARAPUEY',5,'','',''),(7287,'CONSEJO COMUNAL ALBERTO CABRERA Y CALLE FLORES ESTADO MERIDA MUNICIPIO JULIO CÉSAR SALAS PARROQUIA ARAPUEY',5,'','',''),(7288,'CONSEJO COMUNAL EL SILENCIO ESTADO MERIDA MUNICIPIO JULIO CÉSAR SALAS PARROQUIA ARAPUEY',5,'','',''),(7289,'CONSEJO COMUNAL LA ARENOSA ESTADO MERIDA MUNICIPIO JULIO CÉSAR SALAS PARROQUIA ARAPUEY',5,'','',''),(7290,'CONSEJO COMUNAL LA PEREZA ESTADO MERIDA MUNICIPIO JULIO CÉSAR SALAS PARROQUIA ARAPUEY',5,'','',''),(7291,'CONSEJO COMUNAL MESA BONITA ESTADO MERIDA MUNICIPIO JULIO CÉSAR SALAS PARROQUIA ARAPUEY',5,'','',''),(7292,'CONSEJO COMUNAL RIO SECO ESTADO MERIDA MUNICIPIO JULIO CÉSAR SALAS PARROQUIA ARAPUEY',5,'','',''),(7293,'CONSEJO COMUNAL 23 DE ENERO PARTE ALTA ESTADO MERIDA MUNICIPIO JULIO CÉSAR SALAS PARROQUIA ARAPUEY',5,'','',''),(7294,'CONSEJO COMUNAL LA VENADA ESTADO MERIDA MUNICIPIO JULIO CÉSAR SALAS PARROQUIA ARAPUEY',5,'','',''),(7295,'CONSEJO COMUNAL MAISANTA ESTADO MERIDA MUNICIPIO JULIO CÉSAR SALAS PARROQUIA ARAPUEY',5,'','',''),(7296,'CONSEJO COMUNAL SECTOR INREVI ESTADO MERIDA MUNICIPIO JULIO CÉSAR SALAS PARROQUIA ARAPUEY',5,'','',''),(7297,'CONSEJO COMUNAL NICOLAZA ESPINOZA ESTADO MERIDA MUNICIPIO JULIO CÉSAR SALAS PARROQUIA ARAPUEY',5,'','',''),(7298,'CONSEJO COMUNAL EL QUINCE ESTADO MERIDA MUNICIPIO JULIO CÉSAR SALAS PARROQUIA ARAPUEY',5,'','',''),(7299,'CONSEJO COMUNAL AGUACIL ESTADO MERIDA MUNICIPIO JULIO CÉSAR SALAS PARROQUIA ARAPUEY',5,'','',''),(7300,'CONSEJO COMUNAL SECTOR SAN ISIDRO V ESTADO MERIDA MUNICIPIO JULIO CÉSAR SALAS PARROQUIA ARAPUEY',5,'','',''),(7301,'CONSEJO COMUNAL EL PARAISO II ESTADO MERIDA MUNICIPIO JULIO CÉSAR SALAS PARROQUIA ARAPUEY',5,'','',''),(7302,'CONSEJO COMUNAL SECTOR CARTAGENA ESTADO MERIDA MUNICIPIO JULIO CÉSAR SALAS PARROQUIA PALMIRA',5,'','',''),(7303,'CONSEJO COMUNAL SAN LORENZO ESTADO MERIDA MUNICIPIO JULIO CÉSAR SALAS PARROQUIA PALMIRA',5,'','',''),(7304,'CONSEJO COMUNAL LA PUEBLITA ESTADO MERIDA MUNICIPIO JULIO CÉSAR SALAS PARROQUIA PALMIRA',5,'','',''),(7305,'CONSEJO COMUNAL SANTA CRUZ ESTADO MERIDA MUNICIPIO JULIO CÉSAR SALAS PARROQUIA PALMIRA',5,'','',''),(7306,'CONSEJO COMUNAL CONSEJO COMUNAL POR AMOR AL PUEBLO ESTADO MERIDA MUNICIPIO JULIO CÉSAR SALAS PARROQUIA PALMIRA',5,'','',''),(7307,'CONSEJO COMUNAL LA PEONIA ESTADO MERIDA MUNICIPIO JULIO CÉSAR SALAS PARROQUIA PALMIRA',5,'','',''),(7308,'CONSEJO COMUNAL LA FORTALEZA ESTADO MERIDA MUNICIPIO JULIO CÉSAR SALAS PARROQUIA PALMIRA',5,'','',''),(7309,'CONSEJO COMUNAL BARRIO NUEVO ESTADO MERIDA MUNICIPIO JULIO CÉSAR SALAS PARROQUIA PALMIRA',5,'','',''),(7310,'CONSEJO COMUNAL PALMIRA CENTRAL ESTADO MERIDA MUNICIPIO JULIO CÉSAR SALAS PARROQUIA PALMIRA',5,'','',''),(7311,'CONSEJO COMUNAL LOS CARAÑOS ESTADO MERIDA MUNICIPIO JULIO CÉSAR SALAS PARROQUIA PALMIRA',5,'','',''),(7312,'CONSEJO COMUNAL LAS GONZALEZ ESTADO MERIDA MUNICIPIO JULIO CÉSAR SALAS PARROQUIA PALMIRA',5,'','',''),(7313,'CONSEJO COMUNAL SAN PABLO ESTADO MERIDA MUNICIPIO JULIO CÉSAR SALAS PARROQUIA PALMIRA',5,'','',''),(7314,'CONSEJO COMUNAL SANTA ROSA ESTADO MERIDA MUNICIPIO JULIO CÉSAR SALAS PARROQUIA PALMIRA',5,'','',''),(7315,'CONSEJO COMUNAL LA FLORIDA ESTADO MERIDA MUNICIPIO JULIO CÉSAR SALAS PARROQUIA PALMIRA',5,'','',''),(7316,'CONSEJO COMUNAL CERRO 2 POCOITO ESTADO MERIDA MUNICIPIO JULIO CÉSAR SALAS PARROQUIA PALMIRA',5,'','',''),(7317,'CONSEJO COMUNAL EL CERRO I ESTADO MERIDA MUNICIPIO JULIO CÉSAR SALAS PARROQUIA PALMIRA',5,'','',''),(7318,'CONSEJO COMUNAL EL PEPEO ESTADO MERIDA MUNICIPIO JULIO CÉSAR SALAS PARROQUIA PALMIRA',5,'','',''),(7319,'CONSEJO COMUNAL LAS MESITAS ESTADO MERIDA MUNICIPIO JULIO CÉSAR SALAS PARROQUIA PALMIRA',5,'','',''),(7320,'CONSEJO COMUNAL EL ALBARICAL ESTADO MERIDA MUNICIPIO JULIO CÉSAR SALAS PARROQUIA PALMIRA',5,'','',''),(7321,'CONSEJO COMUNAL EL NIGUAZ ESTADO MERIDA MUNICIPIO JUSTO BRICEÑO PARROQUIA TORONDOY',5,'','',''),(7322,'CONSEJO COMUNAL PUNTA BRAVA ESTADO MERIDA MUNICIPIO JUSTO BRICEÑO PARROQUIA TORONDOY',5,'','',''),(7323,'CONSEJO COMUNAL EL JUMANGAL ESTADO MERIDA MUNICIPIO JUSTO BRICEÑO PARROQUIA TORONDOY',5,'','',''),(7324,'CONSEJO COMUNAL SANTA ROSA ESTADO MERIDA MUNICIPIO JUSTO BRICEÑO PARROQUIA TORONDOY',5,'','',''),(7325,'CONSEJO COMUNAL ALTO DE LA CRUZ ESTADO MERIDA MUNICIPIO JUSTO BRICEÑO PARROQUIA TORONDOY',5,'','',''),(7326,'CONSEJO COMUNAL MUCUMPIZ ESTADO MERIDA MUNICIPIO JUSTO BRICEÑO PARROQUIA TORONDOY',5,'','',''),(7327,'CONSEJO COMUNAL LA VICTORIA ESTADO MERIDA MUNICIPIO JUSTO BRICEÑO PARROQUIA TORONDOY',5,'','',''),(7328,'CONSEJO COMUNAL LA CUESTA ESTADO MERIDA MUNICIPIO JUSTO BRICEÑO PARROQUIA TORONDOY',5,'','',''),(7329,'CONSEJO COMUNAL VILLA EMILIA ESTADO MERIDA MUNICIPIO JUSTO BRICEÑO PARROQUIA TORONDOY',5,'','',''),(7330,'CONSEJO COMUNAL COGOLLAL ESTADO MERIDA MUNICIPIO JUSTO BRICEÑO PARROQUIA TORONDOY',5,'','',''),(7331,'CONSEJO COMUNAL  LA GUACA ESTADO MERIDA MUNICIPIO JUSTO BRICEÑO PARROQUIA TORONDOY',5,'','',''),(7332,'CONSEJO COMUNAL VALLES DE ARIGUAS ESTADO MERIDA MUNICIPIO JUSTO BRICEÑO PARROQUIA TORONDOY',5,'','',''),(7333,'CONSEJO COMUNAL SAN FELIPE CAMPO ALEGRE Y BARTOLOME ESTADO MERIDA MUNICIPIO JUSTO BRICEÑO PARROQUIA TORONDOY',5,'','',''),(7334,'CONSEJO COMUNAL LA BOLIVAR ESTADO MERIDA MUNICIPIO JUSTO BRICEÑO PARROQUIA TORONDOY',5,'','',''),(7335,'CONSEJO COMUNAL LA MESA ESTADO MERIDA MUNICIPIO JUSTO BRICEÑO PARROQUIA TORONDOY',5,'','',''),(7336,'CONSEJO COMUNAL MUCUTUBAN EL MENE LA HONDA ESTADO MERIDA MUNICIPIO JUSTO BRICEÑO PARROQUIA TORONDOY',5,'','',''),(7337,'CONSEJO COMUNAL SAN RAFAEL LA CABRERA ESTADO MERIDA MUNICIPIO JUSTO BRICEÑO PARROQUIA TORONDOY',5,'','',''),(7338,'CONSEJO COMUNAL QUEBRADA AMARILLA LOS SAUCES ESTADO MERIDA MUNICIPIO JUSTO BRICEÑO PARROQUIA TORONDOY',5,'','',''),(7339,'CONSEJO COMUNAL EL CEIBAL ESTADO MERIDA MUNICIPIO JUSTO BRICEÑO PARROQUIA TORONDOY',5,'','',''),(7340,'CONSEJO COMUNAL TULIO FEBRES CORDERO ESTADO MERIDA MUNICIPIO JUSTO BRICEÑO PARROQUIA TORONDOY',5,'','',''),(7341,'CONSEJO COMUNAL SAN JACINTO ESTADO MERIDA MUNICIPIO JUSTO BRICEÑO PARROQUIA SAN CRISTÓBAL DE TORONDOY',5,'','',''),(7342,'CONSEJO COMUNAL LOS TREMENTINOS ESTADO MERIDA MUNICIPIO JUSTO BRICEÑO PARROQUIA SAN CRISTÓBAL DE TORONDOY',5,'','',''),(7343,'CONSEJO COMUNAL EL GUAYABAL ESTADO MERIDA MUNICIPIO JUSTO BRICEÑO PARROQUIA SAN CRISTÓBAL DE TORONDOY',5,'','',''),(7344,'CONSEJO COMUNAL LA PICA ESTADO MERIDA MUNICIPIO JUSTO BRICEÑO PARROQUIA SAN CRISTÓBAL DE TORONDOY',5,'','',''),(7345,'CONSEJO COMUNAL SANTA ROSA EL PARAMITO ESTADO MERIDA MUNICIPIO JUSTO BRICEÑO PARROQUIA SAN CRISTÓBAL DE TORONDOY',5,'','',''),(7346,'CONSEJO COMUNAL SANTA FE ESTADO MERIDA MUNICIPIO JUSTO BRICEÑO PARROQUIA SAN CRISTÓBAL DE TORONDOY',5,'','',''),(7347,'CONSEJO COMUNAL SAN CRISTOBAL ESTADO MERIDA MUNICIPIO JUSTO BRICEÑO PARROQUIA SAN CRISTÓBAL DE TORONDOY',5,'','',''),(7348,'CONSEJO COMUNAL LAS QUEBRADAS ESTADO MERIDA MUNICIPIO JUSTO BRICEÑO PARROQUIA SAN CRISTÓBAL DE TORONDOY',5,'','',''),(7349,'CONSEJO COMUNAL BARRIO CHINO ESTADO MERIDA MUNICIPIO JUSTO BRICEÑO PARROQUIA SAN CRISTÓBAL DE TORONDOY',5,'','',''),(7350,'CONSEJO COMUNAL EL SANTIAGO ESTADO MERIDA MUNICIPIO JUSTO BRICEÑO PARROQUIA SAN CRISTÓBAL DE TORONDOY',5,'','',''),(7351,'CONSEJO COMUNAL SAN ANTONIO ESTADO MERIDA MUNICIPIO JUSTO BRICEÑO PARROQUIA SAN CRISTÓBAL DE TORONDOY',5,'','',''),(7352,'CONSEJO COMUNAL C.C. EL COHETE ESTADO MERIDA MUNICIPIO JUSTO BRICEÑO PARROQUIA SAN CRISTÓBAL DE TORONDOY',5,'','',''),(7353,'CONSEJO COMUNAL EL ROMERO ESTADO MERIDA MUNICIPIO JUSTO BRICEÑO PARROQUIA SAN CRISTÓBAL DE TORONDOY',5,'','',''),(7354,'CONSEJO COMUNAL LOS TORITOS ESTADO MERIDA MUNICIPIO JUSTO BRICEÑO PARROQUIA SAN CRISTÓBAL DE TORONDOY',5,'','',''),(7355,'CONSEJO COMUNAL SAN JOSE DE LAS FLORES ALTO ESTADO MERIDA MUNICIPIO LIBERTADOR PARROQUIA ANTONIO SPINETTI DINI',5,'','',''),(7356,'CONSEJO COMUNAL LA CUESTA PASAJE 1 ESTADO MERIDA MUNICIPIO LIBERTADOR PARROQUIA ANTONIO SPINETTI DINI',5,'','',''),(7357,'CONSEJO COMUNAL EL CAMPITO ESTADO MERIDA MUNICIPIO LIBERTADOR PARROQUIA ANTONIO SPINETTI DINI',5,'','',''),(7358,'CONSEJO COMUNAL CONJUNTO RESIDENCIAL LAS MARIAS 2DA Y 3RA ETAPA ESTADO MERIDA MUNICIPIO LIBERTADOR PARROQUIA ANTONIO SPINETTI DINI',5,'','',''),(7359,'CONSEJO COMUNAL VISTA HERMOSA ESTADO MERIDA MUNICIPIO LIBERTADOR PARROQUIA ANTONIO SPINETTI DINI',5,'','',''),(7360,'CONSEJO COMUNAL LA LIRIA ESTADO MERIDA MUNICIPIO LIBERTADOR PARROQUIA ANTONIO SPINETTI DINI',5,'','',''),(7361,'CONSEJO COMUNAL SAN JOSE DE LAS FLOREZ MEDIO ESTADO MERIDA MUNICIPIO LIBERTADOR PARROQUIA ANTONIO SPINETTI DINI',5,'','',''),(7362,'CONSEJO COMUNAL DOMINGO SALAZAR ROJAS ESTADO MERIDA MUNICIPIO LIBERTADOR PARROQUIA ANTONIO SPINETTI DINI',5,'','',''),(7363,'CONSEJO COMUNAL SECTOR SUCRE SECTOR 131 ESTADO MERIDA MUNICIPIO LIBERTADOR PARROQUIA ANTONIO SPINETTI DINI',5,'','',''),(7364,'CONSEJO COMUNAL BELLA VISTA ESTADO MERIDA MUNICIPIO LIBERTADOR PARROQUIA ANTONIO SPINETTI DINI',5,'','',''),(7365,'CONSEJO COMUNAL SAN JUAN BAUTISTA ESTADO MERIDA MUNICIPIO LIBERTADOR PARROQUIA ANTONIO SPINETTI DINI',5,'','',''),(7366,'CONSEJO COMUNAL SIMON BOLIVAR ESTADO MERIDA MUNICIPIO LIBERTADOR PARROQUIA ANTONIO SPINETTI DINI',5,'','',''),(7367,'CONSEJO COMUNAL TERRAZAS LOMA DE LIRIA ESTADO MERIDA MUNICIPIO LIBERTADOR PARROQUIA ANTONIO SPINETTI DINI',5,'','',''),(7368,'CONSEJO COMUNAL LA HECHICERA TIBISAY ESTADO MERIDA MUNICIPIO LIBERTADOR PARROQUIA ANTONIO SPINETTI DINI',5,'','',''),(7369,'CONSEJO COMUNAL 1 DE MAYO PAEZ ESTADO MERIDA MUNICIPIO LIBERTADOR PARROQUIA ANTONIO SPINETTI DINI',5,'','',''),(7370,'CONSEJO COMUNAL SECTOR SANTA ANITA ESTADO MERIDA MUNICIPIO LIBERTADOR PARROQUIA ANTONIO SPINETTI DINI',5,'','',''),(7371,'CONSEJO COMUNAL SANTO DOMINGO ESTADO MERIDA MUNICIPIO LIBERTADOR PARROQUIA ANTONIO SPINETTI DINI',5,'','',''),(7372,'CONSEJO COMUNAL LAS CASITAS PASAJE LIRIA ESTADO MERIDA MUNICIPIO LIBERTADOR PARROQUIA ANTONIO SPINETTI DINI',5,'','',''),(7373,'CONSEJO COMUNAL SANTA ANA SUR ESTADO MERIDA MUNICIPIO LIBERTADOR PARROQUIA ANTONIO SPINETTI DINI',5,'','',''),(7374,'CONSEJO COMUNAL SANTA ANA NORTE CALLE 1 Y 2 ESTADO MERIDA MUNICIPIO LIBERTADOR PARROQUIA ANTONIO SPINETTI DINI',5,'','',''),(7375,'CONSEJO COMUNAL EL LLANITO ESTADO MERIDA MUNICIPIO LIBERTADOR PARROQUIA ANTONIO SPINETTI DINI',5,'','',''),(7376,'CONSEJO COMUNAL MARISCAL SUCRE ESTADO MERIDA MUNICIPIO LIBERTADOR PARROQUIA ANTONIO SPINETTI DINI',5,'','',''),(7377,'CONSEJO COMUNAL SAN JOSE BAJO ESTADO MERIDA MUNICIPIO LIBERTADOR PARROQUIA ANTONIO SPINETTI DINI',5,'','',''),(7378,'CONSEJO COMUNAL LOS FRANCISCANOS ESTADO MERIDA MUNICIPIO LIBERTADOR PARROQUIA ARIAS',5,'','',''),(7379,'CONSEJO COMUNAL PARAMITO ESTADO MERIDA MUNICIPIO LIBERTADOR PARROQUIA ARIAS',5,'','',''),(7380,'CONSEJO COMUNAL SAN MATEO ESTADO MERIDA MUNICIPIO LIBERTADOR PARROQUIA ARIAS',5,'','',''),(7381,'CONSEJO COMUNAL LA PUEBLITA ESTADO MERIDA MUNICIPIO LIBERTADOR PARROQUIA ARIAS',5,'','',''),(7382,'CONSEJO COMUNAL BELLA VISTA ESTADO MERIDA MUNICIPIO LIBERTADOR PARROQUIA ARIAS',5,'','',''),(7383,'CONSEJO COMUNAL CARLOS GAINZA TRES ESQUINA ESTADO MERIDA MUNICIPIO LIBERTADOR PARROQUIA ARIAS',5,'','',''),(7384,'CONSEJO COMUNAL CAMINOS LOS CINAROS ESTADO MERIDA MUNICIPIO LIBERTADOR PARROQUIA ARIAS',5,'','',''),(7385,'CONSEJO COMUNAL LA COLUMNA ESTADO MERIDA MUNICIPIO LIBERTADOR PARROQUIA ARIAS',5,'','',''),(7386,'CONSEJO COMUNAL LOS FRAILES ESTADO MERIDA MUNICIPIO LIBERTADOR PARROQUIA ARIAS',5,'','',''),(7387,'CONSEJO COMUNAL MARIANITA MENDOZA ESTADO MERIDA MUNICIPIO LIBERTADOR PARROQUIA ARIAS',5,'','',''),(7388,'CONSEJO COMUNAL DON PERUCHO ESTADO MERIDA MUNICIPIO LIBERTADOR PARROQUIA ARIAS',5,'','',''),(7389,'CONSEJO COMUNAL SUB SECTOR 21 BELEN ESTADO MERIDA MUNICIPIO LIBERTADOR PARROQUIA ARIAS',5,'','',''),(7390,'CONSEJO COMUNAL RINCON DE LOURDES ESTADO MERIDA MUNICIPIO LIBERTADOR PARROQUIA ARIAS',5,'','',''),(7391,'CONSEJO COMUNAL EL ARENAL SECTOR 169 ESTADO MERIDA MUNICIPIO LIBERTADOR PARROQUIA ARIAS',5,'','',''),(7392,'CONSEJO COMUNAL SANTA BARBARA OESTE ESTADO MERIDA MUNICIPIO LIBERTADOR PARROQUIA CARACCIOLO PARRA PÉREZ',5,'','',''),(7393,'CONSEJO COMUNAL EL QUEBRADOR ESTADO MERIDA MUNICIPIO LIBERTADOR PARROQUIA CARACCIOLO PARRA PÉREZ',5,'','',''),(7394,'CONSEJO COMUNAL HUMBOLDT I ESTADO MERIDA MUNICIPIO LIBERTADOR PARROQUIA CARACCIOLO PARRA PÉREZ',5,'','',''),(7395,'CONSEJO COMUNAL SANTA BARBARA ESTE ESTADO MERIDA MUNICIPIO LIBERTADOR PARROQUIA CARACCIOLO PARRA PÉREZ',5,'','',''),(7396,'CONSEJO COMUNAL MOCOTIES ESTADO MERIDA MUNICIPIO LIBERTADOR PARROQUIA CARACCIOLO PARRA PÉREZ',5,'','',''),(7397,'CONSEJO COMUNAL SAN ISIDRO ESTADO MERIDA MUNICIPIO LIBERTADOR PARROQUIA CARACCIOLO PARRA PÉREZ',5,'','',''),(7398,'CONSEJO COMUNAL BELLA VISTA MOCOTIES  I ESTADO MERIDA MUNICIPIO LIBERTADOR PARROQUIA CARACCIOLO PARRA PÉREZ',5,'','',''),(7399,'CONSEJO COMUNAL EL TEJAR EL BOSQUE 130 ESTADO MERIDA MUNICIPIO LIBERTADOR PARROQUIA CARACCIOLO PARRA PÉREZ',5,'','',''),(7400,'CONSEJO COMUNAL SECTOR 5 DE CAMPO DE ORO ESTADO MERIDA MUNICIPIO LIBERTADOR PARROQUIA DOMINGO PEÑA',5,'','',''),(7401,'CONSEJO COMUNAL MARIANO PICON SALAS SECTOR A ESTADO MERIDA MUNICIPIO LIBERTADOR PARROQUIA DOMINGO PEÑA',5,'','',''),(7402,'CONSEJO COMUNAL EL CARPINTERO PARTE ALTA ESTADO MERIDA MUNICIPIO LIBERTADOR PARROQUIA DOMINGO PEÑA',5,'','',''),(7403,'CONSEJO COMUNAL ASOCIATIVA COOPERATIVA BANCO COMUNAL ESTADO MERIDA MUNICIPIO LIBERTADOR PARROQUIA DOMINGO PEÑA',5,'','',''),(7404,'CONSEJO COMUNAL SANTA JUANA SECTOR A ESTADO MERIDA MUNICIPIO LIBERTADOR PARROQUIA DOMINGO PEÑA',5,'','',''),(7405,'CONSEJO COMUNAL CUATRICENTENARIO (SECTOR 82)  ESTADO MERIDA MUNICIPIO LIBERTADOR PARROQUIA DOMINGO PEÑA',5,'','',''),(7406,'CONSEJO COMUNAL DOMINGO PEÑA ESTADO MERIDA MUNICIPIO LIBERTADOR PARROQUIA DOMINGO PEÑA',5,'','',''),(7407,'CONSEJO COMUNAL MAESTRO HERIBERTO ESTADO MERIDA MUNICIPIO LIBERTADOR PARROQUIA DOMINGO PEÑA',5,'','',''),(7408,'CONSEJO COMUNAL JUAN XXIII ESTADO MERIDA MUNICIPIO LIBERTADOR PARROQUIA DOMINGO PEÑA',5,'','',''),(7409,'CONSEJO COMUNAL CAMPO DE ORO SECTOR SANTA JUANA ESTADO MERIDA MUNICIPIO LIBERTADOR PARROQUIA DOMINGO PEÑA',5,'','',''),(7410,'CONSEJO COMUNAL KENNEDY ESTADO MERIDA MUNICIPIO LIBERTADOR PARROQUIA DOMINGO PEÑA',5,'','',''),(7411,'CONSEJO COMUNAL URB. MARIANO PICON SALAS ESTADO MERIDA MUNICIPIO LIBERTADOR PARROQUIA DOMINGO PEÑA',5,'','',''),(7412,'CONSEJO COMUNAL QUIBARIO SANTA MONICA ESTADO MERIDA MUNICIPIO LIBERTADOR PARROQUIA DOMINGO PEÑA',5,'','',''),(7413,'CONSEJO COMUNAL UNION CALLE 3 CAMPO DE ORO ESTADO MERIDA MUNICIPIO LIBERTADOR PARROQUIA DOMINGO PEÑA',5,'','',''),(7414,'CONSEJO COMUNAL ASOCIATIVA COOPERATIVA BANCO COMUNAL ESTADO MERIDA MUNICIPIO LIBERTADOR PARROQUIA DOMINGO PEÑA',5,'','',''),(7415,'CONSEJO COMUNAL SAN BENITO CALLE 02 ESTADO MERIDA MUNICIPIO LIBERTADOR PARROQUIA DOMINGO PEÑA',5,'','',''),(7416,'CONSEJO COMUNAL SANTA JUANA NORTE  ESTADO MERIDA MUNICIPIO LIBERTADOR PARROQUIA DOMINGO PEÑA',5,'','',''),(7417,'CONSEJO COMUNAL VICENTE LOBO ESTADO MERIDA MUNICIPIO LIBERTADOR PARROQUIA DOMINGO PEÑA',5,'','',''),(7418,'CONSEJO COMUNAL SAN JOSE OBRERO ESTADO MERIDA MUNICIPIO LIBERTADOR PARROQUIA DOMINGO PEÑA',5,'','',''),(7419,'CONSEJO COMUNAL SANTA ELENA ESTADO MERIDA MUNICIPIO LIBERTADOR PARROQUIA DOMINGO PEÑA',5,'','',''),(7420,'CONSEJO COMUNAL AV 2 LORA ESTADO MERIDA MUNICIPIO LIBERTADOR PARROQUIA EL LLANO',5,'','',''),(7421,'CONSEJO COMUNAL PIE DEL LLANO ESTADO MERIDA MUNICIPIO LIBERTADOR PARROQUIA EL LLANO',5,'','',''),(7422,'CONSEJO COMUNAL EL MAITIN ESTADO MERIDA MUNICIPIO LIBERTADOR PARROQUIA GONZALO PICÓN FEBRES',5,'','',''),(7423,'CONSEJO COMUNAL PRADO VERDE LA CARBONERA ESTADO MERIDA MUNICIPIO LIBERTADOR PARROQUIA GONZALO PICÓN FEBRES',5,'','',''),(7424,'CONSEJO COMUNAL ALTO DE LOS PINOS ESTADO MERIDA MUNICIPIO LIBERTADOR PARROQUIA GONZALO PICÓN FEBRES',5,'','',''),(7425,'CONSEJO COMUNAL BOLIVARIANO REVOLUCIONARIO Y SOCIALISTA PARAMO LA CULATA ESTADO MERIDA MUNICIPIO LIBERTADOR PARROQUIA GONZALO PICÓN FEBRES',5,'','',''),(7426,'CONSEJO COMUNAL LA CUCHILLA ESTADO MERIDA MUNICIPIO LIBERTADOR PARROQUIA GONZALO PICÓN FEBRES',5,'','',''),(7427,'CONSEJO COMUNAL MONTERREY BAJO ESTADO MERIDA MUNICIPIO LIBERTADOR PARROQUIA GONZALO PICÓN FEBRES',5,'','',''),(7428,'CONSEJO COMUNAL LOS PIOS ESTADO MERIDA MUNICIPIO LIBERTADOR PARROQUIA GONZALO PICÓN FEBRES',5,'','',''),(7429,'CONSEJO COMUNAL PARAMO EL ESCORIAL ESTADO MERIDA MUNICIPIO LIBERTADOR PARROQUIA GONZALO PICÓN FEBRES',5,'','',''),(7430,'CONSEJO COMUNAL ALTO VIENTO LA VERGARA ESTADO MERIDA MUNICIPIO LIBERTADOR PARROQUIA GONZALO PICÓN FEBRES',5,'','',''),(7431,'CONSEJO COMUNAL MONTERREY MEDIO ESTADO MERIDA MUNICIPIO LIBERTADOR PARROQUIA GONZALO PICÓN FEBRES',5,'','',''),(7432,'CONSEJO COMUNAL BELLA VISTA ESTADO MERIDA MUNICIPIO LIBERTADOR PARROQUIA GONZALO PICÓN FEBRES',5,'','',''),(7433,'CONSEJO COMUNAL LAS CUADRAS ESTADO MERIDA MUNICIPIO LIBERTADOR PARROQUIA GONZALO PICÓN FEBRES',5,'','',''),(7434,'CONSEJO COMUNAL MONTERREY ALTO ESTADO MERIDA MUNICIPIO LIBERTADOR PARROQUIA GONZALO PICÓN FEBRES',5,'','',''),(7435,'CONSEJO COMUNAL MUCUJUN ESTADO MERIDA MUNICIPIO LIBERTADOR PARROQUIA GONZALO PICÓN FEBRES',5,'','',''),(7436,'CONSEJO COMUNAL BOLIVARIANO 13 DE ABRIL ESTADO MERIDA MUNICIPIO LIBERTADOR PARROQUIA GONZALO PICÓN FEBRES',5,'','',''),(7437,'CONSEJO COMUNAL PLAYON ALTO ESTADO MERIDA MUNICIPIO LIBERTADOR PARROQUIA GONZALO PICÓN FEBRES',5,'','',''),(7438,'CONSEJO COMUNAL QUEBRADA VIRGEN DE LAS MERCEDES ESTADO MERIDA MUNICIPIO LIBERTADOR PARROQUIA GONZALO PICÓN FEBRES',5,'','',''),(7439,'CONSEJO COMUNAL LOS CAMELLONES ESTADO MERIDA MUNICIPIO LIBERTADOR PARROQUIA GONZALO PICÓN FEBRES',5,'','',''),(7440,'CONSEJO COMUNAL LOS PINOS DEL VALLE ESTADO MERIDA MUNICIPIO LIBERTADOR PARROQUIA GONZALO PICÓN FEBRES',5,'','',''),(7441,'CONSEJO COMUNAL EL PAJONAL ESTADO MERIDA MUNICIPIO LIBERTADOR PARROQUIA GONZALO PICÓN FEBRES',5,'','',''),(7442,'CONSEJO COMUNAL VALLECITO ALTO ESTADO MERIDA MUNICIPIO LIBERTADOR PARROQUIA GONZALO PICÓN FEBRES',5,'','',''),(7443,'CONSEJO COMUNAL PASAJE EL MILAGRO ESTADO MERIDA MUNICIPIO LIBERTADOR PARROQUIA GONZALO PICÓN FEBRES',5,'','',''),(7444,'CONSEJO COMUNAL ARADO A ESTADO MERIDA MUNICIPIO LIBERTADOR PARROQUIA GONZALO PICÓN FEBRES',5,'','',''),(7445,'CONSEJO COMUNAL SAN JOSE DE LA CAÑA ESTADO MERIDA MUNICIPIO LIBERTADOR PARROQUIA GONZALO PICÓN FEBRES',5,'','',''),(7446,'CONSEJO COMUNAL LA VEGA ESTADO MERIDA MUNICIPIO LIBERTADOR PARROQUIA GONZALO PICÓN FEBRES',5,'','',''),(7447,'CONSEJO COMUNAL LAS ACACIAS ESTADO MERIDA MUNICIPIO LIBERTADOR PARROQUIA JACINTO PLAZA',5,'','',''),(7448,'CONSEJO COMUNAL LA FORTALEZA ESTADO MERIDA MUNICIPIO LIBERTADOR PARROQUIA JACINTO PLAZA',5,'','',''),(7449,'CONSEJO COMUNAL LOMA DE LOS DIAZ ESTADO MERIDA MUNICIPIO LIBERTADOR PARROQUIA JACINTO PLAZA',5,'','',''),(7450,'CONSEJO COMUNAL MAHATMA GHANDY ESTADO MERIDA MUNICIPIO LIBERTADOR PARROQUIA JACINTO PLAZA',5,'','',''),(7451,'CONSEJO COMUNAL CHAMITA I ESTADO MERIDA MUNICIPIO LIBERTADOR PARROQUIA JACINTO PLAZA',5,'','',''),(7452,'CONSEJO COMUNAL LOS CEDROS ESTADO MERIDA MUNICIPIO LIBERTADOR PARROQUIA JACINTO PLAZA',5,'','',''),(7453,'CONSEJO COMUNAL RINCON ALTO ESTADO MERIDA MUNICIPIO LIBERTADOR PARROQUIA JACINTO PLAZA',5,'','',''),(7454,'CONSEJO COMUNAL LAS MESITAS ESTADO MERIDA MUNICIPIO LIBERTADOR PARROQUIA JACINTO PLAZA',5,'','',''),(7455,'CONSEJO COMUNAL NIÑO JESUS ESTADO MERIDA MUNICIPIO LIBERTADOR PARROQUIA JACINTO PLAZA',5,'','',''),(7456,'CONSEJO COMUNAL URB CARABOBO SECTOR C ESTADO MERIDA MUNICIPIO LIBERTADOR PARROQUIA JACINTO PLAZA',5,'','',''),(7457,'CONSEJO COMUNAL RAUL LEONI ESTADO MERIDA MUNICIPIO LIBERTADOR PARROQUIA JACINTO PLAZA',5,'','',''),(7458,'CONSEJO COMUNAL RESIDENCIAS LOS BUCARES ESTADO MERIDA MUNICIPIO LIBERTADOR PARROQUIA JACINTO PLAZA',5,'','',''),(7459,'CONSEJO COMUNAL CHAMITA II ESTADO MERIDA MUNICIPIO LIBERTADOR PARROQUIA JACINTO PLAZA',5,'','',''),(7460,'CONSEJO COMUNAL SAN ANTONIO ESTADO MERIDA MUNICIPIO LIBERTADOR PARROQUIA JACINTO PLAZA',5,'','',''),(7461,'CONSEJO COMUNAL SANTA EDUVIGES ESTADO MERIDA MUNICIPIO LIBERTADOR PARROQUIA JACINTO PLAZA',5,'','',''),(7462,'CONSEJO COMUNAL EL PORTACHUELO ESTADO MERIDA MUNICIPIO LIBERTADOR PARROQUIA JACINTO PLAZA',5,'','',''),(7463,'CONSEJO COMUNAL SIERRA LINDA ESTADO MERIDA MUNICIPIO LIBERTADOR PARROQUIA JACINTO PLAZA',5,'','',''),(7464,'CONSEJO COMUNAL RINCON BAJO ESTADO MERIDA MUNICIPIO LIBERTADOR PARROQUIA JACINTO PLAZA',5,'','',''),(7465,'CONSEJO COMUNAL LAS ADJUNTAS ESTADO MERIDA MUNICIPIO LIBERTADOR PARROQUIA JACINTO PLAZA',5,'','',''),(7466,'CONSEJO COMUNAL ANDRES BELLO ESTADO MERIDA MUNICIPIO LIBERTADOR PARROQUIA JACINTO PLAZA',5,'','',''),(7467,'CONSEJO COMUNAL FUNDACOMUN ESTADO MERIDA MUNICIPIO LIBERTADOR PARROQUIA JACINTO PLAZA',5,'','',''),(7468,'CONSEJO COMUNAL 5 AGUILAS BLANCAS ESTADO MERIDA MUNICIPIO LIBERTADOR PARROQUIA JACINTO PLAZA',5,'','',''),(7469,'CONSEJO COMUNAL URB CARABOBO SECTOR B ESTADO MERIDA MUNICIPIO LIBERTADOR PARROQUIA JACINTO PLAZA',5,'','',''),(7470,'CONSEJO COMUNAL LOS AZULES ESTADO MERIDA MUNICIPIO LIBERTADOR PARROQUIA JACINTO PLAZA',5,'','',''),(7471,'CONSEJO COMUNAL URBANISMO CARABOBO II ESTADO MERIDA MUNICIPIO LIBERTADOR PARROQUIA JACINTO PLAZA',5,'','',''),(7472,'CONSEJO COMUNAL EL POTRERO ESTADO MERIDA MUNICIPIO LIBERTADOR PARROQUIA JACINTO PLAZA',5,'','',''),(7473,'CONSEJO COMUNAL EL PORVENIR ESTADO MERIDA MUNICIPIO LIBERTADOR PARROQUIA JACINTO PLAZA',5,'','',''),(7474,'CONSEJO COMUNAL CHE GUEVARA ESTADO MERIDA MUNICIPIO LIBERTADOR PARROQUIA JACINTO PLAZA',5,'','',''),(7475,'CONSEJO COMUNAL SANTA MARIA ESTADO MERIDA MUNICIPIO LIBERTADOR PARROQUIA JACINTO PLAZA',5,'','',''),(7476,'CONSEJO COMUNAL SIMON RODRIGUEZ ESTADO MERIDA MUNICIPIO LIBERTADOR PARROQUIA JACINTO PLAZA',5,'','',''),(7477,'CONSEJO COMUNAL LAS CUMBRES ESTADO MERIDA MUNICIPIO LIBERTADOR PARROQUIA JACINTO PLAZA',5,'','',''),(7478,'CONSEJO COMUNAL LOS NARANJOS ESTADO MERIDA MUNICIPIO LIBERTADOR PARROQUIA JACINTO PLAZA',5,'','',''),(7479,'CONSEJO COMUNAL FRANCISCO DE MIRANDA ESTADO MERIDA MUNICIPIO LIBERTADOR PARROQUIA JACINTO PLAZA',5,'','',''),(7480,'CONSEJO COMUNAL CALLE 13 LOS BUCARES ESTADO MERIDA MUNICIPIO LIBERTADOR PARROQUIA JACINTO PLAZA',5,'','',''),(7481,'CONSEJO COMUNAL LA FRIA LAS TIENDITAS ESTADO MERIDA MUNICIPIO LIBERTADOR PARROQUIA JACINTO PLAZA',5,'','',''),(7482,'CONSEJO COMUNAL LOS TANQUES ESTADO MERIDA MUNICIPIO LIBERTADOR PARROQUIA JACINTO PLAZA',5,'','',''),(7483,'CONSEJO COMUNAL VEREDA 14 16 SECTOR A ESTADO MERIDA MUNICIPIO LIBERTADOR PARROQUIA JACINTO PLAZA',5,'','',''),(7484,'CONSEJO COMUNAL SANTA CATALINA ESTADO MERIDA MUNICIPIO LIBERTADOR PARROQUIA JACINTO PLAZA',5,'','',''),(7485,'CONSEJO COMUNAL SAN BENITO ESTADO MERIDA MUNICIPIO LIBERTADOR PARROQUIA JACINTO PLAZA',5,'','',''),(7486,'CONSEJO COMUNAL CALLE LAGUNILLA ESTADO MERIDA MUNICIPIO LIBERTADOR PARROQUIA JACINTO PLAZA',5,'','',''),(7487,'CONSEJO COMUNAL EL PORVENIR ESTADO MERIDA MUNICIPIO LIBERTADOR PARROQUIA JACINTO PLAZA',5,'','',''),(7488,'CONSEJO COMUNAL LA CARBONERA ESTADO MERIDA MUNICIPIO LIBERTADOR PARROQUIA JACINTO PLAZA',5,'','',''),(7489,'CONSEJO COMUNAL AGUA BLANCA ESTADO MERIDA MUNICIPIO LIBERTADOR PARROQUIA JACINTO PLAZA',5,'','',''),(7490,'CONSEJO COMUNAL LA CARBONERA MEDIA ESTADO MERIDA MUNICIPIO LIBERTADOR PARROQUIA JACINTO PLAZA',5,'','',''),(7491,'CONSEJO COMUNAL CALLE JEREZ ESTADO MERIDA MUNICIPIO LIBERTADOR PARROQUIA JACINTO PLAZA',5,'','',''),(7492,'CONSEJO COMUNAL LOMA  LOS MIDEROS ESTADO MERIDA MUNICIPIO LIBERTADOR PARROQUIA JACINTO PLAZA',5,'','',''),(7493,'CONSEJO COMUNAL EL CAMBUR DE JACINTO PLAZA ESTADO MERIDA MUNICIPIO LIBERTADOR PARROQUIA JACINTO PLAZA',5,'','',''),(7494,'CONSEJO COMUNAL LAS MESITAS SECTOR LA CANCHA ESTADO MERIDA MUNICIPIO LIBERTADOR PARROQUIA JACINTO PLAZA',5,'','',''),(7495,'CONSEJO COMUNAL NEGRO PRIMERO ESTADO MERIDA MUNICIPIO LIBERTADOR PARROQUIA JACINTO PLAZA',5,'','',''),(7496,'CONSEJO COMUNAL LA ASTILLERA ESTADO MERIDA MUNICIPIO LIBERTADOR PARROQUIA JACINTO PLAZA',5,'','',''),(7497,'CONSEJO COMUNAL SAN RAFAEL DEL CHAMA ESTADO MERIDA MUNICIPIO LIBERTADOR PARROQUIA JACINTO PLAZA',5,'','',''),(7498,'CONSEJO COMUNAL EL CENTRAL ESTADO MERIDA MUNICIPIO LIBERTADOR PARROQUIA JUAN RODRÍGUEZ SUÁREZ',5,'','',''),(7499,'CONSEJO COMUNAL CONSEJO COMUNAL SATELITE EL CARRIZAL NUCLEO A ESTADO MERIDA MUNICIPIO LIBERTADOR PARROQUIA JUAN RODRÍGUEZ SUÁREZ',5,'','',''),(7500,'CONSEJO COMUNAL CASCO CENTRAL DE LA PARROQUIA ESTADO MERIDA MUNICIPIO LIBERTADOR PARROQUIA JUAN RODRÍGUEZ SUÁREZ',5,'','',''),(7501,'CONSEJO COMUNAL ZUMBA SUR SECTOR 70 ESTADO MERIDA MUNICIPIO LIBERTADOR PARROQUIA JUAN RODRÍGUEZ SUÁREZ',5,'','',''),(7502,'CONSEJO COMUNAL LA VEGA DE ZUMBA ESTADO MERIDA MUNICIPIO LIBERTADOR PARROQUIA JUAN RODRÍGUEZ SUÁREZ',5,'','',''),(7503,'CONSEJO COMUNAL CONSEJO COMUNAL EL CENTRAL ESTADO MERIDA MUNICIPIO LIBERTADOR PARROQUIA JUAN RODRÍGUEZ SUÁREZ',5,'','',''),(7504,'CONSEJO COMUNAL ALTO CHAMA ESTADO MERIDA MUNICIPIO LIBERTADOR PARROQUIA JUAN RODRÍGUEZ SUÁREZ',5,'','',''),(7505,'CONSEJO COMUNAL SATELITE EL CARRIZAL NUCLEO A ESTADO MERIDA MUNICIPIO LIBERTADOR PARROQUIA JUAN RODRÍGUEZ SUÁREZ',5,'','',''),(7506,'CONSEJO COMUNAL LOS RUICES ESTADO MERIDA MUNICIPIO LIBERTADOR PARROQUIA LASSO DE LA VEGA',5,'','',''),(7507,'CONSEJO COMUNAL MIRA SIERRA ESTADO MERIDA MUNICIPIO LIBERTADOR PARROQUIA LASSO DE LA VEGA',5,'','',''),(7508,'CONSEJO COMUNAL RESIDENCIA LA TRINIDAD ESTADO MERIDA MUNICIPIO LIBERTADOR PARROQUIA LASSO DE LA VEGA',5,'','',''),(7509,'CONSEJO COMUNAL LOS NARANJOS Y EL PINAR DE LA PEDREGOSA SUR ESTADO MERIDA MUNICIPIO LIBERTADOR PARROQUIA LASSO DE LA VEGA',5,'','',''),(7510,'CONSEJO COMUNAL DR RAMON PARRA PICON ESTADO MERIDA MUNICIPIO LIBERTADOR PARROQUIA LASSO DE LA VEGA',5,'','',''),(7511,'CONSEJO COMUNAL LA LINDA ESTADO MERIDA MUNICIPIO LIBERTADOR PARROQUIA LASSO DE LA VEGA',5,'','',''),(7512,'CONSEJO COMUNAL RESIDENCIA LAGUNILLAS Y CALLE CHAMA ESTADO MERIDA MUNICIPIO LIBERTADOR PARROQUIA LASSO DE LA VEGA',5,'','',''),(7513,'CONSEJO COMUNAL VENCEDORES LA MORITA ESTADO MERIDA MUNICIPIO LIBERTADOR PARROQUIA LASSO DE LA VEGA',5,'','',''),(7514,'CONSEJO COMUNAL SAN PIO X ESTADO MERIDA MUNICIPIO LIBERTADOR PARROQUIA LASSO DE LA VEGA',5,'','',''),(7515,'CONSEJO COMUNAL COMUNA SAN RAFAEL ESTADO MERIDA MUNICIPIO LIBERTADOR PARROQUIA LASSO DE LA VEGA',5,'','',''),(7516,'CONSEJO COMUNAL SIMON RODRIGUEZ ESTADO MERIDA MUNICIPIO LIBERTADOR PARROQUIA LASSO DE LA VEGA',5,'','',''),(7517,'CONSEJO COMUNAL SAN ISIDRO ESTADO MERIDA MUNICIPIO LIBERTADOR PARROQUIA LASSO DE LA VEGA',5,'','',''),(7518,'CONSEJO COMUNAL CORAZON DE JESUS PEDREGOSA ALTA ESTADO MERIDA MUNICIPIO LIBERTADOR PARROQUIA LASSO DE LA VEGA',5,'','',''),(7519,'CONSEJO COMUNAL LOMA DE LA VIRGEN ESTADO MERIDA MUNICIPIO LIBERTADOR PARROQUIA LASSO DE LA VEGA',5,'','',''),(7520,'CONSEJO COMUNAL VECINOS UNIDOS ESTADO MERIDA MUNICIPIO LIBERTADOR PARROQUIA LASSO DE LA VEGA',5,'','',''),(7521,'CONSEJO COMUNAL LA CIMA ESTADO MERIDA MUNICIPIO LIBERTADOR PARROQUIA LASSO DE LA VEGA',5,'','',''),(7522,'CONSEJO COMUNAL SAN BENITO ESTADO MERIDA MUNICIPIO LIBERTADOR PARROQUIA LASSO DE LA VEGA',5,'','',''),(7523,'CONSEJO COMUNAL NUEVA BOLIVIA ESTADO MERIDA MUNICIPIO LIBERTADOR PARROQUIA LASSO DE LA VEGA',5,'','',''),(7524,'CONSEJO COMUNAL LA FLORESTA ESTADO MERIDA MUNICIPIO LIBERTADOR PARROQUIA LASSO DE LA VEGA',5,'','',''),(7525,'CONSEJO COMUNAL MONTE BELLO BAJO ESTADO MERIDA MUNICIPIO LIBERTADOR PARROQUIA MARIANO PICÓN SALAS',5,'','',''),(7526,'CONSEJO COMUNAL LOMA DE LA VIRGEN ALTA ESTADO MERIDA MUNICIPIO LIBERTADOR PARROQUIA MARIANO PICÓN SALAS',5,'','',''),(7527,'CONSEJO COMUNAL LOS PINOS DE BOLIVAR ESTADO MERIDA MUNICIPIO LIBERTADOR PARROQUIA MARIANO PICÓN SALAS',5,'','',''),(7528,'CONSEJO COMUNAL DON ELIO ESTADO MERIDA MUNICIPIO LIBERTADOR PARROQUIA MARIANO PICÓN SALAS',5,'','',''),(7529,'CONSEJO COMUNAL MONTE BELLO ALTO ESTADO MERIDA MUNICIPIO LIBERTADOR PARROQUIA MARIANO PICÓN SALAS',5,'','',''),(7530,'CONSEJO COMUNAL LAS QUEBRADITAS ESTADO MERIDA MUNICIPIO LIBERTADOR PARROQUIA MARIANO PICÓN SALAS',5,'','',''),(7531,'CONSEJO COMUNAL LUZ DE LA ESPERANZA ESTADO MERIDA MUNICIPIO LIBERTADOR PARROQUIA MARIANO PICÓN SALAS',5,'','',''),(7532,'CONSEJO COMUNAL PASO DE LOS ANDES ESTADO MERIDA MUNICIPIO LIBERTADOR PARROQUIA MARIANO PICÓN SALAS',5,'','',''),(7533,'CONSEJO COMUNAL COLINAS DE LUMONTY ALTO ESTADO MERIDA MUNICIPIO LIBERTADOR PARROQUIA MARIANO PICÓN SALAS',5,'','',''),(7534,'CONSEJO COMUNAL PARQUE LAS AMERICAS ESTADO MERIDA MUNICIPIO LIBERTADOR PARROQUIA MARIANO PICÓN SALAS',5,'','',''),(7535,'CONSEJO COMUNAL SANTA ROSA ESTADO MERIDA MUNICIPIO LIBERTADOR PARROQUIA MILLA',5,'','',''),(7536,'CONSEJO COMUNAL LA CALERA ESTADO MERIDA MUNICIPIO LIBERTADOR PARROQUIA MILLA',5,'','',''),(7537,'CONSEJO COMUNAL LUCHADORES SOCIALES ESTADO MERIDA MUNICIPIO LIBERTADOR PARROQUIA MILLA',5,'','',''),(7538,'CONSEJO COMUNAL CUESTA DE SAN BENITO ESTADO MERIDA MUNICIPIO LIBERTADOR PARROQUIA MILLA',5,'','',''),(7539,'CONSEJO COMUNAL LA MILAGROSA PARTE BAJA II ESTADO MERIDA MUNICIPIO LIBERTADOR PARROQUIA MILLA',5,'','',''),(7540,'CONSEJO COMUNAL UNION DOECA CALLE QUINTERO TATUY AVENIDA PRINCIPAL Y EL CONUCO ESTADO MERIDA MUNICIPIO LIBERTADOR PARROQUIA MILLA',5,'','',''),(7541,'CONSEJO COMUNAL LA VUELTA ESTADO MERIDA MUNICIPIO LIBERTADOR PARROQUIA MILLA',5,'','',''),(7542,'CONSEJO COMUNAL MILLA CENTRAL ESTADO MERIDA MUNICIPIO LIBERTADOR PARROQUIA MILLA',5,'','',''),(7543,'CONSEJO COMUNAL LA NUEVA PROVIDENCIA ESTADO MERIDA MUNICIPIO LIBERTADOR PARROQUIA MILLA',5,'','',''),(7544,'CONSEJO COMUNAL CRISTO REY ESTADO MERIDA MUNICIPIO LIBERTADOR PARROQUIA MILLA',5,'','',''),(7545,'CONSEJO COMUNAL SANTA MARIA NORTE ESTADO MERIDA MUNICIPIO LIBERTADOR PARROQUIA MILLA',5,'','',''),(7546,'CONSEJO COMUNAL ANDRES ELOY BLANCO 2 ESTADO MERIDA MUNICIPIO LIBERTADOR PARROQUIA MILLA',5,'','',''),(7547,'CONSEJO COMUNAL PLANIFICACION Y EL AMPARO ESTADO MERIDA MUNICIPIO LIBERTADOR PARROQUIA MILLA',5,'','',''),(7548,'CONSEJO COMUNAL 5 DE JULIO ESTADO MERIDA MUNICIPIO LIBERTADOR PARROQUIA MILLA',5,'','',''),(7549,'CONSEJO COMUNAL 10 DE DICIEMBRE ESTADO MERIDA MUNICIPIO LIBERTADOR PARROQUIA OSUNA RODRÍGUEZ',5,'','',''),(7550,'CONSEJO COMUNAL JOSE ANTONIO PAEZ ESTADO MERIDA MUNICIPIO LIBERTADOR PARROQUIA OSUNA RODRÍGUEZ',5,'','',''),(7551,'CONSEJO COMUNAL RENACER ANDINO ESTADO MERIDA MUNICIPIO LIBERTADOR PARROQUIA OSUNA RODRÍGUEZ',5,'','',''),(7552,'CONSEJO COMUNAL RESIDENCIA ANDRES BELLO ESTADO MERIDA MUNICIPIO LIBERTADOR PARROQUIA OSUNA RODRÍGUEZ',5,'','',''),(7553,'CONSEJO COMUNAL BICENTENARIO ESTADO MERIDA MUNICIPIO LIBERTADOR PARROQUIA OSUNA RODRÍGUEZ',5,'','',''),(7554,'CONSEJO COMUNAL PEDRO CAMEJO ESTADO MERIDA MUNICIPIO LIBERTADOR PARROQUIA OSUNA RODRÍGUEZ',5,'','',''),(7555,'CONSEJO COMUNAL GRUPO DE ACCION BELLA VISTA ESTADO MERIDA MUNICIPIO LIBERTADOR PARROQUIA OSUNA RODRÍGUEZ',5,'','',''),(7556,'CONSEJO COMUNAL EL MIRADOR ESTADO MERIDA MUNICIPIO LIBERTADOR PARROQUIA OSUNA RODRÍGUEZ',5,'','',''),(7557,'CONSEJO COMUNAL ANTONIO JOSE DE SUCRE ESTADO MERIDA MUNICIPIO LIBERTADOR PARROQUIA OSUNA RODRÍGUEZ',5,'','',''),(7558,'CONSEJO COMUNAL SECTOR 64 ESTADO MERIDA MUNICIPIO LIBERTADOR PARROQUIA OSUNA RODRÍGUEZ',5,'','',''),(7559,'CONSEJO COMUNAL MONTAÑA ALTA ESTADO MERIDA MUNICIPIO LIBERTADOR PARROQUIA OSUNA RODRÍGUEZ',5,'','',''),(7560,'CONSEJO COMUNAL EL ENTABLITO ESTADO MERIDA MUNICIPIO LIBERTADOR PARROQUIA OSUNA RODRÍGUEZ',5,'','',''),(7561,'CONSEJO COMUNAL RESIDENCIA EL ENTABLE ESTADO MERIDA MUNICIPIO LIBERTADOR PARROQUIA OSUNA RODRÍGUEZ',5,'','',''),(7562,'CONSEJO COMUNAL SAN LAZARO ESTADO MERIDA MUNICIPIO LIBERTADOR PARROQUIA OSUNA RODRÍGUEZ',5,'','',''),(7563,'CONSEJO COMUNAL BARINITAS ESTADO MERIDA MUNICIPIO LIBERTADOR PARROQUIA SAGRARIO',5,'','',''),(7564,'CONSEJO COMUNAL EL ESPEJO ESTADO MERIDA MUNICIPIO LIBERTADOR PARROQUIA SAGRARIO',5,'','',''),(7565,'CONSEJO COMUNAL ALBARREGA  MONTOYA  ESTADO MERIDA MUNICIPIO LIBERTADOR PARROQUIA SAGRARIO',5,'','',''),(7566,'CONSEJO COMUNAL MOCOSOS ESTADO MERIDA MUNICIPIO LIBERTADOR PARROQUIA EL MORRO',5,'','',''),(7567,'CONSEJO COMUNAL MIQUIRURA ESTADO MERIDA MUNICIPIO LIBERTADOR PARROQUIA EL MORRO',5,'','',''),(7568,'CONSEJO COMUNAL LAS TRINITARIAS ESTADO MERIDA MUNICIPIO LIBERTADOR PARROQUIA EL MORRO',5,'','',''),(7569,'CONSEJO COMUNAL EL OREGANO ESTADO MERIDA MUNICIPIO LIBERTADOR PARROQUIA EL MORRO',5,'','',''),(7570,'CONSEJO COMUNAL SAN JACINTO ESTADO MERIDA MUNICIPIO LIBERTADOR PARROQUIA EL MORRO',5,'','',''),(7571,'CONSEJO COMUNAL ALDEA EL BANCO Y MUJUQUIAN ESTADO MERIDA MUNICIPIO LIBERTADOR PARROQUIA EL MORRO',5,'','',''),(7572,'CONSEJO COMUNAL MUCUTARAY ESTADO MERIDA MUNICIPIO LIBERTADOR PARROQUIA EL MORRO',5,'','',''),(7573,'CONSEJO COMUNAL HATO LOS PEREZ ESTADO MERIDA MUNICIPIO LIBERTADOR PARROQUIA EL MORRO',5,'','',''),(7574,'CONSEJO COMUNAL MOSNANDA ESTADO MERIDA MUNICIPIO LIBERTADOR PARROQUIA EL MORRO',5,'','',''),(7575,'CONSEJO COMUNAL ALDEA EL COCUY ESTADO MERIDA MUNICIPIO LIBERTADOR PARROQUIA EL MORRO',5,'','',''),(7576,'CONSEJO COMUNAL TAPIECITAS ESTADO MERIDA MUNICIPIO LIBERTADOR PARROQUIA EL MORRO',5,'','',''),(7577,'CONSEJO COMUNAL LA CABRERA ESTADO MERIDA MUNICIPIO LIBERTADOR PARROQUIA EL MORRO',5,'','',''),(7578,'CONSEJO COMUNAL MUCHACHAY ESTADO MERIDA MUNICIPIO LIBERTADOR PARROQUIA EL MORRO',5,'','',''),(7579,'CONSEJO COMUNAL MOCOTONE ESTADO MERIDA MUNICIPIO LIBERTADOR PARROQUIA EL MORRO',5,'','',''),(7580,'CONSEJO COMUNAL EL QUINO ESTADO MERIDA MUNICIPIO LIBERTADOR PARROQUIA EL MORRO',5,'','',''),(7581,'CONSEJO COMUNAL EL PLAN ESTADO MERIDA MUNICIPIO LIBERTADOR PARROQUIA EL MORRO',5,'','',''),(7582,'CONSEJO COMUNAL EL HATICO ESTADO MERIDA MUNICIPIO LIBERTADOR PARROQUIA EL MORRO',5,'','',''),(7583,'CONSEJO COMUNAL MOCAZ ESTADO MERIDA MUNICIPIO LIBERTADOR PARROQUIA EL MORRO',5,'','',''),(7584,'CONSEJO COMUNAL ALDEA EL CARRIZAL ESTADO MERIDA MUNICIPIO LIBERTADOR PARROQUIA LOS NEVADOS',5,'','',''),(7585,'CONSEJO COMUNAL EL HATO  ESTADO MERIDA MUNICIPIO LIBERTADOR PARROQUIA LOS NEVADOS',5,'','',''),(7586,'CONSEJO COMUNAL EL APURE ESTADO MERIDA MUNICIPIO LIBERTADOR PARROQUIA LOS NEVADOS',5,'','',''),(7587,'CONSEJO COMUNAL ALDEA SAN ANTONIO ESTADO MERIDA MUNICIPIO LIBERTADOR PARROQUIA LOS NEVADOS',5,'','',''),(7588,'CONSEJO COMUNAL SAN ISIDRO ESTADO MERIDA MUNICIPIO LIBERTADOR PARROQUIA LOS NEVADOS',5,'','',''),(7589,'CONSEJO COMUNAL CURAZAO ESTADO MERIDA MUNICIPIO LIBERTADOR PARROQUIA LOS NEVADOS',5,'','',''),(7590,'CONSEJO COMUNAL CENTRO POBLADO LOS NEVADOS ESTADO MERIDA MUNICIPIO LIBERTADOR PARROQUIA LOS NEVADOS',5,'','',''),(7591,'CONSEJO COMUNAL SAN RAFAEL ESTADO MERIDA MUNICIPIO LIBERTADOR PARROQUIA LOS NEVADOS',5,'','',''),(7592,'CONSEJO COMUNAL LAS PLUMAS ESTADO MERIDA MUNICIPIO LIBERTADOR PARROQUIA LOS NEVADOS',5,'','',''),(7593,'CONSEJO COMUNAL MANCOMUNIDAD INDIGENA TIMOTES ESTADO MERIDA MUNICIPIO MIRANDA PARROQUIA TIMOTES',5,'','',''),(7594,'CONSEJO COMUNAL LA VEGA EL LIMITE ESTADO MERIDA MUNICIPIO MIRANDA PARROQUIA TIMOTES',5,'','',''),(7595,'CONSEJO COMUNAL STA CRUZ DE TAFALLEZ 807 ESTADO MERIDA MUNICIPIO MIRANDA PARROQUIA TIMOTES',5,'','',''),(7596,'CONSEJO COMUNAL URB TIMOTES LA CANCHA ESTADO MERIDA MUNICIPIO MIRANDA PARROQUIA TIMOTES',5,'','',''),(7597,'CONSEJO COMUNAL LAS PLAYITAS I II III ESTADO MERIDA MUNICIPIO MIRANDA PARROQUIA TIMOTES',5,'','',''),(7598,'CONSEJO COMUNAL LA CUICA ESTADO MERIDA MUNICIPIO MIRANDA PARROQUIA TIMOTES',5,'','',''),(7599,'CONSEJO COMUNAL CENTRAL ESTADO MERIDA MUNICIPIO MIRANDA PARROQUIA TIMOTES',5,'','',''),(7600,'CONSEJO COMUNAL LLANO GRANDE ESTADO MERIDA MUNICIPIO MIRANDA PARROQUIA TIMOTES',5,'','',''),(7601,'CONSEJO COMUNAL ZARAZA ESTADO MERIDA MUNICIPIO MIRANDA PARROQUIA TIMOTES',5,'','',''),(7602,'CONSEJO COMUNAL LA VEGA PARTE ALTA ESTADO MERIDA MUNICIPIO MIRANDA PARROQUIA TIMOTES',5,'','',''),(7603,'CONSEJO COMUNAL LA LOMA DEL MEDIO ESTADO MERIDA MUNICIPIO MIRANDA PARROQUIA TIMOTES',5,'','',''),(7604,'CONSEJO COMUNAL PLAZA MIRANDA ESTADO MERIDA MUNICIPIO MIRANDA PARROQUIA TIMOTES',5,'','',''),(7605,'CONSEJO COMUNAL LA LAJITA ESTADO MERIDA MUNICIPIO MIRANDA PARROQUIA TIMOTES',5,'','',''),(7606,'CONSEJO COMUNAL PUEBLO ROSADO ESTADO MERIDA MUNICIPIO MIRANDA PARROQUIA TIMOTES',5,'','',''),(7607,'CONSEJO COMUNAL SANTA EDUVIGES CHIJOS 1 ESTADO MERIDA MUNICIPIO MIRANDA PARROQUIA TIMOTES',5,'','',''),(7608,'CONSEJO COMUNAL MONSEÑOR PULIDO Y EL ESTADIO ESTADO MERIDA MUNICIPIO MIRANDA PARROQUIA TIMOTES',5,'','',''),(7609,'CONSEJO COMUNAL CHICUA ESTADO MERIDA MUNICIPIO MIRANDA PARROQUIA TIMOTES',5,'','',''),(7610,'CONSEJO COMUNAL LAS CUARENTA 40 ESTADO MERIDA MUNICIPIO MIRANDA PARROQUIA TIMOTES',5,'','',''),(7611,'CONSEJO COMUNAL LOS APOCENTOS ESTADO MERIDA MUNICIPIO MIRANDA PARROQUIA TIMOTES',5,'','',''),(7612,'CONSEJO COMUNAL CASCO DEL PUEBLO ESTADO MERIDA MUNICIPIO MIRANDA PARROQUIA TIMOTES',5,'','',''),(7613,'CONSEJO COMUNAL EL KENNEDY ESTADO MERIDA MUNICIPIO MIRANDA PARROQUIA TIMOTES',5,'','',''),(7614,'CONSEJO COMUNAL SAN RAFAEL 1 ESTADO MERIDA MUNICIPIO MIRANDA PARROQUIA TIMOTES',5,'','',''),(7615,'CONSEJO COMUNAL LIBERTADORES DE AMERICA ESTADO MERIDA MUNICIPIO MIRANDA PARROQUIA TIMOTES',5,'','',''),(7616,'CONSEJO COMUNAL EL PARAMITO ESTADO MERIDA MUNICIPIO MIRANDA PARROQUIA TIMOTES',5,'','',''),(7617,'CONSEJO COMUNAL CHIJOS 2 ESTADO MERIDA MUNICIPIO MIRANDA PARROQUIA TIMOTES',5,'','',''),(7618,'CONSEJO COMUNAL EL SALADO ESTADO MERIDA MUNICIPIO MIRANDA PARROQUIA TIMOTES',5,'','',''),(7619,'CONSEJO COMUNAL LAS MERCEDES ESTADO MERIDA MUNICIPIO MIRANDA PARROQUIA TIMOTES',5,'','',''),(7620,'CONSEJO COMUNAL LA LAGUNITA MESA CERRADA ESTADO MERIDA MUNICIPIO MIRANDA PARROQUIA TIMOTES',5,'','',''),(7621,'CONSEJO COMUNAL MUCUSE MIRANDA ESTADO MERIDA MUNICIPIO MIRANDA PARROQUIA TIMOTES',5,'','',''),(7622,'CONSEJO COMUNAL EL BOQUERON EL HATO ESTADO MERIDA MUNICIPIO MIRANDA PARROQUIA TIMOTES',5,'','',''),(7623,'CONSEJO COMUNAL LA JOYA ESTADO MERIDA MUNICIPIO MIRANDA PARROQUIA TIMOTES',5,'','',''),(7624,'CONSEJO COMUNAL TAFELLEZ ESTADO MERIDA MUNICIPIO MIRANDA PARROQUIA TIMOTES',5,'','',''),(7625,'CONSEJO COMUNAL CC SANTA CRUZ DE MIJARA ALTA ESTADO MERIDA MUNICIPIO MIRANDA PARROQUIA TIMOTES',5,'','',''),(7626,'CONSEJO COMUNAL BARRIO PIÑANGUITO ESTADO MERIDA MUNICIPIO MIRANDA PARROQUIA TIMOTES',5,'','',''),(7627,'CONSEJO COMUNAL LUZ CARABALLO ESTADO MERIDA MUNICIPIO MIRANDA PARROQUIA TIMOTES',5,'','',''),(7628,'CONSEJO COMUNAL SANTA CRUZ DE MIJARA PARTE BAJA ESTADO MERIDA MUNICIPIO MIRANDA PARROQUIA TIMOTES',5,'','',''),(7629,'CONSEJO COMUNAL PUENTE REAL MUCUMBAS ESTADO MERIDA MUNICIPIO MIRANDA PARROQUIA TIMOTES',5,'','',''),(7630,'CONSEJO COMUNAL EL CHIRIMOYO ESTADO MERIDA MUNICIPIO MIRANDA PARROQUIA TIMOTES',5,'','',''),(7631,'CONSEJO COMUNAL PIEDRA GORDA ESTADO MERIDA MUNICIPIO MIRANDA PARROQUIA TIMOTES',5,'','',''),(7632,'CONSEJO COMUNAL LOS LLANITOS ESTADO MERIDA MUNICIPIO MIRANDA PARROQUIA TIMOTES',5,'','',''),(7633,'CONSEJO COMUNAL LOS RESGUARDOS ESTADO MERIDA MUNICIPIO MIRANDA PARROQUIA TIMOTES',5,'','',''),(7634,'CONSEJO COMUNAL QUINDORA ESTADO MERIDA MUNICIPIO MIRANDA PARROQUIA TIMOTES',5,'','',''),(7635,'CONSEJO COMUNAL LOS ARENALES ESTADO MERIDA MUNICIPIO MIRANDA PARROQUIA TIMOTES',5,'','',''),(7636,'CONSEJO COMUNAL MESA CERRADA PARTE ALTA ESTADO MERIDA MUNICIPIO MIRANDA PARROQUIA TIMOTES',5,'','',''),(7637,'CONSEJO COMUNAL OLEARI ESTADO MERIDA MUNICIPIO MIRANDA PARROQUIA TIMOTES',5,'','',''),(7638,'CONSEJO COMUNAL LA CUCHILLA DE TAFALLEZ ESTADO MERIDA MUNICIPIO MIRANDA PARROQUIA TIMOTES',5,'','',''),(7639,'CONSEJO COMUNAL ALTOS DE MUCUYUPU ESTADO MERIDA MUNICIPIO MIRANDA PARROQUIA ANDRÉS ELOY BLANCO',5,'','',''),(7640,'CONSEJO COMUNAL MITEQUE ESTADO MERIDA MUNICIPIO MIRANDA PARROQUIA ANDRÉS ELOY BLANCO',5,'','',''),(7641,'CONSEJO COMUNAL BUENA VISTA ESTADO MERIDA MUNICIPIO MIRANDA PARROQUIA ANDRÉS ELOY BLANCO',5,'','',''),(7642,'CONSEJO COMUNAL LOS PUENTES ESTADO MERIDA MUNICIPIO MIRANDA PARROQUIA ANDRÉS ELOY BLANCO',5,'','',''),(7643,'CONSEJO COMUNAL CASCO DEL PUEBLO ESTADO MERIDA MUNICIPIO MIRANDA PARROQUIA ANDRÉS ELOY BLANCO',5,'','',''),(7644,'CONSEJO COMUNAL TUYUY ESTADO MERIDA MUNICIPIO MIRANDA PARROQUIA ANDRÉS ELOY BLANCO',5,'','',''),(7645,'CONSEJO COMUNAL PIE DEL PUEBLO ESTADO MERIDA MUNICIPIO MIRANDA PARROQUIA ANDRÉS ELOY BLANCO',5,'','',''),(7646,'CONSEJO COMUNAL EL RESBALON ESTADO MERIDA MUNICIPIO MIRANDA PARROQUIA ANDRÉS ELOY BLANCO',5,'','',''),(7647,'CONSEJO COMUNAL LA VEGA LA BARRANCA ESTADO MERIDA MUNICIPIO MIRANDA PARROQUIA ANDRÉS ELOY BLANCO',5,'','',''),(7648,'CONSEJO COMUNAL EL SEQUION ESTADO MERIDA MUNICIPIO MIRANDA PARROQUIA ANDRÉS ELOY BLANCO',5,'','',''),(7649,'CONSEJO COMUNAL CAÑADA CERRADA ESTADO MERIDA MUNICIPIO MIRANDA PARROQUIA LA VENTA',5,'','',''),(7650,'CONSEJO COMUNAL LAS BATEAS ESTADO MERIDA MUNICIPIO MIRANDA PARROQUIA LA VENTA',5,'','',''),(7651,'CONSEJO COMUNAL LA VENTA ESTADO MERIDA MUNICIPIO MIRANDA PARROQUIA LA VENTA',5,'','',''),(7652,'CONSEJO COMUNAL CRUZ CHIQUITA ESTADO MERIDA MUNICIPIO MIRANDA PARROQUIA LA VENTA',5,'','',''),(7653,'CONSEJO COMUNAL LA HORCA ESTADO MERIDA MUNICIPIO MIRANDA PARROQUIA LA VENTA',5,'','',''),(7654,'CONSEJO COMUNAL LA VENTA ESTADO MERIDA MUNICIPIO MIRANDA PARROQUIA LA VENTA',5,'','',''),(7655,'CONSEJO COMUNAL EL RINCON DE LA VENTA ESTADO MERIDA MUNICIPIO MIRANDA PARROQUIA LA VENTA',5,'','',''),(7656,'CONSEJO COMUNAL LAS PAILITAS ESTADO MERIDA MUNICIPIO MIRANDA PARROQUIA PIÑANGO',5,'','',''),(7657,'CONSEJO COMUNAL SANTA LUCIA ESTADO MERIDA MUNICIPIO MIRANDA PARROQUIA PIÑANGO',5,'','',''),(7658,'CONSEJO COMUNAL SANTA BARBARA ESTADO MERIDA MUNICIPIO MIRANDA PARROQUIA PIÑANGO',5,'','',''),(7659,'CONSEJO COMUNAL SAN ANTONIO DEL BAÑO ESTADO MERIDA MUNICIPIO MIRANDA PARROQUIA PIÑANGO',5,'','',''),(7660,'CONSEJO COMUNAL SANTA ROSA DEL BAÑO ESTADO MERIDA MUNICIPIO MIRANDA PARROQUIA PIÑANGO',5,'','',''),(7661,'CONSEJO COMUNAL LA CABRERA ESTADO MERIDA MUNICIPIO MIRANDA PARROQUIA PIÑANGO',5,'','',''),(7662,'CONSEJO COMUNAL LOS APOSENTOS ESTADO MERIDA MUNICIPIO MIRANDA PARROQUIA PIÑANGO',5,'','',''),(7663,'CONSEJO COMUNAL LOS LIRIOS SANTA ANA DEL PARAMO ESTADO MERIDA MUNICIPIO MIRANDA PARROQUIA PIÑANGO',5,'','',''),(7664,'CONSEJO COMUNAL LAS TIENDITAS ESTADO MERIDA MUNICIPIO MIRANDA PARROQUIA PIÑANGO',5,'','',''),(7665,'CONSEJO COMUNAL LOS CORRALES ESTADO MERIDA MUNICIPIO MIRANDA PARROQUIA PIÑANGO',5,'','',''),(7666,'CONSEJO COMUNAL EL TABAQUITO ESTADO MERIDA MUNICIPIO MIRANDA PARROQUIA PIÑANGO',5,'','',''),(7667,'CONSEJO COMUNAL LOS CURUBALES ESTADO MERIDA MUNICIPIO MIRANDA PARROQUIA PIÑANGO',5,'','',''),(7668,'CONSEJO COMUNAL EL FILO ESTADO MERIDA MUNICIPIO MIRANDA PARROQUIA PIÑANGO',5,'','',''),(7669,'CONSEJO COMUNAL LOS MANZANOS ESTADO MERIDA MUNICIPIO MIRANDA PARROQUIA PIÑANGO',5,'','',''),(7670,'CONSEJO COMUNAL CAÑO AVISPERO PANAMERICANA ESTADO MERIDA MUNICIPIO OBISPO RAMOS DE LORA PARROQUIA ELOY PAREDES',5,'','',''),(7671,'CONSEJO COMUNAL GUAYABONES CENTRO ESTADO MERIDA MUNICIPIO OBISPO RAMOS DE LORA PARROQUIA ELOY PAREDES',5,'','',''),(7672,'CONSEJO COMUNAL CAÑO AVISPERO ARRIBA ESTADO MERIDA MUNICIPIO OBISPO RAMOS DE LORA PARROQUIA ELOY PAREDES',5,'','',''),(7673,'CONSEJO COMUNAL LA INMACULADA ESTADO MERIDA MUNICIPIO OBISPO RAMOS DE LORA PARROQUIA ELOY PAREDES',5,'','',''),(7674,'CONSEJO COMUNAL CAÑO OBISPO ABAJO KM 5 ESTADO MERIDA MUNICIPIO OBISPO RAMOS DE LORA PARROQUIA ELOY PAREDES',5,'','',''),(7675,'CONSEJO COMUNAL CAÑO IGUANA ARRIBA ESTADO MERIDA MUNICIPIO OBISPO RAMOS DE LORA PARROQUIA ELOY PAREDES',5,'','',''),(7676,'CONSEJO COMUNAL FUNDO LOS ABUELOS ESTADO MERIDA MUNICIPIO OBISPO RAMOS DE LORA PARROQUIA ELOY PAREDES',5,'','',''),(7677,'CONSEJO COMUNAL HONDURAS AGUA LINDA ESTADO MERIDA MUNICIPIO OBISPO RAMOS DE LORA PARROQUIA ELOY PAREDES',5,'','',''),(7678,'CONSEJO COMUNAL CAÑO RICO II ESTADO MERIDA MUNICIPIO OBISPO RAMOS DE LORA PARROQUIA ELOY PAREDES',5,'','',''),(7679,'CONSEJO COMUNAL EL CRUCERO ESTADO MERIDA MUNICIPIO OBISPO RAMOS DE LORA PARROQUIA ELOY PAREDES',5,'','',''),(7680,'CONSEJO COMUNAL CAÑO IGUANA PANAMERICANA ESTADO MERIDA MUNICIPIO OBISPO RAMOS DE LORA PARROQUIA ELOY PAREDES',5,'','',''),(7681,'CONSEJO COMUNAL PARCELAMIENTO ELOY PAREDES ESTADO MERIDA MUNICIPIO OBISPO RAMOS DE LORA PARROQUIA ELOY PAREDES',5,'','',''),(7682,'CONSEJO COMUNAL CAÑO RICITO ESTADO MERIDA MUNICIPIO OBISPO RAMOS DE LORA PARROQUIA ELOY PAREDES',5,'','',''),(7683,'CONSEJO COMUNAL LA RANCHERIA ESTADO MERIDA MUNICIPIO OBISPO RAMOS DE LORA PARROQUIA ELOY PAREDES',5,'','',''),(7684,'CONSEJO COMUNAL LOS ANDES ESTADO MERIDA MUNICIPIO OBISPO RAMOS DE LORA PARROQUIA ELOY PAREDES',5,'','',''),(7685,'CONSEJO COMUNAL EL ZUMBADOR ESTADO MERIDA MUNICIPIO OBISPO RAMOS DE LORA PARROQUIA ELOY PAREDES',5,'','',''),(7686,'CONSEJO COMUNAL LA MONTAÑITA ESTADO MERIDA MUNICIPIO OBISPO RAMOS DE LORA PARROQUIA ELOY PAREDES',5,'','',''),(7687,'CONSEJO COMUNAL LOS PLAYONES ESTADO MERIDA MUNICIPIO OBISPO RAMOS DE LORA PARROQUIA ELOY PAREDES',5,'','',''),(7688,'CONSEJO COMUNAL EL MIRADOR ESTADO MERIDA MUNICIPIO OBISPO RAMOS DE LORA PARROQUIA ELOY PAREDES',5,'','',''),(7689,'CONSEJO COMUNAL CAMELLON LOS JIMENEZ ESTADO MERIDA MUNICIPIO OBISPO RAMOS DE LORA PARROQUIA ELOY PAREDES',5,'','',''),(7690,'CONSEJO COMUNAL CAÑO RICO ESTADO MERIDA MUNICIPIO OBISPO RAMOS DE LORA PARROQUIA ELOY PAREDES',5,'','',''),(7691,'CONSEJO COMUNAL LOMA DE PIEDRA ESTADO MERIDA MUNICIPIO OBISPO RAMOS DE LORA PARROQUIA ELOY PAREDES',5,'','',''),(7692,'CONSEJO COMUNAL CAÑO OBISPO ESTADO MERIDA MUNICIPIO OBISPO RAMOS DE LORA PARROQUIA ELOY PAREDES',5,'','',''),(7693,'CONSEJO COMUNAL HONDURAS ESTADO MERIDA MUNICIPIO OBISPO RAMOS DE LORA PARROQUIA ELOY PAREDES',5,'','',''),(7694,'CONSEJO COMUNAL LOS HATICOS ESTADO MERIDA MUNICIPIO OBISPO RAMOS DE LORA PARROQUIA ELOY PAREDES',5,'','',''),(7695,'CONSEJO COMUNAL NUEVO GUAYABONES ESTADO MERIDA MUNICIPIO OBISPO RAMOS DE LORA PARROQUIA ELOY PAREDES',5,'','',''),(7696,'CONSEJO COMUNAL LA CEIBITA  ESTADO MERIDA MUNICIPIO OBISPO RAMOS DE LORA PARROQUIA SAN RAFAEL DE ALCAZAR',5,'','',''),(7697,'CONSEJO COMUNAL LOS CAOBOS ESTADO MERIDA MUNICIPIO OBISPO RAMOS DE LORA PARROQUIA SAN RAFAEL DE ALCAZAR',5,'','',''),(7698,'CONSEJO COMUNAL MATA DE COCO ESTADO MERIDA MUNICIPIO OBISPO RAMOS DE LORA PARROQUIA SAN RAFAEL DE ALCAZAR',5,'','',''),(7699,'CONSEJO COMUNAL EL RENACER DE LA VICTORIA ESTADO MERIDA MUNICIPIO OBISPO RAMOS DE LORA PARROQUIA SAN RAFAEL DE ALCAZAR',5,'','',''),(7700,'CONSEJO COMUNAL LUIS MORA ESTADO MERIDA MUNICIPIO OBISPO RAMOS DE LORA PARROQUIA SAN RAFAEL DE ALCAZAR',5,'','',''),(7701,'CONSEJO COMUNAL MANUELITA SAENZ KM 12 ESTADO MERIDA MUNICIPIO OBISPO RAMOS DE LORA PARROQUIA SAN RAFAEL DE ALCAZAR',5,'','',''),(7702,'CONSEJO COMUNAL CAÑO AZUL ARRIBA ESTADO MERIDA MUNICIPIO OBISPO RAMOS DE LORA PARROQUIA SAN RAFAEL DE ALCAZAR',5,'','',''),(7703,'CONSEJO COMUNAL LA FUNDACION ESTADO MERIDA MUNICIPIO OBISPO RAMOS DE LORA PARROQUIA SAN RAFAEL DE ALCAZAR',5,'','',''),(7704,'CONSEJO COMUNAL CAÑO TIGRE ESTADO MERIDA MUNICIPIO OBISPO RAMOS DE LORA PARROQUIA SAN RAFAEL DE ALCAZAR',5,'','',''),(7705,'CONSEJO COMUNAL RANCHO TOLEDO ESTADO MERIDA MUNICIPIO OBISPO RAMOS DE LORA PARROQUIA SAN RAFAEL DE ALCAZAR',5,'','',''),(7706,'CONSEJO COMUNAL CAMELLON NUEVO LA RECTA SOCIAL ESTADO MERIDA MUNICIPIO OBISPO RAMOS DE LORA PARROQUIA SAN RAFAEL DE ALCAZAR',5,'','',''),(7707,'CONSEJO COMUNAL LA CEIBITA II ESTADO MERIDA MUNICIPIO OBISPO RAMOS DE LORA PARROQUIA SAN RAFAEL DE ALCAZAR',5,'','',''),(7708,'CONSEJO COMUNAL CAÑO BLANCO LA MAQUINITA ESTADO MERIDA MUNICIPIO OBISPO RAMOS DE LORA PARROQUIA SAN RAFAEL DE ALCAZAR',5,'','',''),(7709,'CONSEJO COMUNAL PUEBLO NUEVO ESTADO MERIDA MUNICIPIO OBISPO RAMOS DE LORA PARROQUIA SAN RAFAEL DE ALCAZAR',5,'','',''),(7710,'CONSEJO COMUNAL SAN RAFAEL  ESTADO MERIDA MUNICIPIO OBISPO RAMOS DE LORA PARROQUIA SAN RAFAEL DE ALCAZAR',5,'','',''),(7711,'CONSEJO COMUNAL MONTE VERDE ESTADO MERIDA MUNICIPIO OBISPO RAMOS DE LORA PARROQUIA SAN RAFAEL DE ALCAZAR',5,'','',''),(7712,'CONSEJO COMUNAL LOS CLAROS ESTADO MERIDA MUNICIPIO OBISPO RAMOS DE LORA PARROQUIA SAN RAFAEL DE ALCAZAR',5,'','',''),(7713,'CONSEJO COMUNAL GUACHIZON ESTADO MERIDA MUNICIPIO OBISPO RAMOS DE LORA PARROQUIA SAN RAFAEL DE ALCAZAR',5,'','',''),(7714,'CONSEJO COMUNAL LA INMACULADA ESTADO MERIDA MUNICIPIO OBISPO RAMOS DE LORA PARROQUIA SANTA ELENA DE ARENALES',5,'','',''),(7715,'CONSEJO COMUNAL CAÑO NEGRO VIA PRINCIPAL 4 DE FEBRERO ESTADO MERIDA MUNICIPIO OBISPO RAMOS DE LORA PARROQUIA SANTA ELENA DE ARENALES',5,'','',''),(7716,'CONSEJO COMUNAL RIO PERDIDO MEDIO ESTADO MERIDA MUNICIPIO OBISPO RAMOS DE LORA PARROQUIA SANTA ELENA DE ARENALES',5,'','',''),(7717,'CONSEJO COMUNAL CAÑO MORO ARRIBA ESTADO MERIDA MUNICIPIO OBISPO RAMOS DE LORA PARROQUIA SANTA ELENA DE ARENALES',5,'','',''),(7718,'CONSEJO COMUNAL PARCELAMIENTO SAN ANTONIO ESTADO MERIDA MUNICIPIO OBISPO RAMOS DE LORA PARROQUIA SANTA ELENA DE ARENALES',5,'','',''),(7719,'CONSEJO COMUNAL COLINAS DEL ESTE ESTADO MERIDA MUNICIPIO OBISPO RAMOS DE LORA PARROQUIA SANTA ELENA DE ARENALES',5,'','',''),(7720,'CONSEJO COMUNAL CAÑO ARENA ESTADO MERIDA MUNICIPIO OBISPO RAMOS DE LORA PARROQUIA SANTA ELENA DE ARENALES',5,'','',''),(7721,'CONSEJO COMUNAL GAVILANCITO ABAJO ESTADO MERIDA MUNICIPIO OBISPO RAMOS DE LORA PARROQUIA SANTA ELENA DE ARENALES',5,'','',''),(7722,'CONSEJO COMUNAL RIO PERDIDO ARRIBA ESTADO MERIDA MUNICIPIO OBISPO RAMOS DE LORA PARROQUIA SANTA ELENA DE ARENALES',5,'','',''),(7723,'CONSEJO COMUNAL CORAZON DE JESUS ESTADO MERIDA MUNICIPIO OBISPO RAMOS DE LORA PARROQUIA SANTA ELENA DE ARENALES',5,'','',''),(7724,'CONSEJO COMUNAL VEREDA 1 ESTADO MERIDA MUNICIPIO OBISPO RAMOS DE LORA PARROQUIA SANTA ELENA DE ARENALES',5,'','',''),(7725,'CONSEJO COMUNAL SECTOR LA CURVA ESTADO MERIDA MUNICIPIO OBISPO RAMOS DE LORA PARROQUIA SANTA ELENA DE ARENALES',5,'','',''),(7726,'CONSEJO COMUNAL CAÑO CHEPA ALTO Y BAJO ESTADO MERIDA MUNICIPIO OBISPO RAMOS DE LORA PARROQUIA SANTA ELENA DE ARENALES',5,'','',''),(7727,'CONSEJO COMUNAL GRAN MARISCAL DE AYACUCHO ESTADO MERIDA MUNICIPIO OBISPO RAMOS DE LORA PARROQUIA SANTA ELENA DE ARENALES',5,'','',''),(7728,'CONSEJO COMUNAL SECTOR CAÑO CARBON BAJO ESTADO MERIDA MUNICIPIO OBISPO RAMOS DE LORA PARROQUIA SANTA ELENA DE ARENALES',5,'','',''),(7729,'CONSEJO COMUNAL LA PROVIDENCIA ESTADO MERIDA MUNICIPIO OBISPO RAMOS DE LORA PARROQUIA SANTA ELENA DE ARENALES',5,'','',''),(7730,'CONSEJO COMUNAL MAISANTA MURACHI ESTADO MERIDA MUNICIPIO OBISPO RAMOS DE LORA PARROQUIA SANTA ELENA DE ARENALES',5,'','',''),(7731,'CONSEJO COMUNAL CAPAZON CENTRO ESTADO MERIDA MUNICIPIO OBISPO RAMOS DE LORA PARROQUIA SANTA ELENA DE ARENALES',5,'','',''),(7732,'CONSEJO COMUNAL EL GUAMO ESTADO MERIDA MUNICIPIO OBISPO RAMOS DE LORA PARROQUIA SANTA ELENA DE ARENALES',5,'','',''),(7733,'CONSEJO COMUNAL GUACHICAPAZON ESTADO MERIDA MUNICIPIO OBISPO RAMOS DE LORA PARROQUIA SANTA ELENA DE ARENALES',5,'','',''),(7734,'CONSEJO COMUNAL EL ESFUERZO ESTADO MERIDA MUNICIPIO OBISPO RAMOS DE LORA PARROQUIA SANTA ELENA DE ARENALES',5,'','',''),(7735,'CONSEJO COMUNAL CAÑO LOS TIESTOS ESTADO MERIDA MUNICIPIO OBISPO RAMOS DE LORA PARROQUIA SANTA ELENA DE ARENALES',5,'','',''),(7736,'CONSEJO COMUNAL SANTA ELENA II ESTADO MERIDA MUNICIPIO OBISPO RAMOS DE LORA PARROQUIA SANTA ELENA DE ARENALES',5,'','',''),(7737,'CONSEJO COMUNAL CAÑO AZUL CENTRO ESTADO MERIDA MUNICIPIO OBISPO RAMOS DE LORA PARROQUIA SANTA ELENA DE ARENALES',5,'','',''),(7738,'CONSEJO COMUNAL KM 9 CAPAZON ABAJO ESTADO MERIDA MUNICIPIO OBISPO RAMOS DE LORA PARROQUIA SANTA ELENA DE ARENALES',5,'','',''),(7739,'CONSEJO COMUNAL CUATRO ESQUINAS GUACHICAPAZON ESTADO MERIDA MUNICIPIO OBISPO RAMOS DE LORA PARROQUIA SANTA ELENA DE ARENALES',5,'','',''),(7740,'CONSEJO COMUNAL LA PUEBLITA ESTADO MERIDA MUNICIPIO OBISPO RAMOS DE LORA PARROQUIA SANTA ELENA DE ARENALES',5,'','',''),(7741,'CONSEJO COMUNAL CAPAZON ABAJO KM 10 AL 16 ESTADO MERIDA MUNICIPIO OBISPO RAMOS DE LORA PARROQUIA SANTA ELENA DE ARENALES',5,'','',''),(7742,'CONSEJO COMUNAL EL MILAGRO ESTADO MERIDA MUNICIPIO OBISPO RAMOS DE LORA PARROQUIA SANTA ELENA DE ARENALES',5,'','',''),(7743,'CONSEJO COMUNAL CAMPO ALEGRE ESTADO MERIDA MUNICIPIO OBISPO RAMOS DE LORA PARROQUIA SANTA ELENA DE ARENALES',5,'','',''),(7744,'CONSEJO COMUNAL RIO PERDIDO CENTRO Y BAJO ESTADO MERIDA MUNICIPIO OBISPO RAMOS DE LORA PARROQUIA SANTA ELENA DE ARENALES',5,'','',''),(7745,'CONSEJO COMUNAL GAVILANCITO CENTRO ESTADO MERIDA MUNICIPIO OBISPO RAMOS DE LORA PARROQUIA SANTA ELENA DE ARENALES',5,'','',''),(7746,'CONSEJO COMUNAL CAPAZON ARRIBA ESTADO MERIDA MUNICIPIO OBISPO RAMOS DE LORA PARROQUIA SANTA ELENA DE ARENALES',5,'','',''),(7747,'CONSEJO COMUNAL CAMPO MIRANDA ESTADO MERIDA MUNICIPIO OBISPO RAMOS DE LORA PARROQUIA SANTA ELENA DE ARENALES',5,'','',''),(7748,'CONSEJO COMUNAL CAÑO CARBON ESTADO MERIDA MUNICIPIO OBISPO RAMOS DE LORA PARROQUIA SANTA ELENA DE ARENALES',5,'','',''),(7749,'CONSEJO COMUNAL CAÑO BLANCO LOS DOS CAMINOS RIO PERDIDO ESTADO MERIDA MUNICIPIO OBISPO RAMOS DE LORA PARROQUIA SANTA ELENA DE ARENALES',5,'','',''),(7750,'CONSEJO COMUNAL LOS ROSALES ESTADO MERIDA MUNICIPIO OBISPO RAMOS DE LORA PARROQUIA SANTA ELENA DE ARENALES',5,'','',''),(7751,'CONSEJO COMUNAL FUNDO PLAYA GRANDE ESTADO MERIDA MUNICIPIO OBISPO RAMOS DE LORA PARROQUIA SANTA ELENA DE ARENALES',5,'','',''),(7752,'CONSEJO COMUNAL LAS RURALES ESTADO MERIDA MUNICIPIO OBISPO RAMOS DE LORA PARROQUIA SANTA ELENA DE ARENALES',5,'','',''),(7753,'CONSEJO COMUNAL LA TRINIDAD ESTADO MERIDA MUNICIPIO OBISPO RAMOS DE LORA PARROQUIA SANTA ELENA DE ARENALES',5,'','',''),(7754,'CONSEJO COMUNAL MARIA CONCEPCION PALACIOS ESTADO MERIDA MUNICIPIO OBISPO RAMOS DE LORA PARROQUIA SANTA ELENA DE ARENALES',5,'','',''),(7755,'CONSEJO COMUNAL SANTA ELENA ABAJO ESTADO MERIDA MUNICIPIO OBISPO RAMOS DE LORA PARROQUIA SANTA ELENA DE ARENALES',5,'','',''),(7756,'CONSEJO COMUNAL URB SAN JOSE 24 DE JUNIO ESTADO MERIDA MUNICIPIO OBISPO RAMOS DE LORA PARROQUIA SANTA ELENA DE ARENALES',5,'','',''),(7757,'CONSEJO COMUNAL SAN MIGUEL ESTADO MERIDA MUNICIPIO OBISPO RAMOS DE LORA PARROQUIA SANTA ELENA DE ARENALES',5,'','',''),(7758,'CONSEJO COMUNAL CAÑO MORO ESTADO MERIDA MUNICIPIO OBISPO RAMOS DE LORA PARROQUIA SANTA ELENA DE ARENALES',5,'','',''),(7759,'CONSEJO COMUNAL CAMPO ALEGRE ESTADO MERIDA MUNICIPIO OBISPO RAMOS DE LORA PARROQUIA SANTA ELENA DE ARENALES',5,'','',''),(7760,'CONSEJO COMUNAL GAVILANCITO III ESTADO MERIDA MUNICIPIO OBISPO RAMOS DE LORA PARROQUIA SANTA ELENA DE ARENALES',5,'','',''),(7761,'CONSEJO COMUNAL EL CENTRO ESTADO MERIDA MUNICIPIO PADRE NOGUERA PARROQUIA SANTA MARÍA DE CAPARRO',5,'','',''),(7762,'CONSEJO COMUNAL LA FLORIDEÑA ESTADO MERIDA MUNICIPIO PADRE NOGUERA PARROQUIA SANTA MARÍA DE CAPARRO',5,'','',''),(7763,'CONSEJO COMUNAL LA ESPAÑOLA ESTADO MERIDA MUNICIPIO PADRE NOGUERA PARROQUIA SANTA MARÍA DE CAPARRO',5,'','',''),(7764,'CONSEJO COMUNAL VILLA DEL SOL ESTADO MERIDA MUNICIPIO PADRE NOGUERA PARROQUIA SANTA MARÍA DE CAPARRO',5,'','',''),(7765,'CONSEJO COMUNAL BARRIO URDANETA ESTADO MERIDA MUNICIPIO PADRE NOGUERA PARROQUIA SANTA MARÍA DE CAPARRO',5,'','',''),(7766,'CONSEJO COMUNAL SECTOR LA PRIMAVERA ESTADO MERIDA MUNICIPIO PADRE NOGUERA PARROQUIA SANTA MARÍA DE CAPARRO',5,'','',''),(7767,'CONSEJO COMUNAL TUCUPIDO PARTE BAJA ESTADO MERIDA MUNICIPIO PADRE NOGUERA PARROQUIA SANTA MARÍA DE CAPARRO',5,'','',''),(7768,'CONSEJO COMUNAL EL VEGON ESTADO MERIDA MUNICIPIO PADRE NOGUERA PARROQUIA SANTA MARÍA DE CAPARRO',5,'','',''),(7769,'CONSEJO COMUNAL BARRIO EL RIO ESTADO MERIDA MUNICIPIO PADRE NOGUERA PARROQUIA SANTA MARÍA DE CAPARRO',5,'','',''),(7770,'CONSEJO COMUNAL EL CEDRO ESTADO MERIDA MUNICIPIO PADRE NOGUERA PARROQUIA SANTA MARÍA DE CAPARRO',5,'','',''),(7771,'CONSEJO COMUNAL LA CANCHA ESTADO MERIDA MUNICIPIO PADRE NOGUERA PARROQUIA SANTA MARÍA DE CAPARRO',5,'','',''),(7772,'CONSEJO COMUNAL EL REFUGIO ESTADO MERIDA MUNICIPIO PADRE NOGUERA PARROQUIA SANTA MARÍA DE CAPARRO',5,'','',''),(7773,'CONSEJO COMUNAL LLANO GRANDE ALTO ESTADO MERIDA MUNICIPIO PUEBLO LLANO PARROQUIA PUEBLO LLANO',5,'','',''),(7774,'CONSEJO COMUNAL MIYOY BAJO ESTADO MERIDA MUNICIPIO PUEBLO LLANO PARROQUIA PUEBLO LLANO',5,'','',''),(7775,'CONSEJO COMUNAL LAS AGUJAS ESTADO MERIDA MUNICIPIO PUEBLO LLANO PARROQUIA PUEBLO LLANO',5,'','',''),(7776,'CONSEJO COMUNAL LOS SAUZALES ESTADO MERIDA MUNICIPIO PUEBLO LLANO PARROQUIA PUEBLO LLANO',5,'','',''),(7777,'CONSEJO COMUNAL LA PLACITA ESTADO MERIDA MUNICIPIO PUEBLO LLANO PARROQUIA PUEBLO LLANO',5,'','',''),(7778,'CONSEJO COMUNAL PRADOS DE MARIA SECTOR LA HORCA ESTADO MERIDA MUNICIPIO PUEBLO LLANO PARROQUIA PUEBLO LLANO',5,'','',''),(7779,'CONSEJO COMUNAL PUNTA BRAVA ESTADO MERIDA MUNICIPIO PUEBLO LLANO PARROQUIA PUEBLO LLANO',5,'','',''),(7780,'CONSEJO COMUNAL LA VEGA DE LA CULATA ESTADO MERIDA MUNICIPIO PUEBLO LLANO PARROQUIA PUEBLO LLANO',5,'','',''),(7781,'CONSEJO COMUNAL LA CUEVITA ESTADO MERIDA MUNICIPIO PUEBLO LLANO PARROQUIA PUEBLO LLANO',5,'','',''),(7782,'CONSEJO COMUNAL EL FRAILE ESTADO MERIDA MUNICIPIO PUEBLO LLANO PARROQUIA PUEBLO LLANO',5,'','',''),(7783,'CONSEJO COMUNAL LA RANCHERIA PARTE BAJA ESTADO MERIDA MUNICIPIO PUEBLO LLANO PARROQUIA PUEBLO LLANO',5,'','',''),(7784,'CONSEJO COMUNAL LA CAPELLANIA ESTADO MERIDA MUNICIPIO PUEBLO LLANO PARROQUIA PUEBLO LLANO',5,'','',''),(7785,'CONSEJO COMUNAL SUBIDA DEL DURI ESTADO MERIDA MUNICIPIO PUEBLO LLANO PARROQUIA PUEBLO LLANO',5,'','',''),(7786,'CONSEJO COMUNAL LA MONTAÑITA ESTADO MERIDA MUNICIPIO PUEBLO LLANO PARROQUIA PUEBLO LLANO',5,'','',''),(7787,'CONSEJO COMUNAL LOS TENDALES ESTADO MERIDA MUNICIPIO PUEBLO LLANO PARROQUIA PUEBLO LLANO',5,'','',''),(7788,'CONSEJO COMUNAL EL CEDRO PARTE ALTA ESTADO MERIDA MUNICIPIO PUEBLO LLANO PARROQUIA PUEBLO LLANO',5,'','',''),(7789,'CONSEJO COMUNAL LAS MALVINAS PARTE ALTA ESTADO MERIDA MUNICIPIO PUEBLO LLANO PARROQUIA PUEBLO LLANO',5,'','',''),(7790,'CONSEJO COMUNAL SAN GREGORIO ESTADO MERIDA MUNICIPIO PUEBLO LLANO PARROQUIA PUEBLO LLANO',5,'','',''),(7791,'CONSEJO COMUNAL MACASAY PARTE BAJA ESTADO MERIDA MUNICIPIO PUEBLO LLANO PARROQUIA PUEBLO LLANO',5,'','',''),(7792,'CONSEJO COMUNAL EL DIVIDIVE ESTADO MERIDA MUNICIPIO PUEBLO LLANO PARROQUIA PUEBLO LLANO',5,'','',''),(7793,'CONSEJO COMUNAL EL CEDRO ESTADO MERIDA MUNICIPIO PUEBLO LLANO PARROQUIA PUEBLO LLANO',5,'','',''),(7794,'CONSEJO COMUNAL EL POZO I ESTADO MERIDA MUNICIPIO PUEBLO LLANO PARROQUIA PUEBLO LLANO',5,'','',''),(7795,'CONSEJO COMUNAL LA CULATA ESTADO MERIDA MUNICIPIO PUEBLO LLANO PARROQUIA PUEBLO LLANO',5,'','',''),(7796,'CONSEJO COMUNAL LA CURVA DE GUZMAN ESTADO MERIDA MUNICIPIO PUEBLO LLANO PARROQUIA PUEBLO LLANO',5,'','',''),(7797,'CONSEJO COMUNAL GUZMAN ESTADO MERIDA MUNICIPIO PUEBLO LLANO PARROQUIA PUEBLO LLANO',5,'','',''),(7798,'CONSEJO COMUNAL LOS PANTANOS ESTADO MERIDA MUNICIPIO PUEBLO LLANO PARROQUIA PUEBLO LLANO',5,'','',''),(7799,'CONSEJO COMUNAL LA RINCONADA ESTADO MERIDA MUNICIPIO PUEBLO LLANO PARROQUIA PUEBLO LLANO',5,'','',''),(7800,'CONSEJO COMUNAL ALI PRIMERA ESTADO MERIDA MUNICIPIO PUEBLO LLANO PARROQUIA PUEBLO LLANO',5,'','',''),(7801,'CONSEJO COMUNAL PUNTA BRAVA BAJA ESTADO MERIDA MUNICIPIO PUEBLO LLANO PARROQUIA PUEBLO LLANO',5,'','',''),(7802,'CONSEJO COMUNAL SANTISIMA TRINIDAD ESTADO MERIDA MUNICIPIO PUEBLO LLANO PARROQUIA PUEBLO LLANO',5,'','',''),(7803,'CONSEJO COMUNAL LA LAGUNA DEL CHINO ESTADO MERIDA MUNICIPIO PUEBLO LLANO PARROQUIA PUEBLO LLANO',5,'','',''),(7804,'CONSEJO COMUNAL MACASAY ESTADO MERIDA MUNICIPIO PUEBLO LLANO PARROQUIA PUEBLO LLANO',5,'','',''),(7805,'CONSEJO COMUNAL LOS VERGARAS ESTADO MERIDA MUNICIPIO PUEBLO LLANO PARROQUIA PUEBLO LLANO',5,'','',''),(7806,'CONSEJO COMUNAL LLANO DEL AMPARO ESTADO MERIDA MUNICIPIO PUEBLO LLANO PARROQUIA PUEBLO LLANO',5,'','',''),(7807,'CONSEJO COMUNAL EL RINCON ESTADO MERIDA MUNICIPIO PUEBLO LLANO PARROQUIA PUEBLO LLANO',5,'','',''),(7808,'CONSEJO COMUNAL EL BAHO DE LAS AGUJAS ESTADO MERIDA MUNICIPIO PUEBLO LLANO PARROQUIA PUEBLO LLANO',5,'','',''),(7809,'CONSEJO COMUNAL LOS CORRALES I ESTADO MERIDA MUNICIPIO PUEBLO LLANO PARROQUIA PUEBLO LLANO',5,'','',''),(7810,'CONSEJO COMUNAL LA RANCHERIA ESTADO MERIDA MUNICIPIO PUEBLO LLANO PARROQUIA PUEBLO LLANO',5,'','',''),(7811,'CONSEJO COMUNAL MUTUS BAJO ESTADO MERIDA MUNICIPIO PUEBLO LLANO PARROQUIA PUEBLO LLANO',5,'','',''),(7812,'CONSEJO COMUNAL AGUA REGADA ESTADO MERIDA MUNICIPIO PUEBLO LLANO PARROQUIA PUEBLO LLANO',5,'','',''),(7813,'CONSEJO COMUNAL MESA CHINO ESTADO MERIDA MUNICIPIO PUEBLO LLANO PARROQUIA PUEBLO LLANO',5,'','',''),(7814,'CONSEJO COMUNAL CERRO SECO ESTADO MERIDA MUNICIPIO PUEBLO LLANO PARROQUIA PUEBLO LLANO',5,'','',''),(7815,'CONSEJO COMUNAL LLANOS ALTOS DE MUTUS ESTADO MERIDA MUNICIPIO PUEBLO LLANO PARROQUIA PUEBLO LLANO',5,'','',''),(7816,'CONSEJO COMUNAL CAÑA GRANDE ESTADO MERIDA MUNICIPIO PUEBLO LLANO PARROQUIA PUEBLO LLANO',5,'','',''),(7817,'CONSEJO COMUNAL EL ARBOLITO ESTADO MERIDA MUNICIPIO PUEBLO LLANO PARROQUIA PUEBLO LLANO',5,'','',''),(7818,'CONSEJO COMUNAL LINA ROSA ESTADO MERIDA MUNICIPIO PUEBLO LLANO PARROQUIA PUEBLO LLANO',5,'','',''),(7819,'CONSEJO COMUNAL LA CONQUISTA ESTADO MERIDA MUNICIPIO PUEBLO LLANO PARROQUIA PUEBLO LLANO',5,'','',''),(7820,'CONSEJO COMUNAL MUPATE ESTADO MERIDA MUNICIPIO PUEBLO LLANO PARROQUIA PUEBLO LLANO',5,'','',''),(7821,'CONSEJO COMUNAL ALTO CHINO ESTADO MERIDA MUNICIPIO PUEBLO LLANO PARROQUIA PUEBLO LLANO',5,'','',''),(7822,'CONSEJO COMUNAL LOS CHAOS ESTADO MERIDA MUNICIPIO PUEBLO LLANO PARROQUIA PUEBLO LLANO',5,'','',''),(7823,'CONSEJO COMUNAL LAS AGUJITAS ESTADO MERIDA MUNICIPIO PUEBLO LLANO PARROQUIA PUEBLO LLANO',5,'','',''),(7824,'CONSEJO COMUNAL CASCO DE CACUTE ESTADO MERIDA MUNICIPIO RANGEL PARROQUIA CACUTE',5,'','',''),(7825,'CONSEJO COMUNAL NIÑO JESUS ESTADO MERIDA MUNICIPIO RANGEL PARROQUIA CACUTE',5,'','',''),(7826,'CONSEJO COMUNAL LA GRANJA ESTADO MERIDA MUNICIPIO RANGEL PARROQUIA CACUTE',5,'','',''),(7827,'CONSEJO COMUNAL LOS GRANATES ESTADO MERIDA MUNICIPIO RANGEL PARROQUIA CACUTE',5,'','',''),(7828,'CONSEJO COMUNAL CACUTE ALTO ESTADO MERIDA MUNICIPIO RANGEL PARROQUIA CACUTE',5,'','',''),(7829,'CONSEJO COMUNAL LA BECERRERA ESTADO MERIDA MUNICIPIO RANGEL PARROQUIA CACUTE',5,'','',''),(7830,'CONSEJO COMUNAL NUEVA ESCAGUEY ESTADO MERIDA MUNICIPIO RANGEL PARROQUIA CACUTE',5,'','',''),(7831,'CONSEJO COMUNAL LA CAÑADA ESTADO MERIDA MUNICIPIO RANGEL PARROQUIA CACUTE',5,'','',''),(7832,'CONSEJO COMUNAL EL CACUTICO ESTADO MERIDA MUNICIPIO RANGEL PARROQUIA CACUTE',5,'','',''),(7833,'CONSEJO COMUNAL LOS RANCHOS ESTADO MERIDA MUNICIPIO RANGEL PARROQUIA CACUTE',5,'','',''),(7834,'CONSEJO COMUNAL SANTA ELENA ESTADO MERIDA MUNICIPIO RANGEL PARROQUIA CACUTE',5,'','',''),(7835,'CONSEJO COMUNAL CALLE PIÑANGO ESTADO MERIDA MUNICIPIO RANGEL PARROQUIA LA TOMA',5,'','',''),(7836,'CONSEJO COMUNAL EL TROPICON ESTADO MERIDA MUNICIPIO RANGEL PARROQUIA LA TOMA',5,'','',''),(7837,'CONSEJO COMUNAL MISASOTE ESTADO MERIDA MUNICIPIO RANGEL PARROQUIA LA TOMA',5,'','',''),(7838,'CONSEJO COMUNAL CC TOMA ALTA EL BANCO ESTADO MERIDA MUNICIPIO RANGEL PARROQUIA LA TOMA',5,'','',''),(7839,'CONSEJO COMUNAL EL ROYAL ESTADO MERIDA MUNICIPIO RANGEL PARROQUIA LA TOMA',5,'','',''),(7840,'CONSEJO COMUNAL LAS FLORES DEL PARAMO ESTADO MERIDA MUNICIPIO RANGEL PARROQUIA LA TOMA',5,'','',''),(7841,'CONSEJO COMUNAL CC MONTE VERDE LAS FLORES ESTADO MERIDA MUNICIPIO RANGEL PARROQUIA LA TOMA',5,'','',''),(7842,'CONSEJO COMUNAL EL FRAILEJON DEL PARAMO 72 ESTADO MERIDA MUNICIPIO RANGEL PARROQUIA LA TOMA',5,'','',''),(7843,'CONSEJO COMUNAL C.C. LOS APIOS ESTADO MERIDA MUNICIPIO RANGEL PARROQUIA LA TOMA',5,'','',''),(7844,'CONSEJO COMUNAL LA TOMA BAJA ESTADO MERIDA MUNICIPIO RANGEL PARROQUIA LA TOMA',5,'','',''),(7845,'CONSEJO COMUNAL CARORITA ESTADO MERIDA MUNICIPIO RANGEL PARROQUIA LA TOMA',5,'','',''),(7846,'CONSEJO COMUNAL CC LA LAGUNITA ESTADO MERIDA MUNICIPIO RANGEL PARROQUIA LA TOMA',5,'','',''),(7847,'CONSEJO COMUNAL ALTO ANDINO ESTADO MERIDA MUNICIPIO RANGEL PARROQUIA LA TOMA',5,'','',''),(7848,'CONSEJO COMUNAL MITIBIBO ESTADO MERIDA MUNICIPIO RANGEL PARROQUIA LA TOMA',5,'','',''),(7849,'CONSEJO COMUNAL MESA DE MOCOCON ESTADO MERIDA MUNICIPIO RANGEL PARROQUIA MUCURUBÁ',5,'','',''),(7850,'CONSEJO COMUNAL LA BOMBA ESTADO MERIDA MUNICIPIO RANGEL PARROQUIA MUCURUBÁ',5,'','',''),(7851,'CONSEJO COMUNAL ALBERTO CARNEVALI ESTADO MERIDA MUNICIPIO RANGEL PARROQUIA MUCURUBÁ',5,'','',''),(7852,'CONSEJO COMUNAL MUCURUBA ESTADO MERIDA MUNICIPIO RANGEL PARROQUIA MUCURUBÁ',5,'','',''),(7853,'CONSEJO COMUNAL LA RANCHERIA ESTADO MERIDA MUNICIPIO RANGEL PARROQUIA MUCURUBÁ',5,'','',''),(7854,'CONSEJO COMUNAL MOCOCON ALTO ESTADO MERIDA MUNICIPIO RANGEL PARROQUIA MUCURUBÁ',5,'','',''),(7855,'CONSEJO COMUNAL MUCUPICHE ESTADO MERIDA MUNICIPIO RANGEL PARROQUIA MUCURUBÁ',5,'','',''),(7856,'CONSEJO COMUNAL MOCOCON BAJO ESTADO MERIDA MUNICIPIO RANGEL PARROQUIA MUCURUBÁ',5,'','',''),(7857,'CONSEJO COMUNAL LOMA DE LA VIRGEN ESTADO MERIDA MUNICIPIO RANGEL PARROQUIA MUCURUBÁ',5,'','',''),(7858,'CONSEJO COMUNAL SAN BENITO DE ESCAGUEY ESTADO MERIDA MUNICIPIO RANGEL PARROQUIA MUCURUBÁ',5,'','',''),(7859,'CONSEJO COMUNAL LA CRUZ ESTADO MERIDA MUNICIPIO RANGEL PARROQUIA MUCURUBÁ',5,'','',''),(7860,'CONSEJO COMUNAL ESCAGUEY ESTADO MERIDA MUNICIPIO RANGEL PARROQUIA MUCURUBÁ',5,'','',''),(7861,'CONSEJO COMUNAL SAN PEDRO ESTADO MERIDA MUNICIPIO RANGEL PARROQUIA MUCURUBÁ',5,'','',''),(7862,'CONSEJO COMUNAL LAS CUEVAS ESTADO MERIDA MUNICIPIO RANGEL PARROQUIA MUCURUBÁ',5,'','',''),(7863,'CONSEJO COMUNAL LETICIA ESTADO MERIDA MUNICIPIO RANGEL PARROQUIA MUCURUBÁ',5,'','',''),(7864,'CONSEJO COMUNAL SAN RAFAEL DEL PARAMO ESTADO MERIDA MUNICIPIO RANGEL PARROQUIA SAN RAFAEL',5,'','',''),(7865,'CONSEJO COMUNAL DON SAMUEL ESTADO MERIDA MUNICIPIO RANGEL PARROQUIA SAN RAFAEL',5,'','',''),(7866,'CONSEJO COMUNAL LA CAPILLA DE MISINTA ESTADO MERIDA MUNICIPIO RANGEL PARROQUIA SAN RAFAEL',5,'','',''),(7867,'CONSEJO COMUNAL CARRIZAL ESTADO MERIDA MUNICIPIO RANGEL PARROQUIA SAN RAFAEL',5,'','',''),(7868,'CONSEJO COMUNAL LA MUCUCHACHE ESTADO MERIDA MUNICIPIO RANGEL PARROQUIA SAN RAFAEL',5,'','',''),(7869,'CONSEJO COMUNAL LA PROVINCIA ESTADO MERIDA MUNICIPIO RANGEL PARROQUIA SAN RAFAEL',5,'','',''),(7870,'CONSEJO COMUNAL SAN ISIDRO APARTADEROS ESTADO MERIDA MUNICIPIO RANGEL PARROQUIA SAN RAFAEL',5,'','',''),(7871,'CONSEJO COMUNAL LAS PIÑUELAS ESTADO MERIDA MUNICIPIO RANGEL PARROQUIA SAN RAFAEL',5,'','',''),(7872,'CONSEJO COMUNAL EL CAMBOTE ESTADO MERIDA MUNICIPIO RANGEL PARROQUIA SAN RAFAEL',5,'','',''),(7873,'CONSEJO COMUNAL PEDRO MARIA PARRA ESTADO MERIDA MUNICIPIO RANGEL PARROQUIA SAN RAFAEL',5,'','',''),(7874,'CONSEJO COMUNAL PEÑA COLORADA ESTADO MERIDA MUNICIPIO RANGEL PARROQUIA SAN RAFAEL',5,'','',''),(7875,'CONSEJO COMUNAL EL DESECHO ESTADO MERIDA MUNICIPIO RANGEL PARROQUIA SAN RAFAEL',5,'','',''),(7876,'CONSEJO COMUNAL INDEPENDENCIA ESTADO MERIDA MUNICIPIO RANGEL PARROQUIA SAN RAFAEL',5,'','',''),(7877,'CONSEJO COMUNAL LOS ARANGUREN ESTADO MERIDA MUNICIPIO RANGEL PARROQUIA SAN RAFAEL',5,'','',''),(7878,'CONSEJO COMUNAL JAUREGUI ESTADO MERIDA MUNICIPIO RANGEL PARROQUIA SAN RAFAEL',5,'','',''),(7879,'CONSEJO COMUNAL EL PEDREGAL ESTADO MERIDA MUNICIPIO RANGEL PARROQUIA SAN RAFAEL',5,'','',''),(7880,'CONSEJO COMUNAL SANTA EDUVIGES ESTADO MERIDA MUNICIPIO RANGEL PARROQUIA SAN RAFAEL',5,'','',''),(7881,'CONSEJO COMUNAL LA CARABOBO ESTADO MERIDA MUNICIPIO RANGEL PARROQUIA SAN RAFAEL',5,'','',''),(7882,'CONSEJO COMUNAL LA ASOMADA ESTADO MERIDA MUNICIPIO RANGEL PARROQUIA SAN RAFAEL',5,'','',''),(7883,'CONSEJO COMUNAL CORPOANDES ESTADO MERIDA MUNICIPIO RANGEL PARROQUIA SAN RAFAEL',5,'','',''),(7884,'CONSEJO COMUNAL GAVIDIA ESTADO MERIDA MUNICIPIO RANGEL PARROQUIA SAN RAFAEL',5,'','',''),(7885,'CONSEJO COMUNAL MOCONOQUE MISIGUA ESTADO MERIDA MUNICIPIO RANGEL PARROQUIA SAN RAFAEL',5,'','',''),(7886,'CONSEJO COMUNAL PLAZA INMACULADA LOS DOS CAMINOS ESTADO MERIDA MUNICIPIO RANGEL PARROQUIA SAN RAFAEL',5,'','',''),(7887,'CONSEJO COMUNAL LLANO DEL HATO ESTADO MERIDA MUNICIPIO RANGEL PARROQUIA SAN RAFAEL',5,'','',''),(7888,'CONSEJO COMUNAL CHACHOPITO ESTADO MERIDA MUNICIPIO RANGEL PARROQUIA SAN RAFAEL',5,'','',''),(7889,'CONSEJO COMUNAL EL LLANO DE MISINTA ESTADO MERIDA MUNICIPIO RANGEL PARROQUIA SAN RAFAEL',5,'','',''),(7890,'CONSEJO COMUNAL LAS CAÑADITAS ESTADO MERIDA MUNICIPIO RANGEL PARROQUIA SAN RAFAEL',5,'','',''),(7891,'CONSEJO COMUNAL DOÑA LULA ESTADO MERIDA MUNICIPIO RANGEL PARROQUIA SAN RAFAEL',5,'','',''),(7892,'CONSEJO COMUNAL LA BIGUZNOS ESTADO MERIDA MUNICIPIO RANGEL PARROQUIA SAN RAFAEL',5,'','',''),(7893,'CONSEJO COMUNAL LA BOMBA NUEVA PROVIDENCIA ESTADO MERIDA MUNICIPIO RANGEL PARROQUIA SAN RAFAEL',5,'','',''),(7894,'CONSEJO COMUNAL CAMINO REAL ESTADO MERIDA MUNICIPIO RANGEL PARROQUIA SAN RAFAEL',5,'','',''),(7895,'CONSEJO COMUNAL ARZOBISPO CHACON ESTADO MERIDA MUNICIPIO RANGEL PARROQUIA SAN RAFAEL',5,'','',''),(7896,'CONSEJO COMUNAL MACAO ALTO ESTADO MERIDA MUNICIPIO RANGEL PARROQUIA SAN RAFAEL',5,'','',''),(7897,'CONSEJO COMUNAL MICARACHE Y MAZORCAS ESTADO MERIDA MUNICIPIO RANGEL PARROQUIA SAN RAFAEL',5,'','',''),(7898,'CONSEJO COMUNAL LAS HIERBAS BUENAS ESTADO MERIDA MUNICIPIO RANGEL PARROQUIA SAN RAFAEL',5,'','',''),(7899,'CONSEJO COMUNAL ALEXANDER QUINTERO ESTADO MERIDA MUNICIPIO RANGEL PARROQUIA SAN RAFAEL',5,'','',''),(7900,'CONSEJO COMUNAL ALTO LA LAGUNETA ESTADO MERIDA MUNICIPIO RANGEL PARROQUIA SAN RAFAEL',5,'','',''),(7901,'CONSEJO COMUNAL LOS CORRALES ESTADO MERIDA MUNICIPIO RANGEL PARROQUIA SAN RAFAEL',5,'','',''),(7902,'CONSEJO COMUNAL MUCUMPATE ESTADO MERIDA MUNICIPIO RANGEL PARROQUIA SAN RAFAEL',5,'','',''),(7903,'CONSEJO COMUNAL MESA DE LOS MICUYES ESTADO MERIDA MUNICIPIO RANGEL PARROQUIA SAN RAFAEL',5,'','',''),(7904,'CONSEJO COMUNAL SAN FRANCISCO ESTADO MERIDA MUNICIPIO RANGEL PARROQUIA SAN RAFAEL',5,'','',''),(7905,'CONSEJO COMUNAL SAN BENITO DE PALERMO ESTADO MERIDA MUNICIPIO RANGEL PARROQUIA SAN RAFAEL',5,'','',''),(7906,'CONSEJO COMUNAL MIXTEQUE ESTADO MERIDA MUNICIPIO RANGEL PARROQUIA SAN RAFAEL',5,'','',''),(7907,'CONSEJO COMUNAL AV BOLIVAR CON PABLO VI ESTADO MERIDA MUNICIPIO RANGEL PARROQUIA SAN RAFAEL',5,'','',''),(7908,'CONSEJO COMUNAL LAS COLINAS ESTADO MERIDA MUNICIPIO RANGEL PARROQUIA SAN RAFAEL',5,'','',''),(7909,'CONSEJO COMUNAL LOS APOSENTOE ESTADO MERIDA MUNICIPIO RANGEL PARROQUIA SAN RAFAEL',5,'','',''),(7910,'CONSEJO COMUNAL MISINTA ESTADO MERIDA MUNICIPIO RANGEL PARROQUIA SAN RAFAEL',5,'','',''),(7911,'CONSEJO COMUNAL LA MUSUY ESTADO MERIDA MUNICIPIO RANGEL PARROQUIA SAN RAFAEL',5,'','',''),(7912,'CONSEJO COMUNAL EL POTRERO ESTADO MERIDA MUNICIPIO RIVAS DÁVILA PARROQUIA GERÓNIMO MALDONADO',5,'','',''),(7913,'CONSEJO COMUNAL RINCON DE LA LAGUNA ESTADO MERIDA MUNICIPIO RIVAS DÁVILA PARROQUIA GERÓNIMO MALDONADO',5,'','',''),(7914,'CONSEJO COMUNAL SAN VICENTE ESTADO MERIDA MUNICIPIO RIVAS DÁVILA PARROQUIA GERÓNIMO MALDONADO',5,'','',''),(7915,'CONSEJO COMUNAL LA PLAYA SECTOR EL MOLINO ESTADO MERIDA MUNICIPIO RIVAS DÁVILA PARROQUIA GERÓNIMO MALDONADO',5,'','',''),(7916,'CONSEJO COMUNAL LAS DELICIAS LA MARINA ESTADO MERIDA MUNICIPIO RIVAS DÁVILA PARROQUIA GERÓNIMO MALDONADO',5,'','',''),(7917,'CONSEJO COMUNAL MESA DE LA LAGUNA ESTADO MERIDA MUNICIPIO RIVAS DÁVILA PARROQUIA GERÓNIMO MALDONADO',5,'','',''),(7918,'CONSEJO COMUNAL EL DIQUE I ESTADO MERIDA MUNICIPIO RIVAS DÁVILA PARROQUIA GERÓNIMO MALDONADO',5,'','',''),(7919,'CONSEJO COMUNAL EL VOLCAN VERDE ESTADO MERIDA MUNICIPIO RIVAS DÁVILA PARROQUIA GERÓNIMO MALDONADO',5,'','',''),(7920,'CONSEJO COMUNAL MESA GRANDE EL RINCON ESTADO MERIDA MUNICIPIO RIVAS DÁVILA PARROQUIA BAILADORES',5,'','',''),(7921,'CONSEJO COMUNAL LOS RASTROJOS ESTADO MERIDA MUNICIPIO RIVAS DÁVILA PARROQUIA BAILADORES',5,'','',''),(7922,'CONSEJO COMUNAL LOS ESPINOS ESTADO MERIDA MUNICIPIO RIVAS DÁVILA PARROQUIA BAILADORES',5,'','',''),(7923,'CONSEJO COMUNAL VILLA PARAISO ESTADO MERIDA MUNICIPIO RIVAS DÁVILA PARROQUIA BAILADORES',5,'','',''),(7924,'CONSEJO COMUNAL MESA DE ADRIAN ESTADO MERIDA MUNICIPIO RIVAS DÁVILA PARROQUIA BAILADORES',5,'','',''),(7925,'CONSEJO COMUNAL LOS QUEMADOS ESTADO MERIDA MUNICIPIO RIVAS DÁVILA PARROQUIA BAILADORES',5,'','',''),(7926,'CONSEJO COMUNAL CHITA ARRIBA ESTADO MERIDA MUNICIPIO RIVAS DÁVILA PARROQUIA BAILADORES',5,'','',''),(7927,'CONSEJO COMUNAL SAN PABLO BAJO ESTADO MERIDA MUNICIPIO RIVAS DÁVILA PARROQUIA BAILADORES',5,'','',''),(7928,'CONSEJO COMUNAL URBANIZACION EFRAIN MORET ESTADO MERIDA MUNICIPIO RIVAS DÁVILA PARROQUIA BAILADORES',5,'','',''),(7929,'CONSEJO COMUNAL MESA DE LEON Y MESA ALTA ESTADO MERIDA MUNICIPIO RIVAS DÁVILA PARROQUIA BAILADORES',5,'','',''),(7930,'CONSEJO COMUNAL LOMITAS DE SAN PABLO ESTADO MERIDA MUNICIPIO RIVAS DÁVILA PARROQUIA BAILADORES',5,'','',''),(7931,'CONSEJO COMUNAL PASO DE LA NEGRA ESTADO MERIDA MUNICIPIO RIVAS DÁVILA PARROQUIA BAILADORES',5,'','',''),(7932,'CONSEJO COMUNAL BELLO CAMPO ESTADO MERIDA MUNICIPIO RIVAS DÁVILA PARROQUIA BAILADORES',5,'','',''),(7933,'CONSEJO COMUNAL EL RINCON ESTADO MERIDA MUNICIPIO RIVAS DÁVILA PARROQUIA BAILADORES',5,'','',''),(7934,'CONSEJO COMUNAL MONTE ARRIBA EL BUQUE ESTADO MERIDA MUNICIPIO RIVAS DÁVILA PARROQUIA BAILADORES',5,'','',''),(7935,'CONSEJO COMUNAL QUEBRADA SECA ESTADO MERIDA MUNICIPIO RIVAS DÁVILA PARROQUIA BAILADORES',5,'','',''),(7936,'CONSEJO COMUNAL URBANISMO AGUA AZUL ESTADO MERIDA MUNICIPIO RIVAS DÁVILA PARROQUIA BAILADORES',5,'','',''),(7937,'CONSEJO COMUNAL EL HATO ESTADO MERIDA MUNICIPIO RIVAS DÁVILA PARROQUIA BAILADORES',5,'','',''),(7938,'CONSEJO COMUNAL LA SUCIA ESTADO MERIDA MUNICIPIO RIVAS DÁVILA PARROQUIA BAILADORES',5,'','',''),(7939,'CONSEJO COMUNAL EL RINCON DE SAN PABLO ESTADO MERIDA MUNICIPIO RIVAS DÁVILA PARROQUIA BAILADORES',5,'','',''),(7940,'CONSEJO COMUNAL COLINAS DE BODOQUE ESTADO MERIDA MUNICIPIO RIVAS DÁVILA PARROQUIA BAILADORES',5,'','',''),(7941,'CONSEJO COMUNAL LUIS BARON ESTADO MERIDA MUNICIPIO RIVAS DÁVILA PARROQUIA BAILADORES',5,'','',''),(7942,'CONSEJO COMUNAL LAS SANCHEZ ESTADO MERIDA MUNICIPIO RIVAS DÁVILA PARROQUIA BAILADORES',5,'','',''),(7943,'CONSEJO COMUNAL LAS PLAYITAS CENTRO, EL RINCON, QUEBRADA ARRIBA  ESTADO MERIDA MUNICIPIO RIVAS DÁVILA PARROQUIA BAILADORES',5,'','',''),(7944,'CONSEJO COMUNAL RAMON DEVIA ESTADO MERIDA MUNICIPIO RIVAS DÁVILA PARROQUIA BAILADORES',5,'','',''),(7945,'CONSEJO COMUNAL LA HONDURA - BOLERO ESTADO MERIDA MUNICIPIO RIVAS DÁVILA PARROQUIA BAILADORES',5,'','',''),(7946,'CONSEJO COMUNAL AGUA AZUL OESTE ESTADO MERIDA MUNICIPIO RIVAS DÁVILA PARROQUIA BAILADORES',5,'','',''),(7947,'CONSEJO COMUNAL LA LAGUNETA ESTADO MERIDA MUNICIPIO RIVAS DÁVILA PARROQUIA BAILADORES',5,'','',''),(7948,'CONSEJO COMUNAL RIO ARRIBA ESCALA ESTADO MERIDA MUNICIPIO RIVAS DÁVILA PARROQUIA BAILADORES',5,'','',''),(7949,'CONSEJO COMUNAL LOS BARVECHOS ESTADO MERIDA MUNICIPIO RIVAS DÁVILA PARROQUIA BAILADORES',5,'','',''),(7950,'CONSEJO COMUNAL SAN PABLO CENTRO ESTADO MERIDA MUNICIPIO RIVAS DÁVILA PARROQUIA BAILADORES',5,'','',''),(7951,'CONSEJO COMUNAL LAS TAPIAS (LA BARRA) ESTADO MERIDA MUNICIPIO RIVAS DÁVILA PARROQUIA BAILADORES',5,'','',''),(7952,'CONSEJO COMUNAL OTRA BANDA CENTRO ESTADO MERIDA MUNICIPIO RIVAS DÁVILA PARROQUIA BAILADORES',5,'','',''),(7953,'CONSEJO COMUNAL BUENOS AIRES ESTADO MERIDA MUNICIPIO RIVAS DÁVILA PARROQUIA BAILADORES',5,'','',''),(7954,'CONSEJO COMUNAL SAN PABLO ARRIBA ESTADO MERIDA MUNICIPIO RIVAS DÁVILA PARROQUIA BAILADORES',5,'','',''),(7955,'CONSEJO COMUNAL MIDONIO ZAMBRANO ESTADO MERIDA MUNICIPIO RIVAS DÁVILA PARROQUIA BAILADORES',5,'','',''),(7956,'CONSEJO COMUNAL URBANIZACION BAILADORES Y BUENA VISTA ESTADO MERIDA MUNICIPIO RIVAS DÁVILA PARROQUIA BAILADORES',5,'','',''),(7957,'CONSEJO COMUNAL AGUA AZUL ESTADO MERIDA MUNICIPIO RIVAS DÁVILA PARROQUIA BAILADORES',5,'','',''),(7958,'CONSEJO COMUNAL EL  PANTANO ESTADO MERIDA MUNICIPIO RIVAS DÁVILA PARROQUIA BAILADORES',5,'','',''),(7959,'CONSEJO COMUNAL BAILADORES ESTE ESTADO MERIDA MUNICIPIO RIVAS DÁVILA PARROQUIA BAILADORES',5,'','',''),(7960,'CONSEJO COMUNAL RINCON DE LOS ALVAREZ ESTADO MERIDA MUNICIPIO RIVAS DÁVILA PARROQUIA BAILADORES',5,'','',''),(7961,'CONSEJO COMUNAL LOMA DEL ARBOL ESTADO MERIDA MUNICIPIO RIVAS DÁVILA PARROQUIA BAILADORES',5,'','',''),(7962,'CONSEJO COMUNAL VEGA DE BODOQUE ESTADO MERIDA MUNICIPIO RIVAS DÁVILA PARROQUIA BAILADORES',5,'','',''),(7963,'CONSEJO COMUNAL LOS INTEGRADOS ESTADO MERIDA MUNICIPIO RIVAS DÁVILA PARROQUIA BAILADORES',5,'','',''),(7964,'CONSEJO COMUNAL VERIHUACA ESTADO MERIDA MUNICIPIO RIVAS DÁVILA PARROQUIA BAILADORES',5,'','',''),(7965,'CONSEJO COMUNAL RIO CARICUELA ESTADO MERIDA MUNICIPIO RIVAS DÁVILA PARROQUIA BAILADORES',5,'','',''),(7966,'CONSEJO COMUNAL SECTOR NIETO ESTADO MERIDA MUNICIPIO RIVAS DÁVILA PARROQUIA BAILADORES',5,'','',''),(7967,'CONSEJO COMUNAL EL MOLINO 12 DE OCTUBRE ESTADO MERIDA MUNICIPIO RIVAS DÁVILA PARROQUIA BAILADORES',5,'','',''),(7968,'CONSEJO COMUNAL MESA DE BODOQUE ESTADO MERIDA MUNICIPIO RIVAS DÁVILA PARROQUIA BAILADORES',5,'','',''),(7969,'CONSEJO COMUNAL EL OTRO LADO ESTADO MERIDA MUNICIPIO RIVAS DÁVILA PARROQUIA BAILADORES',5,'','',''),(7970,'CONSEJO COMUNAL EL TRAPICHE BODOQUE ESTADO MERIDA MUNICIPIO RIVAS DÁVILA PARROQUIA BAILADORES',5,'','',''),(7971,'CONSEJO COMUNAL LA CEBADA ESTADO MERIDA MUNICIPIO RIVAS DÁVILA PARROQUIA BAILADORES',5,'','',''),(7972,'CONSEJO COMUNAL LA CAPELLANIA ESTADO MERIDA MUNICIPIO RIVAS DÁVILA PARROQUIA BAILADORES',5,'','',''),(7973,'CONSEJO COMUNAL BAILADORES CENTRO ESTADO MERIDA MUNICIPIO RIVAS DÁVILA PARROQUIA BAILADORES',5,'','',''),(7974,'CONSEJO COMUNAL EL ALTO ESTADO MERIDA MUNICIPIO RIVAS DÁVILA PARROQUIA BAILADORES',5,'','',''),(7975,'CONSEJO COMUNAL UNIDOS POR SIEMPRE LOS TRES SECTORES ESTADO MERIDA MUNICIPIO RIVAS DÁVILA PARROQUIA BAILADORES',5,'','',''),(7976,'CONSEJO COMUNAL LOS CAPACHOS ESTADO MERIDA MUNICIPIO RIVAS DÁVILA PARROQUIA BAILADORES',5,'','',''),(7977,'CONSEJO COMUNAL LOMA DE LOS MARQUES ESTADO MERIDA MUNICIPIO RIVAS DÁVILA PARROQUIA BAILADORES',5,'','',''),(7978,'CONSEJO COMUNAL NUBE DE AGUA Y EL MANANTIAL ESTADO MERIDA MUNICIPIO SANTOS MARQUINA PARROQUIA TABAY',5,'','',''),(7979,'CONSEJO COMUNAL  TRASANDINA EL PEDREGAL ESTADO MERIDA MUNICIPIO SANTOS MARQUINA PARROQUIA TABAY',5,'','',''),(7980,'CONSEJO COMUNAL CUCHARITO ALTO Y BAJO ESTADO MERIDA MUNICIPIO SANTOS MARQUINA PARROQUIA TABAY',5,'','',''),(7981,'CONSEJO COMUNAL MUCUNUTAN ESTADO MERIDA MUNICIPIO SANTOS MARQUINA PARROQUIA TABAY',5,'','',''),(7982,'CONSEJO COMUNAL BUENA VISTA ESTADO MERIDA MUNICIPIO SANTOS MARQUINA PARROQUIA TABAY',5,'','',''),(7983,'CONSEJO COMUNAL LA CEIBITA ESTADO MERIDA MUNICIPIO SANTOS MARQUINA PARROQUIA TABAY',5,'','',''),(7984,'CONSEJO COMUNAL EL TAMPACAL ESTADO MERIDA MUNICIPIO SANTOS MARQUINA PARROQUIA TABAY',5,'','',''),(7985,'CONSEJO COMUNAL AGUA CALIENTE ESTADO MERIDA MUNICIPIO SANTOS MARQUINA PARROQUIA TABAY',5,'','',''),(7986,'CONSEJO COMUNAL EL PEÑON ESTADO MERIDA MUNICIPIO SANTOS MARQUINA PARROQUIA TABAY',5,'','',''),(7987,'CONSEJO COMUNAL LOMA DEL PUEBLO ESTADO MERIDA MUNICIPIO SANTOS MARQUINA PARROQUIA TABAY',5,'','',''),(7988,'CONSEJO COMUNAL AGUA CLARA ESTADO MERIDA MUNICIPIO SANTOS MARQUINA PARROQUIA TABAY',5,'','',''),(7989,'CONSEJO COMUNAL FILO DEL LORO ESTADO MERIDA MUNICIPIO SANTOS MARQUINA PARROQUIA TABAY',5,'','',''),(7990,'CONSEJO COMUNAL MESA DEL CUCHARITO ESTADO MERIDA MUNICIPIO SANTOS MARQUINA PARROQUIA TABAY',5,'','',''),(7991,'CONSEJO COMUNAL MUCUY BAJA ESTADO MERIDA MUNICIPIO SANTOS MARQUINA PARROQUIA TABAY',5,'','',''),(7992,'CONSEJO COMUNAL SECTOR LA BOMBA ESTADO MERIDA MUNICIPIO SANTOS MARQUINA PARROQUIA TABAY',5,'','',''),(7993,'CONSEJO COMUNAL LA CAPEA  ESTADO MERIDA MUNICIPIO SANTOS MARQUINA PARROQUIA TABAY',5,'','',''),(7994,'CONSEJO COMUNAL CAPILLA DE LAS MERCEDES ESTADO MERIDA MUNICIPIO SANTOS MARQUINA PARROQUIA TABAY',5,'','',''),(7995,'CONSEJO COMUNAL LOMA DEL PUEBLO PARTE BAJA ESTADO MERIDA MUNICIPIO SANTOS MARQUINA PARROQUIA TABAY',5,'','',''),(7996,'CONSEJO COMUNAL LA MESA EL PEDREGAL ESTADO MERIDA MUNICIPIO SANTOS MARQUINA PARROQUIA TABAY',5,'','',''),(7997,'CONSEJO COMUNAL LA MANO PODEROSA SAN GERONIMO ESTADO MERIDA MUNICIPIO SANTOS MARQUINA PARROQUIA TABAY',5,'','',''),(7998,'CONSEJO COMUNAL ROSAL PARAMITO 15 ESTADO MERIDA MUNICIPIO SANTOS MARQUINA PARROQUIA TABAY',5,'','',''),(7999,'CONSEJO COMUNAL SECTOR LAS CALAVERAS ESTADO MERIDA MUNICIPIO SANTOS MARQUINA PARROQUIA TABAY',5,'','',''),(8000,'CONSEJO COMUNAL DON PABLO ESTADO MERIDA MUNICIPIO SANTOS MARQUINA PARROQUIA TABAY',5,'','',''),(8001,'CONSEJO COMUNAL LA VEGA DE SAN ANTONIO ESTADO MERIDA MUNICIPIO SANTOS MARQUINA PARROQUIA TABAY',5,'','',''),(8002,'CONSEJO COMUNAL EL SALADITO ESTADO MERIDA MUNICIPIO SANTOS MARQUINA PARROQUIA TABAY',5,'','',''),(8003,'CONSEJO COMUNAL HACIENDA Y VEGA ESTADO MERIDA MUNICIPIO SANTOS MARQUINA PARROQUIA TABAY',5,'','',''),(8004,'CONSEJO COMUNAL SAN GERONIMO ESTADO MERIDA MUNICIPIO SANTOS MARQUINA PARROQUIA TABAY',5,'','',''),(8005,'CONSEJO COMUNAL  LOMA DE LA VIRGEN LA PUEBLITA  ESTADO MERIDA MUNICIPIO SANTOS MARQUINA PARROQUIA TABAY',5,'','',''),(8006,'CONSEJO COMUNAL EL HELECHAL ESTADO MERIDA MUNICIPIO SANTOS MARQUINA PARROQUIA TABAY',5,'','',''),(8007,'CONSEJO COMUNAL LOS MICUYES ESTADO MERIDA MUNICIPIO SANTOS MARQUINA PARROQUIA TABAY',5,'','',''),(8008,'CONSEJO COMUNAL LA TOMA ESTADO MERIDA MUNICIPIO SANTOS MARQUINA PARROQUIA TABAY',5,'','',''),(8009,'CONSEJO COMUNAL LA ESCUELA ESTADO MERIDA MUNICIPIO SANTOS MARQUINA PARROQUIA TABAY',5,'','',''),(8010,'CONSEJO COMUNAL SAN EMIGDIO ESTADO MERIDA MUNICIPIO SANTOS MARQUINA PARROQUIA TABAY',5,'','',''),(8011,'CONSEJO COMUNAL EL NAZARENO ESTADO MERIDA MUNICIPIO SANTOS MARQUINA PARROQUIA TABAY',5,'','',''),(8012,'CONSEJO COMUNAL ALTO VIENTO PIEDRAS BLANCAS ESTADO MERIDA MUNICIPIO SANTOS MARQUINA PARROQUIA TABAY',5,'','',''),(8013,'CONSEJO COMUNAL QUEBRADA DE LA VIRGEN ESTADO MERIDA MUNICIPIO SANTOS MARQUINA PARROQUIA TABAY',5,'','',''),(8014,'CONSEJO COMUNAL LOMA DE LOS MONOS ESTADO MERIDA MUNICIPIO SANTOS MARQUINA PARROQUIA TABAY',5,'','',''),(8015,'CONSEJO COMUNAL LA CANDELARIA LAS RURALES ESTADO MERIDA MUNICIPIO SUCRE PARROQUIA CHIGUARÁ',5,'','',''),(8016,'CONSEJO COMUNAL SAN JUANITO PARTE BAJA ESTADO MERIDA MUNICIPIO SUCRE PARROQUIA CHIGUARÁ',5,'','',''),(8017,'CONSEJO COMUNAL SECTOR PUEBLO NUEVO ESTADO MERIDA MUNICIPIO SUCRE PARROQUIA CHIGUARÁ',5,'','',''),(8018,'CONSEJO COMUNAL LOS ENTABLES SAN JUAN GRANDE ESTADO MERIDA MUNICIPIO SUCRE PARROQUIA CHIGUARÁ',5,'','',''),(8019,'CONSEJO COMUNAL BURUQUEL ESTADO MERIDA MUNICIPIO SUCRE PARROQUIA CHIGUARÁ',5,'','',''),(8020,'CONSEJO COMUNAL EL HATO DE ESTANQUES SECTOR BAJO ESTADO MERIDA MUNICIPIO SUCRE PARROQUIA CHIGUARÁ',5,'','',''),(8021,'CONSEJO COMUNAL LOS QUINOS ESTADO MERIDA MUNICIPIO SUCRE PARROQUIA CHIGUARÁ',5,'','',''),(8022,'CONSEJO COMUNAL LA VUELTA ESTADO MERIDA MUNICIPIO SUCRE PARROQUIA CHIGUARÁ',5,'','',''),(8023,'CONSEJO COMUNAL BUENA VISTA ESTADO MERIDA MUNICIPIO SUCRE PARROQUIA CHIGUARÁ',5,'','',''),(8024,'CONSEJO COMUNAL CALLE COMERCIO ESTADO MERIDA MUNICIPIO SUCRE PARROQUIA CHIGUARÁ',5,'','',''),(8025,'CONSEJO COMUNAL SAN JUANITO REVENTONES ESTADO MERIDA MUNICIPIO SUCRE PARROQUIA CHIGUARÁ',5,'','',''),(8026,'CONSEJO COMUNAL LA COLORADA ESTADO MERIDA MUNICIPIO SUCRE PARROQUIA CHIGUARÁ',5,'','',''),(8027,'CONSEJO COMUNAL EL CACIQUE CHIGUARA ESTADO MERIDA MUNICIPIO SUCRE PARROQUIA CHIGUARÁ',5,'','',''),(8028,'CONSEJO COMUNAL LLANO LA HONDA ESTADO MERIDA MUNICIPIO SUCRE PARROQUIA CHIGUARÁ',5,'','',''),(8029,'CONSEJO COMUNAL CASANARE ESTADO MERIDA MUNICIPIO SUCRE PARROQUIA CHIGUARÁ',5,'','',''),(8030,'CONSEJO COMUNAL SAN BENITO LAS DELICIAS ESTADO MERIDA MUNICIPIO SUCRE PARROQUIA CHIGUARÁ',5,'','',''),(8031,'CONSEJO COMUNAL SANTA FILOMENA ESTADO MERIDA MUNICIPIO SUCRE PARROQUIA CHIGUARÁ',5,'','',''),(8032,'CONSEJO COMUNAL LAS MESITAS EL ANIS ESTADO MERIDA MUNICIPIO SUCRE PARROQUIA CHIGUARÁ',5,'','',''),(8033,'CONSEJO COMUNAL EL CAMBUR ESTADO MERIDA MUNICIPIO SUCRE PARROQUIA CHIGUARÁ',5,'','',''),(8034,'CONSEJO COMUNAL JUAN PABLO II ESTADO MERIDA MUNICIPIO SUCRE PARROQUIA CHIGUARÁ',5,'','',''),(8035,'CONSEJO COMUNAL EL RINCON Y SANTA CATALINA ESTADO MERIDA MUNICIPIO SUCRE PARROQUIA CHIGUARÁ',5,'','',''),(8036,'CONSEJO COMUNAL EL PEDREGAL 11 ESTADO MERIDA MUNICIPIO SUCRE PARROQUIA CHIGUARÁ',5,'','',''),(8037,'CONSEJO COMUNAL EL FILO ESTADO MERIDA MUNICIPIO SUCRE PARROQUIA CHIGUARÁ',5,'','',''),(8038,'CONSEJO COMUNAL NUESTRA SEÑORA VIRGEN DE FATIMA ESTADO MERIDA MUNICIPIO SUCRE PARROQUIA CHIGUARÁ',5,'','',''),(8039,'CONSEJO COMUNAL LLANO LA HONDA ESTADO MERIDA MUNICIPIO SUCRE PARROQUIA CHIGUARÁ',5,'','',''),(8040,'CONSEJO COMUNAL LA RONCONA ESTADO MERIDA MUNICIPIO SUCRE PARROQUIA CHIGUARÁ',5,'','',''),(8041,'CONSEJO COMUNAL EL TEJAR Y LOS KIOSKOS ESTADO MERIDA MUNICIPIO SUCRE PARROQUIA CHIGUARÁ',5,'','',''),(8042,'CONSEJO COMUNAL EL GUAMO ESTADO MERIDA MUNICIPIO SUCRE PARROQUIA CHIGUARÁ',5,'','',''),(8043,'CONSEJO COMUNAL MONTE FRIO ESTADO MERIDA MUNICIPIO SUCRE PARROQUIA CHIGUARÁ',5,'','',''),(8044,'CONSEJO COMUNAL SAN JOSE BURBUQUEL ESTADO MERIDA MUNICIPIO SUCRE PARROQUIA CHIGUARÁ',5,'','',''),(8045,'CONSEJO COMUNAL LA PEÑA ESTADO MERIDA MUNICIPIO SUCRE PARROQUIA CHIGUARÁ',5,'','',''),(8046,'CONSEJO COMUNAL EL VERDE ESTADO MERIDA MUNICIPIO SUCRE PARROQUIA CHIGUARÁ',5,'','',''),(8047,'CONSEJO COMUNAL LA MAJUMBA ESTADO MERIDA MUNICIPIO SUCRE PARROQUIA CHIGUARÁ',5,'','',''),(8048,'CONSEJO COMUNAL ALGARROBOS CASA DE TEJA ESTADO MERIDA MUNICIPIO SUCRE PARROQUIA ESTÁNQUEZ',5,'','',''),(8049,'CONSEJO COMUNAL SAN ANTONIO  ESTADO MERIDA MUNICIPIO SUCRE PARROQUIA ESTÁNQUEZ',5,'','',''),(8050,'CONSEJO COMUNAL SECTOR LA PLAZA QUIRORA BAJO ESTADO MERIDA MUNICIPIO SUCRE PARROQUIA ESTÁNQUEZ',5,'','',''),(8051,'CONSEJO COMUNAL LA TUSTA ESTADO MERIDA MUNICIPIO SUCRE PARROQUIA ESTÁNQUEZ',5,'','',''),(8052,'CONSEJO COMUNAL EL RINCON DEL VERDAL ESTADO MERIDA MUNICIPIO SUCRE PARROQUIA ESTÁNQUEZ',5,'','',''),(8053,'CONSEJO COMUNAL ASENTAMIENTO CAMPESINO ESTADO MERIDA MUNICIPIO SUCRE PARROQUIA ESTÁNQUEZ',5,'','',''),(8054,'CONSEJO COMUNAL LAS LABRANZAS ESTADO MERIDA MUNICIPIO SUCRE PARROQUIA ESTÁNQUEZ',5,'','',''),(8055,'CONSEJO COMUNAL EL RINCON DEL PALMAR ESTADO MERIDA MUNICIPIO SUCRE PARROQUIA ESTÁNQUEZ',5,'','',''),(8056,'CONSEJO COMUNAL SAN PABLO BAJO ESTADO MERIDA MUNICIPIO SUCRE PARROQUIA ESTÁNQUEZ',5,'','',''),(8057,'CONSEJO COMUNAL QUIRORA ESTADO MERIDA MUNICIPIO SUCRE PARROQUIA ESTÁNQUEZ',5,'','',''),(8058,'CONSEJO COMUNAL QUEBRADA ARRIBA CUESTA BUEYES ESTADO MERIDA MUNICIPIO SUCRE PARROQUIA ESTÁNQUEZ',5,'','',''),(8059,'CONSEJO COMUNAL QUEBRADA DE LORO BAJO ESTADO MERIDA MUNICIPIO SUCRE PARROQUIA ESTÁNQUEZ',5,'','',''),(8060,'CONSEJO COMUNAL EL BOLERO Nº 927 ESTADO MERIDA MUNICIPIO SUCRE PARROQUIA ESTÁNQUEZ',5,'','',''),(8061,'CONSEJO COMUNAL QUEBRADA DEL LORO ALTO ESTADO MERIDA MUNICIPIO SUCRE PARROQUIA ESTÁNQUEZ',5,'','',''),(8062,'CONSEJO COMUNAL SANTO DOMINGO ESTADO MERIDA MUNICIPIO SUCRE PARROQUIA ESTÁNQUEZ',5,'','',''),(8063,'CONSEJO COMUNAL EL RINCON DEL JARILLAL LOS TANQUEZ ESTADO MERIDA MUNICIPIO SUCRE PARROQUIA ESTÁNQUEZ',5,'','',''),(8064,'CONSEJO COMUNAL LOS CUCHARONES ESTADO MERIDA MUNICIPIO SUCRE PARROQUIA ESTÁNQUEZ',5,'','',''),(8065,'CONSEJO COMUNAL EL HATO DE ESTANQUES 114 ESTADO MERIDA MUNICIPIO SUCRE PARROQUIA ESTÁNQUEZ',5,'','',''),(8066,'CONSEJO COMUNAL LOS JOQUES ESTADO MERIDA MUNICIPIO SUCRE PARROQUIA ESTÁNQUEZ',5,'','',''),(8067,'CONSEJO COMUNAL MOCOCHOPO ESTADO MERIDA MUNICIPIO SUCRE PARROQUIA ESTÁNQUEZ',5,'','',''),(8068,'CONSEJO COMUNAL CAÑADON EL FILO ESTADO MERIDA MUNICIPIO SUCRE PARROQUIA ESTÁNQUEZ',5,'','',''),(8069,'CONSEJO COMUNAL EL COROZO ESTADO MERIDA MUNICIPIO SUCRE PARROQUIA ESTÁNQUEZ',5,'','',''),(8070,'CONSEJO COMUNAL SAN PABLO ALTO ESTADO MERIDA MUNICIPIO SUCRE PARROQUIA ESTÁNQUEZ',5,'','',''),(8071,'CONSEJO COMUNAL CENTRO DE ESTANQUES ESTADO MERIDA MUNICIPIO SUCRE PARROQUIA ESTÁNQUEZ',5,'','',''),(8072,'CONSEJO COMUNAL LA ARISCA III ESTADO MERIDA MUNICIPIO SUCRE PARROQUIA ESTÁNQUEZ',5,'','',''),(8073,'CONSEJO COMUNAL EL RINCON DEL PARAMITO ESTADO MERIDA MUNICIPIO SUCRE PARROQUIA ESTÁNQUEZ',5,'','',''),(8074,'CONSEJO COMUNAL EL FILO DE SAN ANTONIO ESTADO MERIDA MUNICIPIO SUCRE PARROQUIA ESTÁNQUEZ',5,'','',''),(8075,'CONSEJO COMUNAL SABANETA ESTADO MERIDA MUNICIPIO SUCRE PARROQUIA ESTÁNQUEZ',5,'','',''),(8076,'CONSEJO COMUNAL SAN PABLO MEDIO ESTADO MERIDA MUNICIPIO SUCRE PARROQUIA ESTÁNQUEZ',5,'','',''),(8077,'CONSEJO COMUNAL EL DORADO ESTADO MERIDA MUNICIPIO SUCRE PARROQUIA ESTÁNQUEZ',5,'','',''),(8078,'CONSEJO COMUNAL LOMA DEL RICO BELEN MUERTA 69 ESTADO MERIDA MUNICIPIO SUCRE PARROQUIA LA TRAMPA',5,'','',''),(8079,'CONSEJO COMUNAL EL CACIQUE ESTADO MERIDA MUNICIPIO SUCRE PARROQUIA LA TRAMPA',5,'','',''),(8080,'CONSEJO COMUNAL LOMA EL PICO  ESTADO MERIDA MUNICIPIO SUCRE PARROQUIA LA TRAMPA',5,'','',''),(8081,'CONSEJO COMUNAL LOMA DE LOS COLMENARES 799 R.L. ESTADO MERIDA MUNICIPIO SUCRE PARROQUIA LA TRAMPA',5,'','',''),(8082,'CONSEJO COMUNAL EL QUEBRADON ESTADO MERIDA MUNICIPIO SUCRE PARROQUIA LA TRAMPA',5,'','',''),(8083,'CONSEJO COMUNAL EL ESTANQUILLO 12 ESTADO MERIDA MUNICIPIO SUCRE PARROQUIA LA TRAMPA',5,'','',''),(8084,'CONSEJO COMUNAL PARAMO DEL TAMBOR ESTADO MERIDA MUNICIPIO SUCRE PARROQUIA LA TRAMPA',5,'','',''),(8085,'CONSEJO COMUNAL MONTE REDONDO ESTADO MERIDA MUNICIPIO SUCRE PARROQUIA LA TRAMPA',5,'','',''),(8086,'CONSEJO COMUNAL BOLERO VEGA ESTADO MERIDA MUNICIPIO SUCRE PARROQUIA LA TRAMPA',5,'','',''),(8087,'CONSEJO COMUNAL LA CUESTA ESTADO MERIDA MUNICIPIO SUCRE PARROQUIA LA TRAMPA',5,'','',''),(8088,'CONSEJO COMUNAL LA CUCHILLA LOS CASADEROS ESTADO MERIDA MUNICIPIO SUCRE PARROQUIA LA TRAMPA',5,'','',''),(8089,'CONSEJO COMUNAL CAÑA BRAVA ESTADO MERIDA MUNICIPIO SUCRE PARROQUIA LA TRAMPA',5,'','',''),(8090,'CONSEJO COMUNAL LOMA DE LA PIEDRA ESTADO MERIDA MUNICIPIO SUCRE PARROQUIA LA TRAMPA',5,'','',''),(8091,'CONSEJO COMUNAL MESA DEL CARAÑO ESTADO MERIDA MUNICIPIO SUCRE PARROQUIA LA TRAMPA',5,'','',''),(8092,'CONSEJO COMUNAL LAS LOMAS ESTADO MERIDA MUNICIPIO SUCRE PARROQUIA LA TRAMPA',5,'','',''),(8093,'CONSEJO COMUNAL LA MAGDALENA ESTADO MERIDA MUNICIPIO SUCRE PARROQUIA PUBLO NUEVO DEL SUR',5,'','',''),(8094,'CONSEJO COMUNAL ALDEA EL HATICO ESTADO MERIDA MUNICIPIO SUCRE PARROQUIA PUBLO NUEVO DEL SUR',5,'','',''),(8095,'CONSEJO COMUNAL MUTABUTE ESTADO MERIDA MUNICIPIO SUCRE PARROQUIA PUBLO NUEVO DEL SUR',5,'','',''),(8096,'CONSEJO COMUNAL MACIEGAL LA LAGUNA EL SALADO ESTADO MERIDA MUNICIPIO SUCRE PARROQUIA PUBLO NUEVO DEL SUR',5,'','',''),(8097,'CONSEJO COMUNAL EL CEMENTERIO ESTADO MERIDA MUNICIPIO SUCRE PARROQUIA PUBLO NUEVO DEL SUR',5,'','',''),(8098,'CONSEJO COMUNAL LA AGUADA ESTADO MERIDA MUNICIPIO SUCRE PARROQUIA PUBLO NUEVO DEL SUR',5,'','',''),(8099,'CONSEJO COMUNAL EL PLATANAL ESTADO MERIDA MUNICIPIO SUCRE PARROQUIA PUBLO NUEVO DEL SUR',5,'','',''),(8100,'CONSEJO COMUNAL PARAMITO II Y III ESTADO MERIDA MUNICIPIO SUCRE PARROQUIA PUBLO NUEVO DEL SUR',5,'','',''),(8101,'CONSEJO COMUNAL LOS AMARILLOS ESTADO MERIDA MUNICIPIO SUCRE PARROQUIA PUBLO NUEVO DEL SUR',5,'','',''),(8102,'CONSEJO COMUNAL LA OVEJERA ESTADO MERIDA MUNICIPIO SUCRE PARROQUIA PUBLO NUEVO DEL SUR',5,'','',''),(8103,'CONSEJO COMUNAL LA QUEBRADA 13 ESTADO MERIDA MUNICIPIO SUCRE PARROQUIA PUBLO NUEVO DEL SUR',5,'','',''),(8104,'CONSEJO COMUNAL MUCANDU ESTADO MERIDA MUNICIPIO SUCRE PARROQUIA PUBLO NUEVO DEL SUR',5,'','',''),(8105,'CONSEJO COMUNAL LA MESA DE PUENTE REAL ESTADO MERIDA MUNICIPIO SUCRE PARROQUIA PUBLO NUEVO DEL SUR',5,'','',''),(8106,'CONSEJO COMUNAL EL FILO DEL CAMBUR ESTADO MERIDA MUNICIPIO SUCRE PARROQUIA PUBLO NUEVO DEL SUR',5,'','',''),(8107,'CONSEJO COMUNAL QUEBRADA LOMA DEL MEDIO ESTADO MERIDA MUNICIPIO SUCRE PARROQUIA PUBLO NUEVO DEL SUR',5,'','',''),(8108,'CONSEJO COMUNAL MONTES DE LOS OLIVOS ESTADO MERIDA MUNICIPIO SUCRE PARROQUIA PUBLO NUEVO DEL SUR',5,'','',''),(8109,'CONSEJO COMUNAL CASCO CENTRAL DE PUEBLO NUEVO ESTADO MERIDA MUNICIPIO SUCRE PARROQUIA PUBLO NUEVO DEL SUR',5,'','',''),(8110,'CONSEJO COMUNAL QUINCHONCHOS ESTADO MERIDA MUNICIPIO SUCRE PARROQUIA PUBLO NUEVO DEL SUR',5,'','',''),(8111,'CONSEJO COMUNAL MUCUQUI ESTADO MERIDA MUNICIPIO SUCRE PARROQUIA PUBLO NUEVO DEL SUR',5,'','',''),(8112,'CONSEJO COMUNAL JICACUY - LOMA REDONDA ESTADO MERIDA MUNICIPIO SUCRE PARROQUIA PUBLO NUEVO DEL SUR',5,'','',''),(8113,'CONSEJO COMUNAL LA JOYA ESTADO MERIDA MUNICIPIO SUCRE PARROQUIA PUBLO NUEVO DEL SUR',5,'','',''),(8114,'CONSEJO COMUNAL PUENTE VIEJO ESTADO MERIDA MUNICIPIO SUCRE PARROQUIA PUBLO NUEVO DEL SUR',5,'','',''),(8115,'CONSEJO COMUNAL EL HORCAZ ESTADO MERIDA MUNICIPIO SUCRE PARROQUIA PUBLO NUEVO DEL SUR',5,'','',''),(8116,'CONSEJO COMUNAL EL CAMBUR  ESTADO MERIDA MUNICIPIO SUCRE PARROQUIA PUBLO NUEVO DEL SUR',5,'','',''),(8117,'CONSEJO COMUNAL EL CAMBUR PUEBLO NUEVO DEL SUR ESTADO MERIDA MUNICIPIO SUCRE PARROQUIA PUBLO NUEVO DEL SUR',5,'','',''),(8118,'CONSEJO COMUNAL MUCUSUS ESTADO MERIDA MUNICIPIO SUCRE PARROQUIA PUBLO NUEVO DEL SUR',5,'','',''),(8119,'CONSEJO COMUNAL EL CABULLAL ESTADO MERIDA MUNICIPIO SUCRE PARROQUIA PUBLO NUEVO DEL SUR',5,'','',''),(8120,'CONSEJO COMUNAL LOS PEÑAS ESTADO MERIDA MUNICIPIO SUCRE PARROQUIA SAN JUAN',5,'','',''),(8121,'CONSEJO COMUNAL BOQUERON ESTADO MERIDA MUNICIPIO SUCRE PARROQUIA SAN JUAN',5,'','',''),(8122,'CONSEJO COMUNAL ESTANQUILLO BAJO LA VARIANTE ESTADO MERIDA MUNICIPIO SUCRE PARROQUIA SAN JUAN',5,'','',''),(8123,'CONSEJO COMUNAL ESTANQUILLO MEDIO ESTADO MERIDA MUNICIPIO SUCRE PARROQUIA SAN JUAN',5,'','',''),(8124,'CONSEJO COMUNAL EL CEMENTERIO ESTADO MERIDA MUNICIPIO SUCRE PARROQUIA SAN JUAN',5,'','',''),(8125,'CONSEJO COMUNAL CENTRO SAN JUAN ESTADO MERIDA MUNICIPIO SUCRE PARROQUIA SAN JUAN',5,'','',''),(8126,'CONSEJO COMUNAL ESTANQUILLO BAJO ESTADO MERIDA MUNICIPIO SUCRE PARROQUIA SAN JUAN',5,'','',''),(8127,'CONSEJO COMUNAL MOCOYON ESTADO MERIDA MUNICIPIO SUCRE PARROQUIA SAN JUAN',5,'','',''),(8128,'CONSEJO COMUNAL EL CUMBE ESTADO MERIDA MUNICIPIO SUCRE PARROQUIA SAN JUAN',5,'','',''),(8129,'CONSEJO COMUNAL EL LLANO ESTADO MERIDA MUNICIPIO SUCRE PARROQUIA SAN JUAN',5,'','',''),(8130,'CONSEJO COMUNAL EL COROZO ESTADO MERIDA MUNICIPIO SUCRE PARROQUIA SAN JUAN',5,'','',''),(8131,'CONSEJO COMUNAL CHICHUY ESTADO MERIDA MUNICIPIO SUCRE PARROQUIA SAN JUAN',5,'','',''),(8132,'CONSEJO COMUNAL LA PUERTA PARTE BAJA ESTADO MERIDA MUNICIPIO SUCRE PARROQUIA SAN JUAN',5,'','',''),(8133,'CONSEJO COMUNAL FRANCISCO JAVIER ANGULO PARTE BAJA ESTADO MERIDA MUNICIPIO SUCRE PARROQUIA SAN JUAN',5,'','',''),(8134,'CONSEJO COMUNAL MILLA ESTADO MERIDA MUNICIPIO SUCRE PARROQUIA SAN JUAN',5,'','',''),(8135,'CONSEJO COMUNAL PIEDRAS NEGRAS ESTADO MERIDA MUNICIPIO SUCRE PARROQUIA SAN JUAN',5,'','',''),(8136,'CONSEJO COMUNAL SIMON BOLIVAR ESTADO MERIDA MUNICIPIO SUCRE PARROQUIA SAN JUAN',5,'','',''),(8137,'CONSEJO COMUNAL CORDILLERA ESTADO MERIDA MUNICIPIO SUCRE PARROQUIA SAN JUAN',5,'','',''),(8138,'CONSEJO COMUNAL LOS CARACOLES ESTADO MERIDA MUNICIPIO SUCRE PARROQUIA SAN JUAN',5,'','',''),(8139,'CONSEJO COMUNAL ESTANQUILLO ALTO ESTADO MERIDA MUNICIPIO SUCRE PARROQUIA SAN JUAN',5,'','',''),(8140,'CONSEJO COMUNAL LA PUERTA PARTE ALTA ESTADO MERIDA MUNICIPIO SUCRE PARROQUIA SAN JUAN',5,'','',''),(8141,'CONSEJO COMUNAL LA HOYADA DE LOS CARACOLES ESTADO MERIDA MUNICIPIO SUCRE PARROQUIA SAN JUAN',5,'','',''),(8142,'CONSEJO COMUNAL LLANO DE SAN ANTONIO ESTADO MERIDA MUNICIPIO SUCRE PARROQUIA SAN JUAN',5,'','',''),(8143,'CONSEJO COMUNAL LOS LLANITOS ESTADO MERIDA MUNICIPIO SUCRE PARROQUIA SAN JUAN',5,'','',''),(8144,'CONSEJO COMUNAL NORTE 5 BICENTENARIO ESTADO MERIDA MUNICIPIO SUCRE PARROQUIA SAN JUAN',5,'','',''),(8145,'CONSEJO COMUNAL MUCUMI ESTADO MERIDA MUNICIPIO SUCRE PARROQUIA SAN JUAN',5,'','',''),(8146,'CONSEJO COMUNAL EL XAMU ESTADO MERIDA MUNICIPIO SUCRE PARROQUIA SAN JUAN',5,'','',''),(8147,'CONSEJO COMUNAL EL POZO ESTADO MERIDA MUNICIPIO SUCRE PARROQUIA SAN JUAN',5,'','',''),(8148,'CONSEJO COMUNAL LA SABANOTA ESTADO MERIDA MUNICIPIO SUCRE PARROQUIA SAN JUAN',5,'','',''),(8149,'CONSEJO COMUNAL LLANO SECO ESTADO MERIDA MUNICIPIO SUCRE PARROQUIA LAGUNILLAS',5,'','',''),(8150,'CONSEJO COMUNAL AGUA DE URAO ESTADO MERIDA MUNICIPIO SUCRE PARROQUIA LAGUNILLAS',5,'','',''),(8151,'CONSEJO COMUNAL ALEGRIA ALTA MEDIA ESTADO MERIDA MUNICIPIO SUCRE PARROQUIA LAGUNILLAS',5,'','',''),(8152,'CONSEJO COMUNAL EL PLAYON DE LAGUNILLAS ESTADO MERIDA MUNICIPIO SUCRE PARROQUIA LAGUNILLAS',5,'','',''),(8153,'CONSEJO COMUNAL LA CALERA ESTADO MERIDA MUNICIPIO SUCRE PARROQUIA LAGUNILLAS',5,'','',''),(8154,'CONSEJO COMUNAL LOS CUROS ESTADO MERIDA MUNICIPIO SUCRE PARROQUIA LAGUNILLAS',5,'','',''),(8155,'CONSEJO COMUNAL LOS AZULES ESTADO MERIDA MUNICIPIO SUCRE PARROQUIA LAGUNILLAS',5,'','',''),(8156,'CONSEJO COMUNAL LA HOYADA LOS AZULES ESTADO MERIDA MUNICIPIO SUCRE PARROQUIA LAGUNILLAS',5,'','',''),(8157,'CONSEJO COMUNAL HUERTA PARTE ALTA ESTADO MERIDA MUNICIPIO SUCRE PARROQUIA LAGUNILLAS',5,'','',''),(8158,'CONSEJO COMUNAL EL MOLINO LAGUNILLA ESTADO MERIDA MUNICIPIO SUCRE PARROQUIA LAGUNILLAS',5,'','',''),(8159,'CONSEJO COMUNAL LA LAGUNITA ESTADO MERIDA MUNICIPIO SUCRE PARROQUIA LAGUNILLAS',5,'','',''),(8160,'CONSEJO COMUNAL PARAMO LOS UVITOS ESTADO MERIDA MUNICIPIO SUCRE PARROQUIA LAGUNILLAS',5,'','',''),(8161,'CONSEJO COMUNAL CASES ESTADO MERIDA MUNICIPIO SUCRE PARROQUIA LAGUNILLAS',5,'','',''),(8162,'CONSEJO COMUNAL LA MARUCHI ESTADO MERIDA MUNICIPIO SUCRE PARROQUIA LAGUNILLAS',5,'','',''),(8163,'CONSEJO COMUNAL PUEBLO VIEJO ESTADO MERIDA MUNICIPIO SUCRE PARROQUIA LAGUNILLAS',5,'','',''),(8164,'CONSEJO COMUNAL LOS ARAQUES ESTADO MERIDA MUNICIPIO SUCRE PARROQUIA LAGUNILLAS',5,'','',''),(8165,'CONSEJO COMUNAL LA ALEGRIA PARTE BAJA ESTADO MERIDA MUNICIPIO SUCRE PARROQUIA LAGUNILLAS',5,'','',''),(8166,'CONSEJO COMUNAL LAS CINCO FLORES ESTADO MERIDA MUNICIPIO SUCRE PARROQUIA LAGUNILLAS',5,'','',''),(8167,'CONSEJO COMUNAL MUCUMBU BAJO ESTADO MERIDA MUNICIPIO SUCRE PARROQUIA LAGUNILLAS',5,'','',''),(8168,'CONSEJO COMUNAL EL CAMPESTRE ESTADO MERIDA MUNICIPIO SUCRE PARROQUIA LAGUNILLAS',5,'','',''),(8169,'CONSEJO COMUNAL CONJUNTO RESIDENCIAL LOS AZULES ESTADO MERIDA MUNICIPIO SUCRE PARROQUIA LAGUNILLAS',5,'','',''),(8170,'CONSEJO COMUNAL SAN BENITO ESTADO MERIDA MUNICIPIO SUCRE PARROQUIA LAGUNILLAS',5,'','',''),(8171,'CONSEJO COMUNAL LOS UVITOS LOS TOTUMOS ESTADO MERIDA MUNICIPIO SUCRE PARROQUIA LAGUNILLAS',5,'','',''),(8172,'CONSEJO COMUNAL LOMA DE LA MORA ESTADO MERIDA MUNICIPIO SUCRE PARROQUIA LAGUNILLAS',5,'','',''),(8173,'CONSEJO COMUNAL GRAN MARISCAL DE SUCRE ESTADO MERIDA MUNICIPIO SUCRE PARROQUIA LAGUNILLAS',5,'','',''),(8174,'CONSEJO COMUNAL CONJUNTO RESIDENCIAL CASA BONITA ESTADO MERIDA MUNICIPIO SUCRE PARROQUIA LAGUNILLAS',5,'','',''),(8175,'CONSEJO COMUNAL SAN BENITO PARTE ALTA ESTADO MERIDA MUNICIPIO SUCRE PARROQUIA LAGUNILLAS',5,'','',''),(8176,'CONSEJO COMUNAL QUINANOQUE ESTADO MERIDA MUNICIPIO SUCRE PARROQUIA LAGUNILLAS',5,'','',''),(8177,'CONSEJO COMUNAL SECTOR LA HACIENDA EL MOLINO ESTADO MERIDA MUNICIPIO SUCRE PARROQUIA LAGUNILLAS',5,'','',''),(8178,'CONSEJO COMUNAL SAN PABLO CHAMA 4 ESTADO MERIDA MUNICIPIO SUCRE PARROQUIA LAGUNILLAS',5,'','',''),(8179,'CONSEJO COMUNAL PIE DEL TIRO ESTADO MERIDA MUNICIPIO SUCRE PARROQUIA LAGUNILLAS',5,'','',''),(8180,'CONSEJO COMUNAL LOS MAMONES ESTADO MERIDA MUNICIPIO SUCRE PARROQUIA LAGUNILLAS',5,'','',''),(8181,'CONSEJO COMUNAL MUCUMBU ALTO Y MEDIO ESTADO MERIDA MUNICIPIO SUCRE PARROQUIA LAGUNILLAS',5,'','',''),(8182,'CONSEJO COMUNAL SAN MARTIN ESTADO MERIDA MUNICIPIO SUCRE PARROQUIA LAGUNILLAS',5,'','',''),(8183,'CONSEJO COMUNAL LAS TAPIAS ESTADO MERIDA MUNICIPIO SUCRE PARROQUIA LAGUNILLAS',5,'','',''),(8184,'CONSEJO COMUNAL LOS LIMOS ESTADO MERIDA MUNICIPIO SUCRE PARROQUIA LAGUNILLAS',5,'','',''),(8185,'CONSEJO COMUNAL EL TEJAR ESTADO MERIDA MUNICIPIO SUCRE PARROQUIA LAGUNILLAS',5,'','',''),(8186,'CONSEJO COMUNAL PARAMO DEL MARIÑO ESTADO MERIDA MUNICIPIO TOVAR PARROQUIA EL AMPARO',5,'','',''),(8187,'CONSEJO COMUNAL LA HONDA ESTADO MERIDA MUNICIPIO TOVAR PARROQUIA EL AMPARO',5,'','',''),(8188,'CONSEJO COMUNAL SAN ANTONIO ALTO ESTADO MERIDA MUNICIPIO TOVAR PARROQUIA EL AMPARO',5,'','',''),(8189,'CONSEJO COMUNAL EL BORDO DE LA CAÑADA ESTADO MERIDA MUNICIPIO TOVAR PARROQUIA EL AMPARO',5,'','',''),(8190,'CONSEJO COMUNAL EL TEJAR LOMA DE LAS CRUCES ESTADO MERIDA MUNICIPIO TOVAR PARROQUIA EL AMPARO',5,'','',''),(8191,'CONSEJO COMUNAL EL TEJAR ALTO ESTADO MERIDA MUNICIPIO TOVAR PARROQUIA EL AMPARO',5,'','',''),(8192,'CONSEJO COMUNAL SAN ANTONIO BAJO ESTADO MERIDA MUNICIPIO TOVAR PARROQUIA EL AMPARO',5,'','',''),(8193,'CONSEJO COMUNAL EL CAMBUR ESTADO MERIDA MUNICIPIO TOVAR PARROQUIA EL AMPARO',5,'','',''),(8194,'CONSEJO COMUNAL LA CAÑADA ESTADO MERIDA MUNICIPIO TOVAR PARROQUIA EL AMPARO',5,'','',''),(8195,'CONSEJO COMUNAL EL BORDO DE LA HONDA ESTADO MERIDA MUNICIPIO TOVAR PARROQUIA EL AMPARO',5,'','',''),(8196,'CONSEJO COMUNAL CLAUDIO VIVAS ESTADO MERIDA MUNICIPIO TOVAR PARROQUIA EL LLANO',5,'','',''),(8197,'CONSEJO COMUNAL LOS LIMONES ESTADO MERIDA MUNICIPIO TOVAR PARROQUIA EL LLANO',5,'','',''),(8198,'CONSEJO COMUNAL EL COLISEO ESTADO MERIDA MUNICIPIO TOVAR PARROQUIA EL LLANO',5,'','',''),(8199,'CONSEJO COMUNAL EL VOLCAN ESTADO MERIDA MUNICIPIO TOVAR PARROQUIA EL LLANO',5,'','',''),(8200,'CONSEJO COMUNAL LAS COLINAS ESTADO MERIDA MUNICIPIO TOVAR PARROQUIA EL LLANO',5,'','',''),(8201,'CONSEJO COMUNAL MAISANTA ESTADO MERIDA MUNICIPIO TOVAR PARROQUIA EL LLANO',5,'','',''),(8202,'CONSEJO COMUNAL HOYADA HATO ESTADO MERIDA MUNICIPIO TOVAR PARROQUIA EL LLANO',5,'','',''),(8203,'CONSEJO COMUNAL QUEBRADA ARRIBA ESTADO MERIDA MUNICIPIO TOVAR PARROQUIA EL LLANO',5,'','',''),(8204,'CONSEJO COMUNAL EL ROSAL PARTE ALTA II ESTADO MERIDA MUNICIPIO TOVAR PARROQUIA EL LLANO',5,'','',''),(8205,'CONSEJO COMUNAL CARRIZAL ALTO ESTADO MERIDA MUNICIPIO TOVAR PARROQUIA EL LLANO',5,'','',''),(8206,'CONSEJO COMUNAL LOS NARANJOS ESTADO MERIDA MUNICIPIO TOVAR PARROQUIA EL LLANO',5,'','',''),(8207,'CONSEJO COMUNAL EL BOSQUE 1 ESTADO MERIDA MUNICIPIO TOVAR PARROQUIA EL LLANO',5,'','',''),(8208,'CONSEJO COMUNAL EL REENCUENTRO ESTADO MERIDA MUNICIPIO TOVAR PARROQUIA EL LLANO',5,'','',''),(8209,'CONSEJO COMUNAL LOS LIMONES LA LAGUNITA Y CALLE 9 ESTADO MERIDA MUNICIPIO TOVAR PARROQUIA EL LLANO',5,'','',''),(8210,'CONSEJO COMUNAL VISTA ALEGRE ESTADO MERIDA MUNICIPIO TOVAR PARROQUIA EL LLANO',5,'','',''),(8211,'CONSEJO COMUNAL EL PARQUE ESTADO MERIDA MUNICIPIO TOVAR PARROQUIA EL LLANO',5,'','',''),(8212,'CONSEJO COMUNAL JESUS OBRERO ESTADO MERIDA MUNICIPIO TOVAR PARROQUIA EL LLANO',5,'','',''),(8213,'CONSEJO COMUNAL BRISAS DEL LLANO ESTADO MERIDA MUNICIPIO TOVAR PARROQUIA EL LLANO',5,'','',''),(8214,'CONSEJO COMUNAL SAN JOSE DE LOS PALOS GRANDES ESTADO MERIDA MUNICIPIO TOVAR PARROQUIA EL LLANO',5,'','',''),(8215,'CONSEJO COMUNAL CARICUENA ESTADO MERIDA MUNICIPIO TOVAR PARROQUIA SAN FRANCISCO',5,'','',''),(8216,'CONSEJO COMUNAL EL ALBA ESTADO MERIDA MUNICIPIO TOVAR PARROQUIA SAN FRANCISCO',5,'','',''),(8217,'CONSEJO COMUNAL EL CENTRO ESTADO MERIDA MUNICIPIO TOVAR PARROQUIA SAN FRANCISCO',5,'','',''),(8218,'CONSEJO COMUNAL LA VEGA LA MATA ESTADO MERIDA MUNICIPIO TOVAR PARROQUIA SAN FRANCISCO',5,'','',''),(8219,'CONSEJO COMUNAL EL ENCIERRO ESTADO MERIDA MUNICIPIO TOVAR PARROQUIA SAN FRANCISCO',5,'','',''),(8220,'CONSEJO COMUNAL EL NUEVO RENACER ESTADO MERIDA MUNICIPIO TOVAR PARROQUIA SAN FRANCISCO',5,'','',''),(8221,'CONSEJO COMUNAL EL TEJAR ESTADO MERIDA MUNICIPIO TOVAR PARROQUIA SAN FRANCISCO',5,'','',''),(8222,'CONSEJO COMUNAL SANTA INES ESTADO MERIDA MUNICIPIO TOVAR PARROQUIA TOVAR',5,'','',''),(8223,'CONSEJO COMUNAL EL TABACAL ALTO ESTADO MERIDA MUNICIPIO TOVAR PARROQUIA TOVAR',5,'','',''),(8224,'CONSEJO COMUNAL LA ARBOLEDA ESTADO MERIDA MUNICIPIO TOVAR PARROQUIA TOVAR',5,'','',''),(8225,'CONSEJO COMUNAL PEÑONCITO ESTADO MERIDA MUNICIPIO TOVAR PARROQUIA TOVAR',5,'','',''),(8226,'CONSEJO COMUNAL BRISA DEL MOCOTIES ESTADO MERIDA MUNICIPIO TOVAR PARROQUIA TOVAR',5,'','',''),(8227,'CONSEJO COMUNAL LAS CRUCES ESTADO MERIDA MUNICIPIO TOVAR PARROQUIA TOVAR',5,'','',''),(8228,'CONSEJO COMUNAL EL PEÑON ESTADO MERIDA MUNICIPIO TOVAR PARROQUIA TOVAR',5,'','',''),(8229,'CONSEJO COMUNAL EL MORRETON ESTADO MERIDA MUNICIPIO TOVAR PARROQUIA TOVAR',5,'','',''),(8230,'CONSEJO COMUNAL BOLERO ESTADO MERIDA MUNICIPIO TOVAR PARROQUIA TOVAR',5,'','',''),(8231,'CONSEJO COMUNAL QUEBRADA SAN RAFAEL EL PEÑON ESTADO MERIDA MUNICIPIO TOVAR PARROQUIA TOVAR',5,'','',''),(8232,'CONSEJO COMUNAL SANTA ELENA ESTADO MERIDA MUNICIPIO TOVAR PARROQUIA TOVAR',5,'','',''),(8233,'CONSEJO COMUNAL EL TOTUMAL ESTADO MERIDA MUNICIPIO TOVAR PARROQUIA TOVAR',5,'','',''),(8234,'CONSEJO COMUNAL UN NUEVO AMANECER ESTADO MERIDA MUNICIPIO TOVAR PARROQUIA TOVAR',5,'','',''),(8235,'CONSEJO COMUNAL LA GRUTA SABANETA DE TOVAR ESTADO MERIDA MUNICIPIO TOVAR PARROQUIA TOVAR',5,'','',''),(8236,'CONSEJO COMUNAL EL PALMAR ESTADO MERIDA MUNICIPIO TOVAR PARROQUIA TOVAR',5,'','',''),(8237,'CONSEJO COMUNAL SANTA BARBARA ESTADO MERIDA MUNICIPIO TOVAR PARROQUIA TOVAR',5,'','',''),(8238,'CONSEJO COMUNAL PARDERO ESTADO MERIDA MUNICIPIO TOVAR PARROQUIA TOVAR',5,'','',''),(8239,'CONSEJO COMUNAL VILLA DIGNIDAD ESTADO MERIDA MUNICIPIO TOVAR PARROQUIA TOVAR',5,'','',''),(8240,'CONSEJO COMUNAL MONSEÑOR MORENO ESTADO MERIDA MUNICIPIO TOVAR PARROQUIA TOVAR',5,'','',''),(8241,'CONSEJO COMUNAL PATA DE GALLINA ESTADO MERIDA MUNICIPIO TOVAR PARROQUIA TOVAR',5,'','',''),(8242,'CONSEJO COMUNAL LA GUINEA ESTADO MERIDA MUNICIPIO TOVAR PARROQUIA TOVAR',5,'','',''),(8243,'CONSEJO COMUNAL DESARROLLO COMUNITARIO LOMA LARGA ESTADO MERIDA MUNICIPIO TOVAR PARROQUIA TOVAR',5,'','',''),(8244,'CONSEJO COMUNAL RAMONA SOTO ESTADO MERIDA MUNICIPIO TOVAR PARROQUIA TOVAR',5,'','',''),(8245,'CONSEJO COMUNAL EL BLANQUISCAL ESTADO MERIDA MUNICIPIO TOVAR PARROQUIA TOVAR',5,'','',''),(8246,'CONSEJO COMUNAL ROMULO GALLEGOS ESTADO MERIDA MUNICIPIO TOVAR PARROQUIA TOVAR',5,'','',''),(8247,'CONSEJO COMUNAL LOS HIGUERONES ESTADO MERIDA MUNICIPIO TOVAR PARROQUIA TOVAR',5,'','',''),(8248,'CONSEJO COMUNAL SANTA JUANA ESTADO MERIDA MUNICIPIO TOVAR PARROQUIA TOVAR',5,'','',''),(8249,'CONSEJO COMUNAL SAN MARTIN ROJAS ESTADO MERIDA MUNICIPIO TOVAR PARROQUIA TOVAR',5,'','',''),(8250,'CONSEJO COMUNAL EL PARAMITO ESTADO MERIDA MUNICIPIO TOVAR PARROQUIA TOVAR',5,'','',''),(8251,'CONSEJO COMUNAL EL MURO DE LAGUNA ESTADO MERIDA MUNICIPIO TOVAR PARROQUIA TOVAR',5,'','',''),(8252,'CONSEJO COMUNAL WILFRIDO OMAÑA ESTADO MERIDA MUNICIPIO TOVAR PARROQUIA TOVAR',5,'','',''),(8253,'CONSEJO COMUNAL ALBERTO CARNEVALLI ESTADO MERIDA MUNICIPIO TOVAR PARROQUIA TOVAR',5,'','',''),(8254,'CONSEJO COMUNAL VILLA DEL SOCORRO ESTADO MERIDA MUNICIPIO TOVAR PARROQUIA TOVAR',5,'','',''),(8255,'CONSEJO COMUNAL EL CACIQUE ESTADO MERIDA MUNICIPIO TOVAR PARROQUIA TOVAR',5,'','',''),(8256,'CONSEJO COMUNAL LAS ACACIAS ESTADO MERIDA MUNICIPIO TOVAR PARROQUIA TOVAR',5,'','',''),(8257,'CONSEJO COMUNAL SAN PEDRO ESTADO MERIDA MUNICIPIO TOVAR PARROQUIA TOVAR',5,'','',''),(8258,'CONSEJO COMUNAL DR JOSE MARIA VARGAS ESTADO MERIDA MUNICIPIO TOVAR PARROQUIA TOVAR',5,'','',''),(8259,'CONSEJO COMUNAL GALGOTA ESTADO MERIDA MUNICIPIO TOVAR PARROQUIA TOVAR',5,'','',''),(8260,'CONSEJO COMUNAL SAN DIEGO ESTADO MERIDA MUNICIPIO TOVAR PARROQUIA TOVAR',5,'','',''),(8261,'CONSEJO COMUNAL BUSCATERA ESTADO MERIDA MUNICIPIO TOVAR PARROQUIA TOVAR',5,'','',''),(8262,'CONSEJO COMUNAL LOMA DE LA VIRGEN ESTADO MERIDA MUNICIPIO TOVAR PARROQUIA TOVAR',5,'','',''),(8263,'CONSEJO COMUNAL ARMENIA ESTADO MERIDA MUNICIPIO TOVAR PARROQUIA TOVAR',5,'','',''),(8264,'CONSEJO COMUNAL LA CUCHILLA DEL PEÑON ESTADO MERIDA MUNICIPIO TOVAR PARROQUIA TOVAR',5,'','',''),(8265,'CONSEJO COMUNAL SANTA EDUVIGES SECTOR SABANETA ESTADO MERIDA MUNICIPIO TOVAR PARROQUIA TOVAR',5,'','',''),(8266,'CONSEJO COMUNAL BICENTENARIO (JUCOMBIBE V) ESTADO MERIDA MUNICIPIO TOVAR PARROQUIA TOVAR',5,'','',''),(8267,'CONSEJO COMUNAL AÑIL B ESTADO MERIDA MUNICIPIO TOVAR PARROQUIA TOVAR',5,'','',''),(8268,'CONSEJO COMUNAL JOSE FELIX RIVAS ESTADO MERIDA MUNICIPIO TOVAR PARROQUIA TOVAR',5,'','',''),(8269,'CONSEJO COMUNAL COROZO ALTO ESTADO MERIDA MUNICIPIO TOVAR PARROQUIA TOVAR',5,'','',''),(8270,'CONSEJO COMUNAL SILOE ESTADO MERIDA MUNICIPIO TOVAR PARROQUIA TOVAR',5,'','',''),(8271,'CONSEJO COMUNAL SUEÑOS DE LA VEGA ESTADO MERIDA MUNICIPIO TOVAR PARROQUIA TOVAR',5,'','',''),(8272,'CONSEJO COMUNAL CUCUCHICA ESTADO MERIDA MUNICIPIO TOVAR PARROQUIA TOVAR',5,'','',''),(8273,'CONSEJO COMUNAL QUEBRADA BLANCA ESTADO MERIDA MUNICIPIO TOVAR PARROQUIA TOVAR',5,'','',''),(8274,'CONSEJO COMUNAL LOMA DEL CAMPO ESTADO MERIDA MUNICIPIO TULIO FEBRES CORDERO PARROQUIA INDEPENDENCIA',5,'','',''),(8275,'CONSEJO COMUNAL LA UNIDAD ESTADO MERIDA MUNICIPIO TULIO FEBRES CORDERO PARROQUIA INDEPENDENCIA',5,'','',''),(8276,'CONSEJO COMUNAL INDIGENA MOJUI TALASHI ESTADO MERIDA MUNICIPIO TULIO FEBRES CORDERO PARROQUIA INDEPENDENCIA',5,'','',''),(8277,'CONSEJO COMUNAL WAYUU ESTADO MERIDA MUNICIPIO TULIO FEBRES CORDERO PARROQUIA INDEPENDENCIA',5,'','',''),(8278,'CONSEJO COMUNAL ESTADIO DE MUYAPA ESTADO MERIDA MUNICIPIO TULIO FEBRES CORDERO PARROQUIA INDEPENDENCIA',5,'','',''),(8279,'CONSEJO COMUNAL PANAMERICANA LA ROMANA ESTADO MERIDA MUNICIPIO TULIO FEBRES CORDERO PARROQUIA INDEPENDENCIA',5,'','',''),(8280,'CONSEJO COMUNAL SECTOR EL PEDREGAL ESTADO MERIDA MUNICIPIO TULIO FEBRES CORDERO PARROQUIA INDEPENDENCIA',5,'','',''),(8281,'CONSEJO COMUNAL LA PLAYA ESTADO MERIDA MUNICIPIO TULIO FEBRES CORDERO PARROQUIA INDEPENDENCIA',5,'','',''),(8282,'CONSEJO COMUNAL LAS VEGAS SANTA ANA A ESTADO MERIDA MUNICIPIO TULIO FEBRES CORDERO PARROQUIA INDEPENDENCIA',5,'','',''),(8283,'CONSEJO COMUNAL UNIDOS POR UN SUEÑO ESTADO MERIDA MUNICIPIO TULIO FEBRES CORDERO PARROQUIA INDEPENDENCIA',5,'','',''),(8284,'CONSEJO COMUNAL RURALES B ESTADO MERIDA MUNICIPIO TULIO FEBRES CORDERO PARROQUIA INDEPENDENCIA',5,'','',''),(8285,'CONSEJO COMUNAL SAN FRANCISCO A ESTADO MERIDA MUNICIPIO TULIO FEBRES CORDERO PARROQUIA INDEPENDENCIA',5,'','',''),(8286,'CONSEJO COMUNAL CUATRO ESQUINAS DE SANTA ANA B ESTADO MERIDA MUNICIPIO TULIO FEBRES CORDERO PARROQUIA INDEPENDENCIA',5,'','',''),(8287,'CONSEJO COMUNAL FRANCISCO DE MIRANDA I SAN PEDRO ESTADO MERIDA MUNICIPIO TULIO FEBRES CORDERO PARROQUIA INDEPENDENCIA',5,'','',''),(8288,'CONSEJO COMUNAL RURALES A ESTADO MERIDA MUNICIPIO TULIO FEBRES CORDERO PARROQUIA INDEPENDENCIA',5,'','',''),(8289,'CONSEJO COMUNAL SAN PEDRO EL MIRANDINO ESTADO MERIDA MUNICIPIO TULIO FEBRES CORDERO PARROQUIA INDEPENDENCIA',5,'','',''),(8290,'CONSEJO COMUNAL LOS ECOS ESTADO MERIDA MUNICIPIO TULIO FEBRES CORDERO PARROQUIA INDEPENDENCIA',5,'','',''),(8291,'CONSEJO COMUNAL PALMARITO CENTRO ESTADO MERIDA MUNICIPIO TULIO FEBRES CORDERO PARROQUIA INDEPENDENCIA',5,'','',''),(8292,'CONSEJO COMUNAL INDEPENDENCIA ESTADO MERIDA MUNICIPIO TULIO FEBRES CORDERO PARROQUIA INDEPENDENCIA',5,'','',''),(8293,'CONSEJO COMUNAL LA ROMANA REVOLUCIONARIA II ESTADO MERIDA MUNICIPIO TULIO FEBRES CORDERO PARROQUIA INDEPENDENCIA',5,'','',''),(8294,'CONSEJO COMUNAL SANTA ELENA DE TULIO FEBRES CORDERO ESTADO MERIDA MUNICIPIO TULIO FEBRES CORDERO PARROQUIA INDEPENDENCIA',5,'','',''),(8295,'CONSEJO COMUNAL PANAMERICANO DE SAN PEDRO ESTADO MERIDA MUNICIPIO TULIO FEBRES CORDERO PARROQUIA INDEPENDENCIA',5,'','',''),(8296,'CONSEJO COMUNAL EL PODEROSO DE ISRAEL ESTADO MERIDA MUNICIPIO TULIO FEBRES CORDERO PARROQUIA INDEPENDENCIA',5,'','',''),(8297,'CONSEJO COMUNAL CAÑO JESUS ESTADO MERIDA MUNICIPIO TULIO FEBRES CORDERO PARROQUIA INDEPENDENCIA',5,'','',''),(8298,'CONSEJO COMUNAL QUEBRADON LA ESPERANZA ESTADO MERIDA MUNICIPIO TULIO FEBRES CORDERO PARROQUIA INDEPENDENCIA',5,'','',''),(8299,'CONSEJO COMUNAL CAMPESINOS UNIDOS ESTADO MERIDA MUNICIPIO TULIO FEBRES CORDERO PARROQUIA INDEPENDENCIA',5,'','',''),(8300,'CONSEJO COMUNAL CALLE EL VIGIA ESTADO MERIDA MUNICIPIO TULIO FEBRES CORDERO PARROQUIA INDEPENDENCIA',5,'','',''),(8301,'CONSEJO COMUNAL LA ESPERANZA 232 ESTADO MERIDA MUNICIPIO TULIO FEBRES CORDERO PARROQUIA INDEPENDENCIA',5,'','',''),(8302,'CONSEJO COMUNAL NUEVO AMANECER ESTADO MERIDA MUNICIPIO TULIO FEBRES CORDERO PARROQUIA INDEPENDENCIA',5,'','',''),(8303,'CONSEJO COMUNAL CAMPO LARA ESTADO MERIDA MUNICIPIO TULIO FEBRES CORDERO PARROQUIA INDEPENDENCIA',5,'','',''),(8304,'CONSEJO COMUNAL LAS LARITAS DE MUYAPA ESTADO MERIDA MUNICIPIO TULIO FEBRES CORDERO PARROQUIA INDEPENDENCIA',5,'','',''),(8305,'CONSEJO COMUNAL RAFAEL CALDERON ESTADO MERIDA MUNICIPIO TULIO FEBRES CORDERO PARROQUIA INDEPENDENCIA',5,'','',''),(8306,'CONSEJO COMUNAL CAMPO ALEGRE ESTADO MERIDA MUNICIPIO TULIO FEBRES CORDERO PARROQUIA INDEPENDENCIA',5,'','',''),(8307,'CONSEJO COMUNAL TIO SAN ESTADO MERIDA MUNICIPIO TULIO FEBRES CORDERO PARROQUIA INDEPENDENCIA',5,'','',''),(8308,'CONSEJO COMUNAL LA QUINTA ESTADO MERIDA MUNICIPIO TULIO FEBRES CORDERO PARROQUIA INDEPENDENCIA',5,'','',''),(8309,'CONSEJO COMUNAL EL EMPUJON ESTADO MERIDA MUNICIPIO TULIO FEBRES CORDERO PARROQUIA INDEPENDENCIA',5,'','',''),(8310,'CONSEJO COMUNAL MESA DEL PALMAR MUYAPA ESTADO MERIDA MUNICIPIO TULIO FEBRES CORDERO PARROQUIA INDEPENDENCIA',5,'','',''),(8311,'CONSEJO COMUNAL EL QUEBRADON I ESTADO MERIDA MUNICIPIO TULIO FEBRES CORDERO PARROQUIA INDEPENDENCIA',5,'','',''),(8312,'CONSEJO COMUNAL EL PIONIO ESTADO MERIDA MUNICIPIO TULIO FEBRES CORDERO PARROQUIA INDEPENDENCIA',5,'','',''),(8313,'CONSEJO COMUNAL LA MORITA II ESTADO MERIDA MUNICIPIO TULIO FEBRES CORDERO PARROQUIA INDEPENDENCIA',5,'','',''),(8314,'CONSEJO COMUNAL LOS PATRIOTAS ESTADO MERIDA MUNICIPIO TULIO FEBRES CORDERO PARROQUIA INDEPENDENCIA',5,'','',''),(8315,'CONSEJO COMUNAL SAN FRANCISCO B ESTADO MERIDA MUNICIPIO TULIO FEBRES CORDERO PARROQUIA INDEPENDENCIA',5,'','',''),(8316,'CONSEJO COMUNAL EL GUARAMACO ESTADO MERIDA MUNICIPIO TULIO FEBRES CORDERO PARROQUIA INDEPENDENCIA',5,'','',''),(8317,'CONSEJO COMUNAL SAN PEDRO DE TULIO FEBRES CORDERO ESTADO MERIDA MUNICIPIO TULIO FEBRES CORDERO PARROQUIA INDEPENDENCIA',5,'','',''),(8318,'CONSEJO COMUNAL LAS CUARENTA ESTADO MERIDA MUNICIPIO TULIO FEBRES CORDERO PARROQUIA INDEPENDENCIA',5,'','',''),(8319,'CONSEJO COMUNAL RURALES DE MUYAPA ESTADO MERIDA MUNICIPIO TULIO FEBRES CORDERO PARROQUIA INDEPENDENCIA',5,'','',''),(8320,'CONSEJO COMUNAL EL TRAPICHE ESTADO MERIDA MUNICIPIO TULIO FEBRES CORDERO PARROQUIA INDEPENDENCIA',5,'','',''),(8321,'CONSEJO COMUNAL CASA AZUL I ESTADO MERIDA MUNICIPIO TULIO FEBRES CORDERO PARROQUIA MARÍA DE LA CONCEPCIÓN PALACIOS Y BLANCO',5,'','',''),(8322,'CONSEJO COMUNAL CASA AZUL LA LIBERTAD ESTADO MERIDA MUNICIPIO TULIO FEBRES CORDERO PARROQUIA MARÍA DE LA CONCEPCIÓN PALACIOS Y BLANCO',5,'','',''),(8323,'CONSEJO COMUNAL SIMON BOLIVAR 296 ESTADO MERIDA MUNICIPIO TULIO FEBRES CORDERO PARROQUIA MARÍA DE LA CONCEPCIÓN PALACIOS Y BLANCO',5,'','',''),(8324,'CONSEJO COMUNAL BRISAS DEL VALLE ESTADO MERIDA MUNICIPIO TULIO FEBRES CORDERO PARROQUIA MARÍA DE LA CONCEPCIÓN PALACIOS Y BLANCO',5,'','',''),(8325,'CONSEJO COMUNAL LA PICA LA CRUZ DE LA MISION ESTADO MERIDA MUNICIPIO TULIO FEBRES CORDERO PARROQUIA MARÍA DE LA CONCEPCIÓN PALACIOS Y BLANCO',5,'','',''),(8326,'CONSEJO COMUNAL LAS TRINCHERAS ESTADO MERIDA MUNICIPIO TULIO FEBRES CORDERO PARROQUIA MARÍA DE LA CONCEPCIÓN PALACIOS Y BLANCO',5,'','',''),(8327,'CONSEJO COMUNAL LOS MANANTIALES ESTADO MERIDA MUNICIPIO TULIO FEBRES CORDERO PARROQUIA MARÍA DE LA CONCEPCIÓN PALACIOS Y BLANCO',5,'','',''),(8328,'CONSEJO COMUNAL CAPIU  LA PICA ALTA ESTADO MERIDA MUNICIPIO TULIO FEBRES CORDERO PARROQUIA MARÍA DE LA CONCEPCIÓN PALACIOS Y BLANCO',5,'','',''),(8329,'CONSEJO COMUNAL COLON DE JULIO ESTADO MERIDA MUNICIPIO TULIO FEBRES CORDERO PARROQUIA MARÍA DE LA CONCEPCIÓN PALACIOS Y BLANCO',5,'','',''),(8330,'CONSEJO COMUNAL LA PICA I ESTADO MERIDA MUNICIPIO TULIO FEBRES CORDERO PARROQUIA MARÍA DE LA CONCEPCIÓN PALACIOS Y BLANCO',5,'','',''),(8331,'CONSEJO COMUNAL MESA BONITA ALTA ESTADO MERIDA MUNICIPIO TULIO FEBRES CORDERO PARROQUIA MARÍA DE LA CONCEPCIÓN PALACIOS Y BLANCO',5,'','',''),(8332,'CONSEJO COMUNAL LAS VIRTUDES ESTADO MERIDA MUNICIPIO TULIO FEBRES CORDERO PARROQUIA MARÍA DE LA CONCEPCIÓN PALACIOS Y BLANCO',5,'','',''),(8333,'CONSEJO COMUNAL LA COROMOTO ESTADO MERIDA MUNICIPIO TULIO FEBRES CORDERO PARROQUIA MARÍA DE LA CONCEPCIÓN PALACIOS Y BLANCO',5,'','',''),(8334,'CONSEJO COMUNAL DOÑA HILDA DE LAS MERCEDES ESTADO MERIDA MUNICIPIO TULIO FEBRES CORDERO PARROQUIA MARÍA DE LA CONCEPCIÓN PALACIOS Y BLANCO',5,'','',''),(8335,'CONSEJO COMUNAL LOS POCITOS ESTADO MERIDA MUNICIPIO TULIO FEBRES CORDERO PARROQUIA MARÍA DE LA CONCEPCIÓN PALACIOS Y BLANCO',5,'','',''),(8336,'CONSEJO COMUNAL PUEBLO NUEVO 4 ESTADO MERIDA MUNICIPIO TULIO FEBRES CORDERO PARROQUIA MARÍA DE LA CONCEPCIÓN PALACIOS Y BLANCO',5,'','',''),(8337,'CONSEJO COMUNAL AGUA AZUL ESTADO MERIDA MUNICIPIO TULIO FEBRES CORDERO PARROQUIA MARÍA DE LA CONCEPCIÓN PALACIOS Y BLANCO',5,'','',''),(8338,'CONSEJO COMUNAL SAN MIGUEL FILO NEGRO BAJO ESTADO MERIDA MUNICIPIO TULIO FEBRES CORDERO PARROQUIA MARÍA DE LA CONCEPCIÓN PALACIOS Y BLANCO',5,'','',''),(8339,'CONSEJO COMUNAL ANTONIO JOSE DE SUCRE 2 ESTADO MERIDA MUNICIPIO TULIO FEBRES CORDERO PARROQUIA MARÍA DE LA CONCEPCIÓN PALACIOS Y BLANCO',5,'','',''),(8340,'CONSEJO COMUNAL ARIZONA ESTADO MERIDA MUNICIPIO TULIO FEBRES CORDERO PARROQUIA MARÍA DE LA CONCEPCIÓN PALACIOS Y BLANCO',5,'','',''),(8341,'CONSEJO COMUNAL LAS 3 R DE LA REVOLUCION BOLIVARIANA ESTADO MERIDA MUNICIPIO TULIO FEBRES CORDERO PARROQUIA SANTA APOLONIA',5,'','',''),(8342,'CONSEJO COMUNAL EL PEÑON ESTADO MERIDA MUNICIPIO TULIO FEBRES CORDERO PARROQUIA SANTA APOLONIA',5,'','',''),(8343,'CONSEJO COMUNAL RURALES III ESTADO MERIDA MUNICIPIO TULIO FEBRES CORDERO PARROQUIA SANTA APOLONIA',5,'','',''),(8344,'CONSEJO COMUNAL LAS MESAS ESTADO MERIDA MUNICIPIO TULIO FEBRES CORDERO PARROQUIA SANTA APOLONIA',5,'','',''),(8345,'CONSEJO COMUNAL LA PUEBLITA LAS RURALES ESTADO MERIDA MUNICIPIO TULIO FEBRES CORDERO PARROQUIA SANTA APOLONIA',5,'','',''),(8346,'CONSEJO COMUNAL CACUTE I ESTADO MERIDA MUNICIPIO TULIO FEBRES CORDERO PARROQUIA SANTA APOLONIA',5,'','',''),(8347,'CONSEJO COMUNAL PUEBLO NUEVO III ESTADO MERIDA MUNICIPIO TULIO FEBRES CORDERO PARROQUIA SANTA APOLONIA',5,'','',''),(8348,'CONSEJO COMUNAL MONTE AVENTINO II ESTADO MERIDA MUNICIPIO TULIO FEBRES CORDERO PARROQUIA SANTA APOLONIA',5,'','',''),(8349,'CONSEJO COMUNAL SANTO DOMINGO ESTADO MERIDA MUNICIPIO TULIO FEBRES CORDERO PARROQUIA SANTA APOLONIA',5,'','',''),(8350,'CONSEJO COMUNAL LA PUEBLITA PRINCIPAL ESTADO MERIDA MUNICIPIO TULIO FEBRES CORDERO PARROQUIA SANTA APOLONIA',5,'','',''),(8351,'CONSEJO COMUNAL LA PALMA I ESTADO MERIDA MUNICIPIO TULIO FEBRES CORDERO PARROQUIA SANTA APOLONIA',5,'','',''),(8352,'CONSEJO COMUNAL MONTE AVENTINO I ESTADO MERIDA MUNICIPIO TULIO FEBRES CORDERO PARROQUIA SANTA APOLONIA',5,'','',''),(8353,'CONSEJO COMUNAL VEGA 2 ESTADO MERIDA MUNICIPIO TULIO FEBRES CORDERO PARROQUIA SANTA APOLONIA',5,'','',''),(8354,'CONSEJO COMUNAL SAN JOSE DE LA CAÑADA ESTADO MERIDA MUNICIPIO TULIO FEBRES CORDERO PARROQUIA SANTA APOLONIA',5,'','',''),(8355,'CONSEJO COMUNAL LA MILAGROSA ESTADO MERIDA MUNICIPIO TULIO FEBRES CORDERO PARROQUIA SANTA APOLONIA',5,'','',''),(8356,'CONSEJO COMUNAL LA VEGA I ESTADO MERIDA MUNICIPIO TULIO FEBRES CORDERO PARROQUIA SANTA APOLONIA',5,'','',''),(8357,'CONSEJO COMUNAL LA LOMITA ESTADO MERIDA MUNICIPIO TULIO FEBRES CORDERO PARROQUIA SANTA APOLONIA',5,'','',''),(8358,'CONSEJO COMUNAL CAMPO ALEGRE ESTADO MERIDA MUNICIPIO TULIO FEBRES CORDERO PARROQUIA SANTA APOLONIA',5,'','',''),(8359,'CONSEJO COMUNAL EL RON ESTADO MERIDA MUNICIPIO TULIO FEBRES CORDERO PARROQUIA SANTA APOLONIA',5,'','',''),(8360,'CONSEJO COMUNAL LA LOMA ESTADO MERIDA MUNICIPIO TULIO FEBRES CORDERO PARROQUIA SANTA APOLONIA',5,'','',''),(8361,'CONSEJO COMUNAL SANTA APOLONIA ESTADO MERIDA MUNICIPIO TULIO FEBRES CORDERO PARROQUIA SANTA APOLONIA',5,'','',''),(8362,'CONSEJO COMUNAL VISTA HERMOSA ESTADO MERIDA MUNICIPIO TULIO FEBRES CORDERO PARROQUIA NUEVA BOLIVIA',5,'','',''),(8363,'CONSEJO COMUNAL LA IGUALDAD ESTADO MERIDA MUNICIPIO TULIO FEBRES CORDERO PARROQUIA NUEVA BOLIVIA',5,'','',''),(8364,'CONSEJO COMUNAL EL RIO DE TULIO FEBRES CORDERO ESTADO MERIDA MUNICIPIO TULIO FEBRES CORDERO PARROQUIA NUEVA BOLIVIA',5,'','',''),(8365,'CONSEJO COMUNAL LA SANJITA ESTADO MERIDA MUNICIPIO TULIO FEBRES CORDERO PARROQUIA NUEVA BOLIVIA',5,'','',''),(8366,'CONSEJO COMUNAL LAS ACACIAS ESTADO MERIDA MUNICIPIO TULIO FEBRES CORDERO PARROQUIA NUEVA BOLIVIA',5,'','',''),(8367,'CONSEJO COMUNAL EL CARRIZAL ESTADO MERIDA MUNICIPIO TULIO FEBRES CORDERO PARROQUIA NUEVA BOLIVIA',5,'','',''),(8368,'CONSEJO COMUNAL TOMAS CASTELAO ESTADO MERIDA MUNICIPIO TULIO FEBRES CORDERO PARROQUIA NUEVA BOLIVIA',5,'','',''),(8369,'CONSEJO COMUNAL EL KAIRO ESTADO MERIDA MUNICIPIO TULIO FEBRES CORDERO PARROQUIA NUEVA BOLIVIA',5,'','',''),(8370,'CONSEJO COMUNAL AMOR AL PROJIMO ESTADO MERIDA MUNICIPIO TULIO FEBRES CORDERO PARROQUIA NUEVA BOLIVIA',5,'','',''),(8371,'CONSEJO COMUNAL VALLE GRANDE PARTE ALTA ESTADO MERIDA MUNICIPIO TULIO FEBRES CORDERO PARROQUIA NUEVA BOLIVIA',5,'','',''),(8372,'CONSEJO COMUNAL BUENOS AIRES II ESTADO MERIDA MUNICIPIO TULIO FEBRES CORDERO PARROQUIA NUEVA BOLIVIA',5,'','',''),(8373,'CONSEJO COMUNAL CAPIU PARTE ALTA LOS ROSALES ESTADO MERIDA MUNICIPIO TULIO FEBRES CORDERO PARROQUIA NUEVA BOLIVIA',5,'','',''),(8374,'CONSEJO COMUNAL VALLE GRANDE PARTE MEDIA PARTE III ESTADO MERIDA MUNICIPIO TULIO FEBRES CORDERO PARROQUIA NUEVA BOLIVIA',5,'','',''),(8375,'CONSEJO COMUNAL CAPIU LOS ROSALES ESTADO MERIDA MUNICIPIO TULIO FEBRES CORDERO PARROQUIA NUEVA BOLIVIA',5,'','',''),(8376,'CONSEJO COMUNAL SECTOR LA MACARENA ESTADO MERIDA MUNICIPIO TULIO FEBRES CORDERO PARROQUIA NUEVA BOLIVIA',5,'','',''),(8377,'CONSEJO COMUNAL URB NUEVA BOLIVIA ESTADO MERIDA MUNICIPIO TULIO FEBRES CORDERO PARROQUIA NUEVA BOLIVIA',5,'','',''),(8378,'CONSEJO COMUNAL SECTOR LAS DELICIAS ESTADO MERIDA MUNICIPIO TULIO FEBRES CORDERO PARROQUIA NUEVA BOLIVIA',5,'','',''),(8379,'CONSEJO COMUNAL VALLE HERMOSO ESTADO MERIDA MUNICIPIO TULIO FEBRES CORDERO PARROQUIA NUEVA BOLIVIA',5,'','',''),(8380,'CONSEJO COMUNAL LAS RURALES DE NUEVA BOLIVIA ESTADO MERIDA MUNICIPIO TULIO FEBRES CORDERO PARROQUIA NUEVA BOLIVIA',5,'','',''),(8381,'CONSEJO COMUNAL SAN RAFAEL ESTADO MERIDA MUNICIPIO TULIO FEBRES CORDERO PARROQUIA NUEVA BOLIVIA',5,'','',''),(8382,'CONSEJO COMUNAL CONSOLIDACION ESTADO MERIDA MUNICIPIO TULIO FEBRES CORDERO PARROQUIA NUEVA BOLIVIA',5,'','',''),(8383,'CONSEJO COMUNAL LA INMACULADA ESTADO MERIDA MUNICIPIO TULIO FEBRES CORDERO PARROQUIA NUEVA BOLIVIA',5,'','',''),(8384,'CONSEJO COMUNAL LA VICTORIA I ESTADO MERIDA MUNICIPIO TULIO FEBRES CORDERO PARROQUIA NUEVA BOLIVIA',5,'','',''),(8385,'CONSEJO COMUNAL FLORIDA PARTE ALTA ESTADO MERIDA MUNICIPIO TULIO FEBRES CORDERO PARROQUIA NUEVA BOLIVIA',5,'','',''),(8386,'CONSEJO COMUNAL EL LATINO ESTADO MERIDA MUNICIPIO TULIO FEBRES CORDERO PARROQUIA NUEVA BOLIVIA',5,'','',''),(8387,'CONSEJO COMUNAL 24 DE JULIO ESTADO MERIDA MUNICIPIO TULIO FEBRES CORDERO PARROQUIA NUEVA BOLIVIA',5,'','',''),(8388,'CONSEJO COMUNAL PUEBLO NUEVO I ESTADO MERIDA MUNICIPIO TULIO FEBRES CORDERO PARROQUIA NUEVA BOLIVIA',5,'','',''),(8389,'CONSEJO COMUNAL SIMON Y TULIO ESTADO MERIDA MUNICIPIO TULIO FEBRES CORDERO PARROQUIA NUEVA BOLIVIA',5,'','',''),(8390,'CONSEJO COMUNAL BOLIVAR 2000 ESTADO MERIDA MUNICIPIO TULIO FEBRES CORDERO PARROQUIA NUEVA BOLIVIA',5,'','',''),(8391,'CONSEJO COMUNAL MANUEL ARGUELLO ESTADO MERIDA MUNICIPIO TULIO FEBRES CORDERO PARROQUIA NUEVA BOLIVIA',5,'','',''),(8392,'CONSEJO COMUNAL LA POPITA ALTA (VALLE VERDE) ESTADO MERIDA MUNICIPIO TULIO FEBRES CORDERO PARROQUIA NUEVA BOLIVIA',5,'','',''),(8393,'CONSEJO COMUNAL CAPIU DE TULIO FEBRES CORDERO ESTADO MERIDA MUNICIPIO TULIO FEBRES CORDERO PARROQUIA NUEVA BOLIVIA',5,'','',''),(8394,'CONSEJO COMUNAL FLORIDA PARTE BAJA PANAMERICANA ESTADO MERIDA MUNICIPIO TULIO FEBRES CORDERO PARROQUIA NUEVA BOLIVIA',5,'','',''),(8395,'CONSEJO COMUNAL LA POPITA ABAJO ESTADO MERIDA MUNICIPIO TULIO FEBRES CORDERO PARROQUIA NUEVA BOLIVIA',5,'','',''),(8396,'CONSEJO COMUNAL SAN BENITO ESTADO MERIDA MUNICIPIO TULIO FEBRES CORDERO PARROQUIA NUEVA BOLIVIA',5,'','',''),(8397,'CONSEJO COMUNAL FRANCISCO DE MIRANDA ESTADO MERIDA MUNICIPIO TULIO FEBRES CORDERO PARROQUIA NUEVA BOLIVIA',5,'','',''),(8398,'CONSEJO COMUNAL LA MACARENA PARTE ALTA ESTADO MERIDA MUNICIPIO TULIO FEBRES CORDERO PARROQUIA NUEVA BOLIVIA',5,'','',''),(8399,'CONSEJO COMUNAL LA FLOR DE LA REVOLUCION NUMERO 1 ESTADO MERIDA MUNICIPIO TULIO FEBRES CORDERO PARROQUIA NUEVA BOLIVIA',5,'','',''),(8400,'CONSEJO COMUNAL PUEBLO NUEVO II ESTADO MERIDA MUNICIPIO TULIO FEBRES CORDERO PARROQUIA NUEVA BOLIVIA',5,'','',''),(8401,'CONSEJO COMUNAL CALIDAD DE VIDA EN LA GESTION ESTADO MERIDA MUNICIPIO TULIO FEBRES CORDERO PARROQUIA NUEVA BOLIVIA',5,'','',''),(8402,'CONSEJO COMUNAL EL ASERRADERO DE NUEVA BOLIVIA ESTADO MERIDA MUNICIPIO TULIO FEBRES CORDERO PARROQUIA NUEVA BOLIVIA',5,'','',''),(8403,'CONSEJO COMUNAL LOS GIROS ESTADO MERIDA MUNICIPIO ZEA PARROQUIA ZEA',5,'','',''),(8404,'CONSEJO COMUNAL SANTA BARBARA ESTADO MERIDA MUNICIPIO ZEA PARROQUIA ZEA',5,'','',''),(8405,'CONSEJO COMUNAL EL PARAMITO ESTADO MERIDA MUNICIPIO ZEA PARROQUIA ZEA',5,'','',''),(8406,'CONSEJO COMUNAL PLAYON I ESTADO MERIDA MUNICIPIO ZEA PARROQUIA ZEA',5,'','',''),(8407,'CONSEJO COMUNAL SAN PEDRO ESTADO MERIDA MUNICIPIO ZEA PARROQUIA ZEA',5,'','',''),(8408,'CONSEJO COMUNAL PALMIRA SANTA ANA ESTADO MERIDA MUNICIPIO ZEA PARROQUIA ZEA',5,'','',''),(8409,'CONSEJO COMUNAL LA PLATINA ESTADO MERIDA MUNICIPIO ZEA PARROQUIA ZEA',5,'','',''),(8410,'CONSEJO COMUNAL PRUEBA3 ESTADO MERIDA MUNICIPIO ZEA PARROQUIA ZEA',5,'','',''),(8411,'CONSEJO COMUNAL MURMUQUENA ESTADO MERIDA MUNICIPIO ZEA PARROQUIA ZEA',5,'','',''),(8412,'CONSEJO COMUNAL URBANISMO CAÑO EL TIGRE I II ESTADO MERIDA MUNICIPIO ZEA PARROQUIA ZEA',5,'','',''),(8413,'CONSEJO COMUNAL LAS MALVINAS LAS RURALES ESTADO MERIDA MUNICIPIO ZEA PARROQUIA ZEA',5,'','',''),(8414,'CONSEJO COMUNAL LA VARITA ESTADO MERIDA MUNICIPIO ZEA PARROQUIA ZEA',5,'','',''),(8415,'CONSEJO COMUNAL LAS CULEBRAS LA VEGA ESTADO MERIDA MUNICIPIO ZEA PARROQUIA ZEA',5,'','',''),(8416,'CONSEJO COMUNAL PALMARITO ESTADO MERIDA MUNICIPIO ZEA PARROQUIA ZEA',5,'','',''),(8417,'CONSEJO COMUNAL SANTA BARBARA ESTADO MERIDA MUNICIPIO ZEA PARROQUIA ZEA',5,'','',''),(8418,'CONSEJO COMUNAL SAN JOSE II ESTADO MERIDA MUNICIPIO ZEA PARROQUIA ZEA',5,'','',''),(8419,'CONSEJO COMUNAL COLINAS Y RURALES ESTADO MERIDA MUNICIPIO ZEA PARROQUIA ZEA',5,'','',''),(8420,'CONSEJO COMUNAL LOS CORALES ESTADO MERIDA MUNICIPIO ZEA PARROQUIA ZEA',5,'','',''),(8421,'CONSEJO COMUNAL CASCO URBANO DE ZEA ESTADO MERIDA MUNICIPIO ZEA PARROQUIA ZEA',5,'','',''),(8422,'CONSEJO COMUNAL SAN AGUSTIN ESTADO MERIDA MUNICIPIO ZEA PARROQUIA ZEA',5,'','',''),(8423,'CONSEJO COMUNAL SAN MIGUEL ESTADO MERIDA MUNICIPIO ZEA PARROQUIA ZEA',5,'','',''),(8424,'CONSEJO COMUNAL SAN JOSE EL FILO LA CALERA PARTE ALTA Y BAJO KM 5 ESTADO MERIDA MUNICIPIO ZEA PARROQUIA ZEA',5,'','',''),(8425,'CONSEJO COMUNAL LAS COCUIZAS ESTADO MERIDA MUNICIPIO ZEA PARROQUIA ZEA',5,'','',''),(8426,'CONSEJO COMUNAL AGUA LINDA CAMPO ALEGRE ESTADO MERIDA MUNICIPIO ZEA PARROQUIA ZEA',5,'','',''),(8427,'CONSEJO COMUNAL DOCTOR JOSE RAMON VEGA ESTADO MERIDA MUNICIPIO ZEA PARROQUIA ZEA',5,'','',''),(8428,'CONSEJO COMUNAL LAS MESAS DE SANTA RITA ESTADO MERIDA MUNICIPIO ZEA PARROQUIA ZEA',5,'','',''),(8429,'CONSEJO COMUNAL LA FLORIDA  ESTADO MERIDA MUNICIPIO ZEA PARROQUIA ZEA',5,'','',''),(8430,'CONSEJO COMUNAL CASA BLANCA ESTADO MERIDA MUNICIPIO ZEA PARROQUIA CAÑO TIGRE',5,'','',''),(8431,'CONSEJO COMUNAL CAÑO EL TIGRE PARTE ALTA ESTADO MERIDA MUNICIPIO ZEA PARROQUIA CAÑO TIGRE',5,'','',''),(8432,'CONSEJO COMUNAL LA CUCHILLA DEL NIÑO ESTADO MERIDA MUNICIPIO ZEA PARROQUIA CAÑO TIGRE',5,'','',''),(8433,'CONSEJO COMUNAL LA NUEVA INTEGRACION ESTADO MERIDA MUNICIPIO ZEA PARROQUIA CAÑO TIGRE',5,'','',''),(8434,'CONSEJO COMUNAL LA LAPA ESTADO MERIDA MUNICIPIO ZEA PARROQUIA CAÑO TIGRE',5,'','',''),(8435,'CONSEJO COMUNAL CAMINO VIEJO ESTADO MERIDA MUNICIPIO ZEA PARROQUIA CAÑO TIGRE',5,'','',''),(8436,'CONSEJO COMUNAL LAS RURALES BICENTENARIO ESTADO MERIDA MUNICIPIO ZEA PARROQUIA CAÑO TIGRE',5,'','',''),(8437,'CONSEJO COMUNAL EL BOSQUE CAÑO EL TIGRE ESTADO MERIDA MUNICIPIO ZEA PARROQUIA CAÑO TIGRE',5,'','','');
/*!40000 ALTER TABLE `objetos` ENABLE KEYS */;
UNLOCK TABLES;

--
-- Table structure for table `objetotipos`
--

DROP TABLE IF EXISTS `objetotipos`;
/*!40101 SET @saved_cs_client     = @@character_set_client */;
/*!40101 SET character_set_client = utf8 */;
CREATE TABLE `objetotipos` (
  `id` int(11) NOT NULL AUTO_INCREMENT,
  `denominacion` varchar(200) COLLATE utf8_spanish_ci NOT NULL,
  PRIMARY KEY (`id`)
) ENGINE=InnoDB AUTO_INCREMENT=7 DEFAULT CHARSET=utf8 COLLATE=utf8_spanish_ci;
/*!40101 SET character_set_client = @saved_cs_client */;

--
-- Dumping data for table `objetotipos`
--

LOCK TABLES `objetotipos` WRITE;
/*!40000 ALTER TABLE `objetotipos` DISABLE KEYS */;
INSERT INTO `objetotipos` VALUES (1,'Órgano'),(2,'Ente'),(3,'Programa'),(4,'Proyecto o Actividad'),(5,'Consejo Comunal'),(6,'Otra');
/*!40000 ALTER TABLE `objetotipos` ENABLE KEYS */;
UNLOCK TABLES;

--
-- Table structure for table `operaciones`
--

DROP TABLE IF EXISTS `operaciones`;
/*!40101 SET @saved_cs_client     = @@character_set_client */;
/*!40101 SET character_set_client = utf8 */;
CREATE TABLE `operaciones` (
  `id` int(11) NOT NULL AUTO_INCREMENT,
  `actuacionesfiscale_id` int(11) NOT NULL,
  `evento_id` int(11) NOT NULL,
  `fremite_id` int(11) NOT NULL,
  `frecibe_id` int(11) NOT NULL,
  `fecha_remite` datetime DEFAULT NULL,
  `fecha_recibe` datetime DEFAULT NULL,
  `es_recibido` tinyint(1) DEFAULT '0',
  `observaciones` text COLLATE utf8_spanish_ci,
  `eventualidadtipo_id` int(11) DEFAULT NULL,
  PRIMARY KEY (`id`),
  KEY `fk_actuacionesfiscales_has_eventos_eventos1_idx` (`evento_id`),
  KEY `fk_actuacionesfiscales_has_eventos_actuacionesfiscales1_idx` (`actuacionesfiscale_id`),
  KEY `fk_actuacionesfiscales_eventos_funcionarios1_idx` (`fremite_id`),
  KEY `fk_actuacionesfiscales_eventos_funcionarios2_idx` (`frecibe_id`),
  KEY `fk_operaciones_eventualidadtipos1_idx` (`eventualidadtipo_id`),
  CONSTRAINT `fk_actuacionesfiscales_eventos_funcionarios1` FOREIGN KEY (`fremite_id`) REFERENCES `funcionarios` (`id`) ON DELETE CASCADE ON UPDATE CASCADE,
  CONSTRAINT `fk_actuacionesfiscales_eventos_funcionarios2` FOREIGN KEY (`frecibe_id`) REFERENCES `funcionarios` (`id`) ON DELETE CASCADE ON UPDATE CASCADE,
  CONSTRAINT `fk_actuacionesfiscales_has_eventos_actuacionesfiscales1` FOREIGN KEY (`actuacionesfiscale_id`) REFERENCES `actuacionesfiscales` (`id`) ON DELETE CASCADE ON UPDATE CASCADE,
  CONSTRAINT `fk_operaciones_eventualidadtipos1` FOREIGN KEY (`eventualidadtipo_id`) REFERENCES `eventualidadtipos` (`id`) ON DELETE CASCADE ON UPDATE CASCADE
) ENGINE=InnoDB AUTO_INCREMENT=3 DEFAULT CHARSET=utf8 COLLATE=utf8_spanish_ci;
/*!40101 SET character_set_client = @saved_cs_client */;

--
-- Dumping data for table `operaciones`
--

LOCK TABLES `operaciones` WRITE;
/*!40000 ALTER TABLE `operaciones` DISABLE KEYS */;
/*!40000 ALTER TABLE `operaciones` ENABLE KEYS */;
UNLOCK TABLES;

--
-- Table structure for table `parametros`
--

DROP TABLE IF EXISTS `parametros`;
/*!40101 SET @saved_cs_client     = @@character_set_client */;
/*!40101 SET character_set_client = utf8 */;
CREATE TABLE `parametros` (
  `id` int(11) NOT NULL AUTO_INCREMENT,
  `name` text COLLATE utf8_spanish_ci NOT NULL,
  `value` text COLLATE utf8_spanish_ci NOT NULL,
  `description` text COLLATE utf8_spanish_ci,
  PRIMARY KEY (`id`)
) ENGINE=InnoDB AUTO_INCREMENT=2 DEFAULT CHARSET=utf8 COLLATE=utf8_spanish_ci;
/*!40101 SET character_set_client = @saved_cs_client */;

--
-- Dumping data for table `parametros`
--

LOCK TABLES `parametros` WRITE;
/*!40000 ALTER TABLE `parametros` DISABLE KEYS */;
INSERT INTO `parametros` VALUES (1,'numero_af','04-14-00',NULL);
/*!40000 ALTER TABLE `parametros` ENABLE KEYS */;
UNLOCK TABLES;

--
-- Table structure for table `prorrogas`
--

DROP TABLE IF EXISTS `prorrogas`;
/*!40101 SET @saved_cs_client     = @@character_set_client */;
/*!40101 SET character_set_client = utf8 */;
CREATE TABLE `prorrogas` (
  `id` int(11) NOT NULL AUTO_INCREMENT,
  `fecha_solicitud` datetime NOT NULL,
  `fecha_verificacion` datetime DEFAULT NULL,
  `ndias` int(2) NOT NULL,
  `asunto` text COLLATE utf8_spanish_ci NOT NULL,
  `observaciones` text COLLATE utf8_spanish_ci,
  `es_aprobada` varchar(1) COLLATE utf8_spanish_ci NOT NULL DEFAULT '2',
  `nota` text COLLATE utf8_spanish_ci,
  `solicita_id` int(11) NOT NULL,
  `aprueba_id` int(11) NOT NULL DEFAULT '3',
  `actuacionesfiscale_id` int(11) NOT NULL,
  `fase_id` int(11) NOT NULL,
  PRIMARY KEY (`id`),
  KEY `fk_prorrogas_funcionarios1_idx` (`solicita_id`),
  KEY `fk_prorrogas_funcionarios2_idx` (`aprueba_id`),
  KEY `fk_prorrogas_actuacionesfiscales1_idx` (`actuacionesfiscale_id`),
  KEY `fk_prorrogas_fases1_idx` (`fase_id`),
  CONSTRAINT `fk_prorrogas_actuacionesfiscales1` FOREIGN KEY (`actuacionesfiscale_id`) REFERENCES `actuacionesfiscales` (`id`) ON DELETE CASCADE ON UPDATE CASCADE,
  CONSTRAINT `fk_prorrogas_fases1` FOREIGN KEY (`fase_id`) REFERENCES `fases` (`id`) ON DELETE NO ACTION ON UPDATE NO ACTION,
  CONSTRAINT `fk_prorrogas_funcionarios1` FOREIGN KEY (`solicita_id`) REFERENCES `funcionarios` (`id`) ON DELETE CASCADE ON UPDATE CASCADE,
  CONSTRAINT `fk_prorrogas_funcionarios2` FOREIGN KEY (`aprueba_id`) REFERENCES `funcionarios` (`id`) ON DELETE CASCADE ON UPDATE CASCADE
) ENGINE=InnoDB DEFAULT CHARSET=utf8 COLLATE=utf8_spanish_ci;
/*!40101 SET character_set_client = @saved_cs_client */;

--
-- Dumping data for table `prorrogas`
--

LOCK TABLES `prorrogas` WRITE;
/*!40000 ALTER TABLE `prorrogas` DISABLE KEYS */;
/*!40000 ALTER TABLE `prorrogas` ENABLE KEYS */;
UNLOCK TABLES;

--
-- Table structure for table `users`
--

DROP TABLE IF EXISTS `users`;
/*!40101 SET @saved_cs_client     = @@character_set_client */;
/*!40101 SET character_set_client = utf8 */;
CREATE TABLE `users` (
  `id` int(11) NOT NULL AUTO_INCREMENT,
  `username` varchar(255) COLLATE utf8_spanish_ci NOT NULL,
  `password` char(40) COLLATE utf8_spanish_ci NOT NULL,
  `group_id` int(11) NOT NULL,
  `created` datetime DEFAULT NULL,
  `modified` datetime DEFAULT NULL,
  `funcionario_id` int(11) NOT NULL,
  `bloqueado` tinyint(1) DEFAULT '0',
  PRIMARY KEY (`id`),
  UNIQUE KEY `username` (`username`),
  KEY `fk_users_groups1_idx` (`group_id`),
  KEY `fk_users_funcionarios1_idx` (`funcionario_id`),
  CONSTRAINT `fk_users_funcionarios1` FOREIGN KEY (`funcionario_id`) REFERENCES `funcionarios` (`id`) ON DELETE CASCADE ON UPDATE CASCADE,
  CONSTRAINT `fk_users_groups1` FOREIGN KEY (`group_id`) REFERENCES `groups` (`id`) ON DELETE CASCADE ON UPDATE CASCADE
) ENGINE=InnoDB AUTO_INCREMENT=46 DEFAULT CHARSET=utf8 COLLATE=utf8_spanish_ci;
/*!40101 SET character_set_client = @saved_cs_client */;

--
-- Dumping data for table `users`
--

LOCK TABLES `users` WRITE;
/*!40000 ALTER TABLE `users` DISABLE KEYS */;
INSERT INTO `users` VALUES (1,'admin','2de9d5671c692421ddb04f33e666a70783c2a23f',1,'2013-04-12 10:23:15','2013-06-12 15:56:00',8,0),(3,'richardg','2de9d5671c692421ddb04f33e666a70783c2a23f',1,'2013-04-18 08:13:57','2013-06-28 08:43:12',1,0),(4,'zaidau','2de9d5671c692421ddb04f33e666a70783c2a23f',7,'2013-04-22 13:51:56','2013-07-01 15:55:49',55,0),(5,'coylua','2de9d5671c692421ddb04f33e666a70783c2a23f',3,'2013-04-23 11:00:38','2013-07-01 15:53:53',52,0),(6,'horclemenr','2de9d5671c692421ddb04f33e666a70783c2a23f',3,'2013-04-23 11:00:51','2013-10-03 08:36:01',29,0),(7,'javiere','2de9d5671c692421ddb04f33e666a70783c2a23f',2,'2013-04-23 11:01:02','2013-10-03 11:09:02',2,0),(8,'frankf','2de9d5671c692421ddb04f33e666a70783c2a23f',7,'2013-04-23 11:01:16','2013-10-03 11:08:49',51,0),(9,'jorgep','2de9d5671c692421ddb04f33e666a70783c2a23f',8,'2013-04-23 11:01:32','2013-07-01 17:27:45',3,0),(11,'mirlenyp','2de9d5671c692421ddb04f33e666a70783c2a23f',4,'2013-06-28 08:52:24','2013-07-01 15:54:56',44,0),(12,'milagroa','2de9d5671c692421ddb04f33e666a70783c2a23f',5,'2013-06-28 08:52:46','2013-07-01 15:55:05',15,0),(13,'belkism','2de9d5671c692421ddb04f33e666a70783c2a23f',5,'2013-06-28 08:53:02','2013-07-01 15:55:37',16,0),(14,'silelyp','2de9d5671c692421ddb04f33e666a70783c2a23f',5,'2013-07-01 16:49:04','2013-07-01 16:49:04',17,0),(15,'maireliss','2de9d5671c692421ddb04f33e666a70783c2a23f',5,'2013-07-01 16:49:24','2013-07-01 16:49:24',18,0),(16,'mireyae','2de9d5671c692421ddb04f33e666a70783c2a23f',5,'2013-07-01 16:49:45','2013-07-01 16:49:45',19,0),(17,'noemim','2de9d5671c692421ddb04f33e666a70783c2a23f',4,'2013-07-01 16:50:45','2013-07-01 16:50:45',28,0),(18,'mariaa','2de9d5671c692421ddb04f33e666a70783c2a23f',4,'2013-07-01 16:59:38','2013-07-01 16:59:38',33,0),(20,'yeseniav','2de9d5671c692421ddb04f33e666a70783c2a23f',4,'2013-07-01 17:17:31','2013-07-01 17:17:31',30,0),(21,'auraq','2de9d5671c692421ddb04f33e666a70783c2a23f',4,'2013-07-01 17:18:10','2013-07-01 17:18:10',31,0),(22,'lisetr','2de9d5671c692421ddb04f33e666a70783c2a23f',4,'2013-07-01 17:18:25','2013-07-01 17:18:25',32,0),(23,'milagrosa','2de9d5671c692421ddb04f33e666a70783c2a23f',4,'2013-07-01 17:18:48','2013-07-01 17:18:48',34,0),(24,'karyu','2de9d5671c692421ddb04f33e666a70783c2a23f',4,'2013-07-01 17:19:18','2013-07-01 17:19:18',35,0),(25,'franciscoj','2de9d5671c692421ddb04f33e666a70783c2a23f',4,'2013-07-01 17:19:36','2013-07-01 17:19:36',36,0),(26,'felipeg','2de9d5671c692421ddb04f33e666a70783c2a23f',4,'2013-07-01 17:19:57','2013-07-01 17:19:57',37,0),(27,'aurac','2de9d5671c692421ddb04f33e666a70783c2a23f',4,'2013-07-01 17:20:12','2013-07-01 17:20:12',39,0),(28,'joseu','2de9d5671c692421ddb04f33e666a70783c2a23f',4,'2013-07-01 17:20:25','2013-07-01 17:20:25',40,0),(29,'neidam','2de9d5671c692421ddb04f33e666a70783c2a23f',4,'2013-07-01 17:20:38','2013-07-01 17:20:38',41,0),(30,'joselynm','2de9d5671c692421ddb04f33e666a70783c2a23f',4,'2013-07-01 17:20:57','2013-07-01 17:20:57',42,0),(31,'nancys','2de9d5671c692421ddb04f33e666a70783c2a23f',4,'2013-07-01 17:21:11','2013-07-01 17:21:11',43,0),(32,'carmene','2de9d5671c692421ddb04f33e666a70783c2a23f',4,'2013-07-01 17:21:24','2013-07-01 17:21:24',45,0),(33,'zaidar','2de9d5671c692421ddb04f33e666a70783c2a23f',4,'2013-07-01 17:21:40','2013-07-01 17:21:40',46,0),(34,'anad','2de9d5671c692421ddb04f33e666a70783c2a23f',4,'2013-07-01 17:21:53','2013-07-01 17:21:53',47,0),(35,'ernestoa','2de9d5671c692421ddb04f33e666a70783c2a23f',4,'2013-07-01 17:22:07','2013-07-01 17:22:07',48,0),(36,'josed','2de9d5671c692421ddb04f33e666a70783c2a23f',4,'2013-07-01 17:22:23','2013-07-01 17:22:23',49,0),(37,'bettyf','2de9d5671c692421ddb04f33e666a70783c2a23f',4,'2013-07-01 17:22:37','2013-07-01 17:22:37',50,0),(38,'rosarioc','2de9d5671c692421ddb04f33e666a70783c2a23f',9,'2013-10-02 15:41:01','2013-10-02 15:41:01',56,0),(39,'jennifferr','2de9d5671c692421ddb04f33e666a70783c2a23f',9,'2013-10-02 15:41:36','2013-10-02 15:41:36',57,0),(40,'lisbethc','2de9d5671c692421ddb04f33e666a70783c2a23f',9,'2013-10-02 15:41:52','2013-10-02 15:41:52',58,0),(41,'candiceb','2de9d5671c692421ddb04f33e666a70783c2a23f',9,'2013-10-02 15:42:08','2013-10-02 15:42:08',59,0),(42,'mariag','2de9d5671c692421ddb04f33e666a70783c2a23f',9,'2013-10-02 15:42:24','2013-10-02 15:42:24',60,0),(43,'marielag','2de9d5671c692421ddb04f33e666a70783c2a23f',9,'2013-10-02 15:42:41','2013-10-02 15:42:41',61,0);
/*!40000 ALTER TABLE `users` ENABLE KEYS */;
UNLOCK TABLES;
/*!40103 SET TIME_ZONE=@OLD_TIME_ZONE */;

/*!40101 SET SQL_MODE=@OLD_SQL_MODE */;
/*!40014 SET FOREIGN_KEY_CHECKS=@OLD_FOREIGN_KEY_CHECKS */;
/*!40014 SET UNIQUE_CHECKS=@OLD_UNIQUE_CHECKS */;
/*!40101 SET CHARACTER_SET_CLIENT=@OLD_CHARACTER_SET_CLIENT */;
/*!40101 SET CHARACTER_SET_RESULTS=@OLD_CHARACTER_SET_RESULTS */;
/*!40101 SET COLLATION_CONNECTION=@OLD_COLLATION_CONNECTION */;
/*!40111 SET SQL_NOTES=@OLD_SQL_NOTES */;

-- Dump completed on 2014-01-16 16:06:17
